_id,userInputs,userID,sessionID,stationID,spaceID,siteID,clusterID,connectionTime,disconnectTime,kWhDelivered,doneChargingTime,timezone
5cb673cbf9af8b4ced04ad98,"[{'userID': 1082, 'milesRequested': 40, 'WhPerMile': 400, 'minutesAvailable': 291, 'modifiedAt': 'Mon, 01 Apr 2019 02:12:18 GMT', 'paymentRequired': True, 'requestedDeparture': 'Mon, 01 Apr 2019 07:02:40 GMT', 'kWhRequested': 16.0}]",000001082,2_39_79_377_2019-04-01 02:11:39.943148,2-39-79-377,CA-325,0002,0039,2019-03-31 19:11:40-07:00,2019-03-31 23:32:48-07:00,2.236,2019-03-31 20:17:55-07:00,America/Los_Angeles
5cb673cbf9af8b4ced04ad99,"[{'userID': 781, 'milesRequested': 20, 'WhPerMile': 357, 'minutesAvailable': 52, 'modifiedAt': 'Mon, 01 Apr 2019 02:34:14 GMT', 'paymentRequired': True, 'requestedDeparture': 'Mon, 01 Apr 2019 03:26:05 GMT', 'kWhRequested': 7.14}]",000000781,2_39_139_28_2019-04-01 02:34:04.961671,2-39-139-28,CA-303,0002,0039,2019-03-31 19:34:05-07:00,2019-03-31 21:39:32-07:00,7.027,2019-03-31 21:37:41-07:00,America/Los_Angeles
5cb673cbf9af8b4ced04ad9a,"[{'userID': 489, 'milesRequested': 200, 'WhPerMile': 500, 'minutesAvailable': 535, 'modifiedAt': 'Mon, 01 Apr 2019 04:13:00 GMT', 'paymentRequired': True, 'requestedDeparture': 'Mon, 01 Apr 2019 13:07:23 GMT', 'kWhRequested': 100.0}, {'userID': 489, 'milesRequested': 200, 'WhPerMile': 500, 'minutesAvailable': 493, 'modifiedAt': 'Mon, 01 Apr 2019 04:13:06 GMT', 'paymentRequired': True, 'requestedDeparture': 'Mon, 01 Apr 2019 12:25:23 GMT', 'kWhRequested': 100.0}]",000000489,2_39_131_30_2019-04-01 04:12:22.668145,2-39-131-30,CA-305,0002,0039,2019-03-31 21:12:23-07:00,2019-04-01 08:33:16-07:00,43.699,2019-04-01 03:52:49-07:00,America/Los_Angeles
5cb7c521f9af8b50839305be,"[{'userID': 560, 'milesRequested': 80, 'WhPerMile': 273, 'minutesAvailable': 291, 'modifiedAt': 'Mon, 01 Apr 2019 13:47:42 GMT', 'paymentRequired': True, 'requestedDeparture': 'Mon, 01 Apr 2019 18:36:15 GMT', 'kWhRequested': 21.84}]",000000560,2_39_88_24_2019-04-01 13:45:15.046490,2-39-88-24,CA-314,0002,0039,2019-04-01 06:45:15-07:00,2019-04-01 14:51:25-07:00,19.19,2019-04-01 10:25:40-07:00,America/Los_Angeles
5cb7c521f9af8b50839305bf,"[{'userID': 569, 'milesRequested': 90, 'WhPerMile': 300, 'minutesAvailable': 529, 'modifiedAt': 'Mon, 01 Apr 2019 14:19:56 GMT', 'paymentRequired': True, 'requestedDeparture': 'Mon, 01 Apr 2019 23:08:51 GMT', 'kWhRequested': 27.0}]",000000569,2_39_78_366_2019-04-01 14:19:51.094877,2-39-78-366,CA-323,0002,0039,2019-04-01 07:19:51-07:00,2019-04-01 08:48:01-07:00,9.832,2019-04-01 08:47:56-07:00,America/Los_Angeles
5cb7c521f9af8b50839305c0,"[{'userID': 1470, 'milesRequested': 70, 'WhPerMile': 292, 'minutesAvailable': 390, 'modifiedAt': 'Mon, 01 Apr 2019 15:25:24 GMT', 'paymentRequired': True, 'requestedDeparture': 'Mon, 01 Apr 2019 21:55:06 GMT', 'kWhRequested': 20.44}]",000001470,2_39_78_365_2019-04-01 15:25:05.955450,2-39-78-365,CA-321,0002,0039,2019-04-01 08:25:06-07:00,2019-04-01 11:46:32-07:00,16.488,2019-04-01 11:47:29-07:00,America/Los_Angeles
5cb7c521f9af8b50839305c1,"[{'userID': 562, 'milesRequested': 20, 'WhPerMile': 300, 'minutesAvailable': 211, 'modifiedAt': 'Mon, 01 Apr 2019 15:32:59 GMT', 'paymentRequired': True, 'requestedDeparture': 'Mon, 01 Apr 2019 19:03:14 GMT', 'kWhRequested': 6.0}]",000000562,2_39_139_28_2019-04-01 15:32:14.161521,2-39-139-28,CA-303,0002,0039,2019-04-01 08:32:14-07:00,2019-04-01 13:16:49-07:00,4.444,2019-04-01 09:57:40-07:00,America/Los_Angeles
5cb7c521f9af8b50839305c2,"[{'userID': 712, 'milesRequested': 40, 'WhPerMile': 600, 'minutesAvailable': 476, 'modifiedAt': 'Mon, 01 Apr 2019 15:36:48 GMT', 'paymentRequired': True, 'requestedDeparture': 'Mon, 01 Apr 2019 23:32:41 GMT', 'kWhRequested': 24.0}]",000000712,2_39_131_30_2019-04-01 15:36:40.966759,2-39-131-30,CA-305,0002,0039,2019-04-01 08:36:41-07:00,2019-04-01 18:01:43-07:00,12.2,2019-04-01 12:12:02-07:00,America/Los_Angeles
5cb7c521f9af8b50839305c3,"[{'userID': 559, 'milesRequested': 50, 'WhPerMile': 313, 'minutesAvailable': 434, 'modifiedAt': 'Mon, 01 Apr 2019 15:57:41 GMT', 'paymentRequired': True, 'requestedDeparture': 'Mon, 01 Apr 2019 23:11:28 GMT', 'kWhRequested': 15.65}]",000000559,2_39_79_379_2019-04-01 15:57:28.175013,2-39-79-379,CA-327,0002,0039,2019-04-01 08:57:28-07:00,2019-04-01 17:16:53-07:00,9.978,2019-04-01 12:10:29-07:00,America/Los_Angeles
5cb7c521f9af8b50839305c4,"[{'userID': 579, 'milesRequested': 200, 'WhPerMile': 525, 'minutesAvailable': 482, 'modifiedAt': 'Mon, 01 Apr 2019 16:05:48 GMT', 'paymentRequired': True, 'requestedDeparture': 'Tue, 02 Apr 2019 00:07:40 GMT', 'kWhRequested': 105.0}]",000000579,2_39_79_376_2019-04-01 16:05:40.236156,2-39-79-376,CA-324,0002,0039,2019-04-01 09:05:40-07:00,2019-04-01 17:11:33-07:00,47.229,2019-04-01 16:53:49-07:00,America/Los_Angeles
5cb7c521f9af8b50839305c5,,,2_39_79_382_2019-04-01 16:16:03.463213,2-39-79-382,CA-491,0002,0039,2019-04-01 09:16:03-07:00,2019-04-01 16:56:36-07:00,0.837,2019-04-01 09:46:20-07:00,America/Los_Angeles
5cb7c521f9af8b50839305c6,"[{'userID': 714, 'milesRequested': 90, 'WhPerMile': 200, 'minutesAvailable': 364, 'modifiedAt': 'Mon, 01 Apr 2019 16:19:25 GMT', 'paymentRequired': True, 'requestedDeparture': 'Mon, 01 Apr 2019 22:22:45 GMT', 'kWhRequested': 18.0}]",000000714,2_39_79_380_2019-04-01 16:18:44.803679,2-39-79-380,CA-489,0002,0039,2019-04-01 09:18:45-07:00,2019-04-01 18:05:49-07:00,7.615,2019-04-01 10:50:45-07:00,America/Los_Angeles
5cb7c521f9af8b50839305c7,"[{'userID': 743, 'milesRequested': 20, 'WhPerMile': 400, 'minutesAvailable': 516, 'modifiedAt': 'Mon, 01 Apr 2019 16:20:50 GMT', 'paymentRequired': True, 'requestedDeparture': 'Tue, 02 Apr 2019 00:56:35 GMT', 'kWhRequested': 8.0}]",000000743,2_39_89_25_2019-04-01 16:20:35.484382,2-39-89-25,CA-315,0002,0039,2019-04-01 09:20:35-07:00,2019-04-01 18:34:27-07:00,3.767,2019-04-01 10:38:01-07:00,America/Los_Angeles
5cb7c521f9af8b50839305c8,,,2_39_95_27_2019-04-01 16:21:18.425884,2-39-95-27,CA-319,0002,0039,2019-04-01 09:21:18-07:00,2019-04-01 18:33:48-07:00,0.917,2019-04-01 16:23:33-07:00,America/Los_Angeles
5cb7c521f9af8b50839305c9,"[{'userID': 1534, 'milesRequested': 70, 'WhPerMile': 250, 'minutesAvailable': 378, 'modifiedAt': 'Mon, 01 Apr 2019 16:36:12 GMT', 'paymentRequired': True, 'requestedDeparture': 'Mon, 01 Apr 2019 22:52:05 GMT', 'kWhRequested': 17.5}]",000001534,2_39_124_558_2019-04-01 16:34:05.412669,2-39-124-558,CA-504,0002,0039,2019-04-01 09:34:05-07:00,2019-04-01 19:14:34-07:00,15.97,2019-04-01 14:26:21-07:00,America/Los_Angeles
5cb7c521f9af8b50839305ca,"[{'userID': 1526, 'milesRequested': 40, 'WhPerMile': 400, 'minutesAvailable': 473, 'modifiedAt': 'Mon, 01 Apr 2019 16:35:03 GMT', 'paymentRequired': True, 'requestedDeparture': 'Tue, 02 Apr 2019 00:28:01 GMT', 'kWhRequested': 16.0}]",000001526,2_39_78_364_2019-04-01 16:35:00.898016,2-39-78-364,CA-495,0002,0039,2019-04-01 09:35:01-07:00,2019-04-01 11:56:52-07:00,8.315,2019-04-01 11:56:51-07:00,America/Los_Angeles
5cb7c521f9af8b50839305cb,"[{'userID': 324, 'milesRequested': 20, 'WhPerMile': 600, 'minutesAvailable': 147, 'modifiedAt': 'Mon, 01 Apr 2019 16:36:54 GMT', 'paymentRequired': True, 'requestedDeparture': 'Mon, 01 Apr 2019 19:03:39 GMT', 'kWhRequested': 12.0}]",000000324,2_39_92_436_2019-04-01 16:36:39.019044,2-39-92-436,CA-318,0002,0039,2019-04-01 09:36:39-07:00,2019-04-01 19:51:59-07:00,1.63,2019-04-01 10:28:00-07:00,America/Los_Angeles
5cb7c521f9af8b50839305cc,"[{'userID': 676, 'milesRequested': 70, 'WhPerMile': 364, 'minutesAvailable': 473, 'modifiedAt': 'Mon, 01 Apr 2019 16:38:26 GMT', 'paymentRequired': True, 'requestedDeparture': 'Tue, 02 Apr 2019 00:30:53 GMT', 'kWhRequested': 25.48}]",000000676,2_39_124_22_2019-04-01 16:37:53.256149,2-39-124-22,CA-312,0002,0039,2019-04-01 09:37:53-07:00,2019-04-01 19:38:27-07:00,16.013,2019-04-01 14:24:42-07:00,America/Los_Angeles
5cb7c521f9af8b50839305cd,"[{'userID': 858, 'milesRequested': 20, 'WhPerMile': 400, 'minutesAvailable': 223, 'modifiedAt': 'Mon, 01 Apr 2019 16:39:02 GMT', 'paymentRequired': True, 'requestedDeparture': 'Mon, 01 Apr 2019 20:21:48 GMT', 'kWhRequested': 8.0}]",000000858,2_39_127_19_2019-04-01 16:38:48.027813,2-39-127-19,CA-309,0002,0039,2019-04-01 09:38:48-07:00,2019-04-01 16:47:09-07:00,5.337,2019-04-01 11:21:03-07:00,America/Los_Angeles
5cb7c521f9af8b50839305ce,"[{'userID': 620, 'milesRequested': 30, 'WhPerMile': 500, 'minutesAvailable': 417, 'modifiedAt': 'Mon, 01 Apr 2019 16:52:47 GMT', 'paymentRequired': True, 'requestedDeparture': 'Mon, 01 Apr 2019 23:49:11 GMT', 'kWhRequested': 15.0}]",000000620,2_39_130_564_2019-04-01 16:52:10.658234,2-39-130-564,CA-510,0002,0039,2019-04-01 09:52:11-07:00,2019-04-01 17:11:30-07:00,7.961,2019-04-01 12:29:25-07:00,America/Los_Angeles
5cb7c521f9af8b50839305cf,"[{'userID': 1481, 'milesRequested': 20, 'WhPerMile': 400, 'minutesAvailable': 61, 'modifiedAt': 'Mon, 01 Apr 2019 17:06:39 GMT', 'paymentRequired': True, 'requestedDeparture': 'Mon, 01 Apr 2019 17:54:17 GMT', 'kWhRequested': 8.0}]",000001481,2_39_128_18_2019-04-01 16:53:17.042576,2-39-128-18,CA-308,0002,0039,2019-04-01 09:53:17-07:00,2019-04-01 17:20:06-07:00,4.995,2019-04-01 11:31:20-07:00,America/Los_Angeles
5cb7c521f9af8b50839305d0,"[{'userID': 558, 'milesRequested': 70, 'WhPerMile': 200, 'minutesAvailable': 514, 'modifiedAt': 'Mon, 01 Apr 2019 16:56:01 GMT', 'paymentRequired': True, 'requestedDeparture': 'Tue, 02 Apr 2019 01:29:57 GMT', 'kWhRequested': 14.0}]",000000558,2_39_90_26_2019-04-01 16:55:56.664055,2-39-90-26,CA-316,0002,0039,2019-04-01 09:55:57-07:00,2019-04-01 19:13:33-07:00,13.098,2019-04-01 12:03:17-07:00,America/Los_Angeles
5cb7c521f9af8b50839305d1,,,2_39_125_21_2019-04-01 17:24:16.826653,2-39-125-21,CA-311,0002,0039,2019-04-01 10:24:17-07:00,2019-04-01 13:23:27-07:00,0.814,2019-04-01 12:18:10-07:00,America/Los_Angeles
5cb7c521f9af8b50839305d2,,,2_39_78_362_2019-04-01 18:34:27.172117,2-39-78-362,CA-496,0002,0039,2019-04-01 11:34:27-07:00,2019-04-01 17:01:51-07:00,0.988,2019-04-01 17:02:50-07:00,America/Los_Angeles
5cb7c521f9af8b50839305d3,"[{'userID': 1470, 'milesRequested': 70, 'WhPerMile': 292, 'minutesAvailable': 390, 'modifiedAt': 'Mon, 01 Apr 2019 18:47:29 GMT', 'paymentRequired': True, 'requestedDeparture': 'Tue, 02 Apr 2019 01:17:20 GMT', 'kWhRequested': 20.44}]",000001470,2_39_78_365_2019-04-01 18:47:19.542318,2-39-78-365,CA-321,0002,0039,2019-04-01 11:47:20-07:00,2019-04-01 17:00:06-07:00,2.448,2019-04-01 16:59:35-07:00,America/Los_Angeles
5cb7c521f9af8b50839305d4,"[{'userID': 1526, 'milesRequested': 40, 'WhPerMile': 400, 'minutesAvailable': 473, 'modifiedAt': 'Mon, 01 Apr 2019 22:07:57 GMT', 'paymentRequired': True, 'requestedDeparture': 'Tue, 02 Apr 2019 03:07:20 GMT', 'kWhRequested': 16.0}, {'userID': 1526, 'milesRequested': 20, 'WhPerMile': 400, 'minutesAvailable': 295, 'modifiedAt': 'Mon, 01 Apr 2019 22:09:21 GMT', 'paymentRequired': True, 'requestedDeparture': 'Tue, 02 Apr 2019 00:09:20 GMT', 'kWhRequested': 8.0}]",000001526,2_39_78_364_2019-04-01 19:14:19.699212,2-39-78-364,CA-495,0002,0039,2019-04-01 12:14:20-07:00,2019-04-01 18:37:26-07:00,4.217,2019-04-01 16:09:08-07:00,America/Los_Angeles
5cb7c521f9af8b50839305d5,,,2_39_79_378_2019-04-01 19:39:00.991622,2-39-79-378,CA-326,0002,0039,2019-04-01 12:39:01-07:00,2019-04-01 20:42:05-07:00,2.021,2019-04-01 20:16:47-07:00,America/Los_Angeles
5cb7c521f9af8b50839305d6,"[{'userID': 609, 'milesRequested': 100, 'WhPerMile': 200, 'minutesAvailable': 106, 'modifiedAt': 'Mon, 01 Apr 2019 19:47:40 GMT', 'paymentRequired': True, 'requestedDeparture': 'Mon, 01 Apr 2019 21:30:04 GMT', 'kWhRequested': 20.0}, {'userID': 609, 'milesRequested': 100, 'WhPerMile': 200, 'minutesAvailable': 106, 'modifiedAt': 'Mon, 01 Apr 2019 19:48:10 GMT', 'paymentRequired': True, 'requestedDeparture': 'Mon, 01 Apr 2019 21:30:04 GMT', 'kWhRequested': 20.0}]",000000609,2_39_123_23_2019-04-01 19:44:04.044943,2-39-123-23,CA-313,0002,0039,2019-04-01 12:44:04-07:00,2019-04-01 15:18:48-07:00,4.657,2019-04-01 13:28:55-07:00,America/Los_Angeles
5cb7c521f9af8b50839305d7,"[{'userID': 1087, 'milesRequested': 100, 'WhPerMile': 400, 'minutesAvailable': 127, 'modifiedAt': 'Mon, 01 Apr 2019 20:46:40 GMT', 'paymentRequired': True, 'requestedDeparture': 'Mon, 01 Apr 2019 22:53:35 GMT', 'kWhRequested': 40.0}]",000001087,2_39_92_442_2019-04-01 20:46:35.055125,2-39-92-442,CA-498,0002,0039,2019-04-01 13:46:35-07:00,2019-04-01 17:48:45-07:00,13.043,2019-04-01 15:51:08-07:00,America/Los_Angeles
5cb7c521f9af8b50839305d8,"[{'userID': 1236, 'milesRequested': 20, 'WhPerMile': 400, 'minutesAvailable': 60, 'modifiedAt': 'Mon, 01 Apr 2019 20:53:37 GMT', 'paymentRequired': True, 'requestedDeparture': 'Mon, 01 Apr 2019 21:50:27 GMT', 'kWhRequested': 8.0}]",000001236,2_39_139_28_2019-04-01 20:50:26.570872,2-39-139-28,CA-303,0002,0039,2019-04-01 13:50:27-07:00,2019-04-01 15:24:03-07:00,4.836,2019-04-01 15:23:57-07:00,America/Los_Angeles
5cb7c521f9af8b50839305d9,"[{'userID': 562, 'milesRequested': 10, 'WhPerMile': 300, 'minutesAvailable': 211, 'modifiedAt': 'Mon, 01 Apr 2019 20:59:16 GMT', 'paymentRequired': True, 'requestedDeparture': 'Tue, 02 Apr 2019 00:29:56 GMT', 'kWhRequested': 3.0}]",000000562,2_39_78_363_2019-04-01 20:58:56.333997,2-39-78-363,CA-320,0002,0039,2019-04-01 13:58:56-07:00,2019-04-01 19:58:49-07:00,0.898,2019-04-01 14:18:48-07:00,America/Los_Angeles
5cb7c521f9af8b50839305da,"[{'userID': 1083, 'milesRequested': 20, 'WhPerMile': 400, 'minutesAvailable': 157, 'modifiedAt': 'Mon, 01 Apr 2019 21:04:22 GMT', 'paymentRequired': True, 'requestedDeparture': 'Mon, 01 Apr 2019 23:41:05 GMT', 'kWhRequested': 8.0}]",000001083,2_39_78_366_2019-04-01 21:04:04.627991,2-39-78-366,CA-323,0002,0039,2019-04-01 14:04:05-07:00,2019-04-01 16:46:22-07:00,4.103,2019-04-01 16:34:13-07:00,America/Los_Angeles
5cb7c521f9af8b50839305db,,,2_39_125_21_2019-04-01 21:04:06.505235,2-39-125-21,CA-311,0002,0039,2019-04-01 14:04:06-07:00,2019-04-01 14:30:50-07:00,0.727,2019-04-01 14:30:46-07:00,America/Los_Angeles
5cb7c521f9af8b50839305dc,"[{'userID': 1243, 'milesRequested': 70, 'WhPerMile': 278, 'minutesAvailable': 266, 'modifiedAt': 'Mon, 01 Apr 2019 21:12:43 GMT', 'paymentRequired': True, 'requestedDeparture': 'Tue, 02 Apr 2019 01:38:11 GMT', 'kWhRequested': 19.46}]",000001243,2_39_89_439_2019-04-01 21:12:11.218245,2-39-89-439,CA-501,0002,0039,2019-04-01 14:12:11-07:00,2019-04-01 17:59:10-07:00,11.912,2019-04-01 16:02:51-07:00,America/Los_Angeles
5cb7c521f9af8b50839305dd,"[{'userID': 891, 'milesRequested': 20, 'WhPerMile': 300, 'minutesAvailable': 310, 'modifiedAt': 'Mon, 01 Apr 2019 21:22:15 GMT', 'paymentRequired': True, 'requestedDeparture': 'Tue, 02 Apr 2019 02:31:55 GMT', 'kWhRequested': 6.0}]",000000891,2_39_78_361_2019-04-01 21:21:54.640981,2-39-78-361,CA-493,0002,0039,2019-04-01 14:21:55-07:00,2019-04-01 17:47:12-07:00,4.822,2019-04-01 15:56:27-07:00,America/Los_Angeles
5cb7c521f9af8b50839305de,"[{'userID': 1135, 'milesRequested': 30, 'WhPerMile': 400, 'minutesAvailable': 150, 'modifiedAt': 'Mon, 01 Apr 2019 22:40:51 GMT', 'paymentRequired': True, 'requestedDeparture': 'Tue, 02 Apr 2019 01:10:47 GMT', 'kWhRequested': 12.0}]",000001135,2_39_79_381_2019-04-01 22:40:46.712688,2-39-79-381,CA-490,0002,0039,2019-04-01 15:40:47-07:00,2019-04-02 09:58:31-07:00,11.352,2019-04-01 20:21:25-07:00,America/Los_Angeles
5cb7c521f9af8b50839305df,,,2_39_131_30_2019-04-02 01:17:56.477637,2-39-131-30,CA-305,0002,0039,2019-04-01 18:17:56-07:00,2019-04-01 20:03:17-07:00,0.842,2019-04-01 18:48:20-07:00,America/Los_Angeles
5cb7c521f9af8b50839305e0,"[{'userID': 777, 'milesRequested': 50, 'WhPerMile': 500, 'minutesAvailable': 314, 'modifiedAt': 'Tue, 02 Apr 2019 01:24:53 GMT', 'paymentRequired': True, 'requestedDeparture': 'Tue, 02 Apr 2019 06:38:22 GMT', 'kWhRequested': 25.0}]",000000777,2_39_83_386_2019-04-02 01:24:22.318080,2-39-83-386,CA-212,0002,0039,2019-04-01 18:24:22-07:00,2019-04-01 21:03:54-07:00,8.786,2019-04-01 21:03:50-07:00,America/Los_Angeles
5cb7c521f9af8b50839305e1,"[{'userID': 1164, 'milesRequested': 20, 'WhPerMile': 525, 'minutesAvailable': 226, 'modifiedAt': 'Tue, 02 Apr 2019 01:38:11 GMT', 'paymentRequired': True, 'requestedDeparture': 'Tue, 02 Apr 2019 05:23:54 GMT', 'kWhRequested': 10.5}]",000001164,2_39_130_31_2019-04-02 01:37:53.894071,2-39-130-31,CA-306,0002,0039,2019-04-01 18:37:54-07:00,2019-04-01 19:35:10-07:00,3.187,2019-04-01 19:35:02-07:00,America/Los_Angeles
5cb7c521f9af8b50839305e2,"[{'userID': 838, 'milesRequested': 80, 'WhPerMile': 433, 'minutesAvailable': 307, 'modifiedAt': 'Tue, 02 Apr 2019 01:57:57 GMT', 'paymentRequired': True, 'requestedDeparture': 'Tue, 02 Apr 2019 07:03:29 GMT', 'kWhRequested': 34.64}, {'userID': 838, 'milesRequested': 80, 'WhPerMile': 433, 'minutesAvailable': 307, 'modifiedAt': 'Tue, 02 Apr 2019 01:58:10 GMT', 'paymentRequired': True, 'requestedDeparture': 'Tue, 02 Apr 2019 07:03:29 GMT', 'kWhRequested': 34.64}]",000000838,2_39_129_17_2019-04-02 01:56:29.317011,2-39-129-17,CA-307,0002,0039,2019-04-01 18:56:29-07:00,2019-04-02 06:38:16-07:00,15.871,2019-04-01 23:38:23-07:00,America/Los_Angeles
5cb7c521f9af8b50839305e3,"[{'userID': 1202, 'milesRequested': 40, 'WhPerMile': 375, 'minutesAvailable': 161, 'modifiedAt': 'Tue, 02 Apr 2019 04:06:24 GMT', 'paymentRequired': True, 'requestedDeparture': 'Tue, 02 Apr 2019 06:46:53 GMT', 'kWhRequested': 15.0}]",000001202,2_39_131_30_2019-04-02 04:05:52.683919,2-39-131-30,CA-305,0002,0039,2019-04-01 21:05:53-07:00,2019-04-02 22:34:33-07:00,11.778,2019-04-02 16:18:43-07:00,America/Los_Angeles
5cb916a2f9af8b53fe3dd4cf,"[{'userID': 560, 'milesRequested': 80, 'WhPerMile': 273, 'minutesAvailable': 291, 'modifiedAt': 'Tue, 02 Apr 2019 13:22:25 GMT', 'paymentRequired': True, 'requestedDeparture': 'Tue, 02 Apr 2019 18:13:16 GMT', 'kWhRequested': 21.84}]",000000560,2_39_88_24_2019-04-02 13:22:15.616721,2-39-88-24,CA-314,0002,0039,2019-04-02 06:22:16-07:00,2019-04-02 15:39:21-07:00,17.26,2019-04-02 09:50:00-07:00,America/Los_Angeles
5cb916a2f9af8b53fe3dd4d0,"[{'userID': 676, 'milesRequested': 70, 'WhPerMile': 364, 'minutesAvailable': 473, 'modifiedAt': 'Tue, 02 Apr 2019 13:54:16 GMT', 'paymentRequired': True, 'requestedDeparture': 'Tue, 02 Apr 2019 21:47:03 GMT', 'kWhRequested': 25.48}]",000000676,2_39_79_379_2019-04-02 13:54:02.685212,2-39-79-379,CA-327,0002,0039,2019-04-02 06:54:03-07:00,2019-04-02 21:20:24-07:00,14.137,2019-04-02 11:09:12-07:00,America/Los_Angeles
5cb916a2f9af8b53fe3dd4d1,"[{'userID': 569, 'milesRequested': 90, 'WhPerMile': 300, 'minutesAvailable': 529, 'modifiedAt': 'Tue, 02 Apr 2019 14:10:38 GMT', 'paymentRequired': True, 'requestedDeparture': 'Tue, 02 Apr 2019 22:59:22 GMT', 'kWhRequested': 27.0}]",000000569,2_39_78_366_2019-04-02 14:10:22.167789,2-39-78-366,CA-323,0002,0039,2019-04-02 07:10:22-07:00,2019-04-02 17:48:58-07:00,18.808,2019-04-02 14:44:02-07:00,America/Los_Angeles
5cb916a2f9af8b53fe3dd4d2,"[{'userID': 1083, 'milesRequested': 20, 'WhPerMile': 400, 'minutesAvailable': 157, 'modifiedAt': 'Tue, 02 Apr 2019 15:13:30 GMT', 'paymentRequired': True, 'requestedDeparture': 'Tue, 02 Apr 2019 17:50:20 GMT', 'kWhRequested': 8.0}]",000001083,2_39_79_377_2019-04-02 15:13:19.905573,2-39-79-377,CA-325,0002,0039,2019-04-02 08:13:20-07:00,2019-04-02 17:23:15-07:00,3.376,2019-04-02 17:23:02-07:00,America/Los_Angeles
5cb916a2f9af8b53fe3dd4d3,"[{'userID': 1104, 'milesRequested': 120, 'WhPerMile': 250, 'minutesAvailable': 428, 'modifiedAt': 'Tue, 02 Apr 2019 15:20:38 GMT', 'paymentRequired': True, 'requestedDeparture': 'Tue, 02 Apr 2019 22:27:38 GMT', 'kWhRequested': 30.0}]",000001104,2_39_79_383_2019-04-02 15:19:38.412560,2-39-79-383,CA-492,0002,0039,2019-04-02 08:19:38-07:00,2019-04-02 17:50:03-07:00,20.065,2019-04-02 14:27:14-07:00,America/Los_Angeles
5cb916a2f9af8b53fe3dd4d4,,,2_39_79_380_2019-04-02 15:38:28.359630,2-39-79-380,CA-489,0002,0039,2019-04-02 08:38:28-07:00,2019-04-02 18:19:16-07:00,1.553,2019-04-02 13:47:44-07:00,America/Los_Angeles
5cb916a2f9af8b53fe3dd4d5,"[{'userID': 69, 'milesRequested': 100, 'WhPerMile': 200, 'minutesAvailable': 310, 'modifiedAt': 'Tue, 02 Apr 2019 15:42:03 GMT', 'paymentRequired': True, 'requestedDeparture': 'Tue, 02 Apr 2019 20:51:54 GMT', 'kWhRequested': 20.0}]",000000069,2_39_92_442_2019-04-02 15:41:53.760262,2-39-92-442,CA-498,0002,0039,2019-04-02 08:41:54-07:00,2019-04-02 18:06:16-07:00,10.847,2019-04-02 10:30:51-07:00,America/Los_Angeles
5cb916a2f9af8b53fe3dd4d6,"[{'userID': 562, 'milesRequested': 20, 'WhPerMile': 300, 'minutesAvailable': 211, 'modifiedAt': 'Tue, 02 Apr 2019 15:42:22 GMT', 'paymentRequired': True, 'requestedDeparture': 'Tue, 02 Apr 2019 19:13:01 GMT', 'kWhRequested': 6.0}]",000000562,2_39_139_28_2019-04-02 15:42:00.541559,2-39-139-28,CA-303,0002,0039,2019-04-02 08:42:01-07:00,2019-04-02 12:36:21-07:00,4.97,2019-04-02 10:17:06-07:00,America/Los_Angeles
5cb916a2f9af8b53fe3dd4d7,"[{'userID': 945, 'milesRequested': 50, 'WhPerMile': 600, 'minutesAvailable': 555, 'modifiedAt': 'Tue, 02 Apr 2019 15:51:53 GMT', 'paymentRequired': True, 'requestedDeparture': 'Wed, 03 Apr 2019 01:06:23 GMT', 'kWhRequested': 30.0}]",000000945,2_39_124_22_2019-04-02 15:51:23.262954,2-39-124-22,CA-312,0002,0039,2019-04-02 08:51:23-07:00,2019-04-02 19:08:19-07:00,13.596,2019-04-02 10:55:51-07:00,America/Los_Angeles
5cb916a2f9af8b53fe3dd4d8,"[{'userID': 515, 'milesRequested': 40, 'WhPerMile': 250, 'minutesAvailable': 258, 'modifiedAt': 'Tue, 02 Apr 2019 15:52:42 GMT', 'paymentRequired': True, 'requestedDeparture': 'Tue, 02 Apr 2019 20:10:39 GMT', 'kWhRequested': 10.0}]",000000515,2_39_78_361_2019-04-02 15:52:38.977403,2-39-78-361,CA-493,0002,0039,2019-04-02 08:52:39-07:00,2019-04-02 13:33:25-07:00,0.661,2019-04-02 13:08:07-07:00,America/Los_Angeles
5cb916a2f9af8b53fe3dd4d9,"[{'userID': 712, 'milesRequested': 30, 'WhPerMile': 600, 'minutesAvailable': 392, 'modifiedAt': 'Tue, 02 Apr 2019 15:59:25 GMT', 'paymentRequired': True, 'requestedDeparture': 'Tue, 02 Apr 2019 22:31:17 GMT', 'kWhRequested': 18.0}]",000000712,2_39_129_17_2019-04-02 15:59:17.023084,2-39-129-17,CA-307,0002,0039,2019-04-02 08:59:17-07:00,2019-04-02 17:34:59-07:00,4.296,2019-04-02 10:15:19-07:00,America/Los_Angeles
5cb916a2f9af8b53fe3dd4da,"[{'userID': 1137, 'milesRequested': 20, 'WhPerMile': 400, 'minutesAvailable': 250, 'modifiedAt': 'Tue, 02 Apr 2019 16:02:38 GMT', 'paymentRequired': True, 'requestedDeparture': 'Tue, 02 Apr 2019 20:09:57 GMT', 'kWhRequested': 8.0}]",000001137,2_39_79_376_2019-04-02 15:59:56.619504,2-39-79-376,CA-324,0002,0039,2019-04-02 08:59:57-07:00,2019-04-02 16:39:42-07:00,7.967,2019-04-02 16:18:48-07:00,America/Los_Angeles
5cb916a2f9af8b53fe3dd4db,"[{'userID': 567, 'milesRequested': 20, 'WhPerMile': 333, 'minutesAvailable': 415, 'modifiedAt': 'Tue, 02 Apr 2019 16:02:59 GMT', 'paymentRequired': True, 'requestedDeparture': 'Tue, 02 Apr 2019 22:57:02 GMT', 'kWhRequested': 6.66}]",000000567,2_39_127_19_2019-04-02 16:02:02.383299,2-39-127-19,CA-309,0002,0039,2019-04-02 09:02:02-07:00,2019-04-02 19:16:44-07:00,3.65,2019-04-02 10:10:04-07:00,America/Los_Angeles
5cb916a2f9af8b53fe3dd4dc,"[{'userID': 743, 'milesRequested': 20, 'WhPerMile': 400, 'minutesAvailable': 405, 'modifiedAt': 'Tue, 02 Apr 2019 16:06:47 GMT', 'paymentRequired': True, 'requestedDeparture': 'Tue, 02 Apr 2019 22:51:28 GMT', 'kWhRequested': 8.0}]",000000743,2_39_89_439_2019-04-02 16:06:28.067816,2-39-89-439,CA-501,0002,0039,2019-04-02 09:06:28-07:00,2019-04-02 15:32:08-07:00,4.042,2019-04-02 10:28:06-07:00,America/Los_Angeles
5cb916a2f9af8b53fe3dd4dd,"[{'userID': 620, 'milesRequested': 30, 'WhPerMile': 500, 'minutesAvailable': 470, 'modifiedAt': 'Tue, 02 Apr 2019 16:18:24 GMT', 'paymentRequired': True, 'requestedDeparture': 'Wed, 03 Apr 2019 00:08:07 GMT', 'kWhRequested': 15.0}]",000000620,2_39_130_564_2019-04-02 16:18:06.561985,2-39-130-564,CA-510,0002,0039,2019-04-02 09:18:07-07:00,2019-04-02 17:06:43-07:00,5.951,2019-04-02 11:23:56-07:00,America/Los_Angeles
5cb916a2f9af8b53fe3dd4de,"[{'userID': 324, 'milesRequested': 20, 'WhPerMile': 600, 'minutesAvailable': 147, 'modifiedAt': 'Tue, 02 Apr 2019 16:57:53 GMT', 'paymentRequired': True, 'requestedDeparture': 'Tue, 02 Apr 2019 19:24:44 GMT', 'kWhRequested': 12.0}]",000000324,2_39_92_436_2019-04-02 16:57:44.017168,2-39-92-436,CA-318,0002,0039,2019-04-02 09:57:44-07:00,2019-04-02 19:46:24-07:00,1.804,2019-04-02 10:53:53-07:00,America/Los_Angeles
5cb916a2f9af8b53fe3dd4df,"[{'userID': 558, 'milesRequested': 70, 'WhPerMile': 200, 'minutesAvailable': 514, 'modifiedAt': 'Tue, 02 Apr 2019 17:01:52 GMT', 'paymentRequired': True, 'requestedDeparture': 'Wed, 03 Apr 2019 01:35:44 GMT', 'kWhRequested': 14.0}]",000000558,2_39_88_438_2019-04-02 17:01:44.018602,2-39-88-438,CA-502,0002,0039,2019-04-02 10:01:44-07:00,2019-04-02 19:07:35-07:00,11.468,2019-04-02 11:51:01-07:00,America/Los_Angeles
5cb916a2f9af8b53fe3dd4e0,"[{'userID': 1957, 'milesRequested': 70, 'WhPerMile': 400, 'minutesAvailable': 458, 'modifiedAt': 'Tue, 02 Apr 2019 17:09:23 GMT', 'paymentRequired': True, 'requestedDeparture': 'Wed, 03 Apr 2019 00:46:33 GMT', 'kWhRequested': 28.0}]",000001957,2_39_91_441_2019-04-02 17:08:32.855571,2-39-91-441,CA-499,0002,0039,2019-04-02 10:08:33-07:00,2019-04-02 17:40:21-07:00,23.632,2019-04-02 13:42:23-07:00,America/Los_Angeles
5cb916a2f9af8b53fe3dd4e1,"[{'userID': 1095, 'milesRequested': 30, 'WhPerMile': 469, 'minutesAvailable': 352, 'modifiedAt': 'Tue, 02 Apr 2019 17:12:22 GMT', 'paymentRequired': True, 'requestedDeparture': 'Tue, 02 Apr 2019 23:04:20 GMT', 'kWhRequested': 14.07}]",000001095,2_39_78_364_2019-04-02 17:12:20.221626,2-39-78-364,CA-495,0002,0039,2019-04-02 10:12:20-07:00,2019-04-02 16:10:06-07:00,12.47,2019-04-02 12:43:49-07:00,America/Los_Angeles
5cb916a2f9af8b53fe3dd4e2,"[{'userID': 234, 'milesRequested': 70, 'WhPerMile': 250, 'minutesAvailable': 274, 'modifiedAt': 'Tue, 02 Apr 2019 17:29:08 GMT', 'paymentRequired': True, 'requestedDeparture': 'Tue, 02 Apr 2019 22:02:23 GMT', 'kWhRequested': 17.5}]",000000234,2_39_95_444_2019-04-02 17:28:23.070890,2-39-95-444,CA-497,0002,0039,2019-04-02 10:28:23-07:00,2019-04-02 14:59:34-07:00,17.379,2019-04-02 13:12:14-07:00,America/Los_Angeles
5cb916a2f9af8b53fe3dd4e3,,,2_39_78_365_2019-04-02 18:04:14.469212,2-39-78-365,CA-321,0002,0039,2019-04-02 11:04:14-07:00,2019-04-02 16:52:36-07:00,0.975,2019-04-02 16:49:17-07:00,America/Los_Angeles
5cb916a2f9af8b53fe3dd4e4,"[{'userID': 1001, 'milesRequested': 20, 'WhPerMile': 600, 'minutesAvailable': 129, 'modifiedAt': 'Tue, 02 Apr 2019 18:11:28 GMT', 'paymentRequired': True, 'requestedDeparture': 'Tue, 02 Apr 2019 20:20:24 GMT', 'kWhRequested': 12.0}]",000001001,2_39_78_363_2019-04-02 18:11:24.179137,2-39-78-363,CA-320,0002,0039,2019-04-02 11:11:24-07:00,2019-04-02 12:10:57-07:00,6.274,2019-04-02 12:11:57-07:00,America/Los_Angeles
5cb916a2f9af8b53fe3dd4e5,,,2_39_78_360_2019-04-02 18:12:36.171476,2-39-78-360,CA-322,0002,0039,2019-04-02 11:12:36-07:00,2019-04-02 12:17:07-07:00,0.847,2019-04-02 12:16:07-07:00,America/Los_Angeles
5cb916a2f9af8b53fe3dd4e6,"[{'userID': 710, 'milesRequested': 150, 'WhPerMile': 261, 'minutesAvailable': 446, 'modifiedAt': 'Tue, 02 Apr 2019 18:19:47 GMT', 'paymentRequired': True, 'requestedDeparture': 'Wed, 03 Apr 2019 01:45:28 GMT', 'kWhRequested': 39.15}]",000000710,2_39_89_25_2019-04-02 18:19:27.779653,2-39-89-25,CA-315,0002,0039,2019-04-02 11:19:28-07:00,2019-04-02 17:40:20-07:00,10.297,2019-04-02 12:58:14-07:00,America/Los_Angeles
5cb916a2f9af8b53fe3dd4e7,"[{'userID': 891, 'milesRequested': 20, 'WhPerMile': 300, 'minutesAvailable': 310, 'modifiedAt': 'Tue, 02 Apr 2019 18:22:34 GMT', 'paymentRequired': True, 'requestedDeparture': 'Tue, 02 Apr 2019 23:32:21 GMT', 'kWhRequested': 6.0}]",000000891,2_39_125_21_2019-04-02 18:22:20.607296,2-39-125-21,CA-311,0002,0039,2019-04-02 11:22:21-07:00,2019-04-02 17:49:59-07:00,1.624,2019-04-02 12:01:48-07:00,America/Los_Angeles
5cb916a2f9af8b53fe3dd4e8,"[{'userID': 1912, 'milesRequested': 40, 'WhPerMile': 400, 'minutesAvailable': 190, 'modifiedAt': 'Tue, 02 Apr 2019 19:06:27 GMT', 'paymentRequired': True, 'requestedDeparture': 'Tue, 02 Apr 2019 22:16:06 GMT', 'kWhRequested': 16.0}]",000001912,2_39_123_23_2019-04-02 19:06:06.487180,2-39-123-23,CA-313,0002,0039,2019-04-02 12:06:06-07:00,2019-04-02 16:26:04-07:00,11.347,2019-04-02 13:54:08-07:00,America/Los_Angeles
5cb916a2f9af8b53fe3dd4e9,,,2_39_95_27_2019-04-02 19:10:53.912313,2-39-95-27,CA-319,0002,0039,2019-04-02 12:10:54-07:00,2019-04-02 16:09:06-07:00,0.884,2019-04-02 13:19:04-07:00,America/Los_Angeles
5cb916a2f9af8b53fe3dd4ea,"[{'userID': 1082, 'milesRequested': 40, 'WhPerMile': 400, 'minutesAvailable': 291, 'modifiedAt': 'Tue, 02 Apr 2019 19:12:14 GMT', 'paymentRequired': True, 'requestedDeparture': 'Wed, 03 Apr 2019 00:02:00 GMT', 'kWhRequested': 16.0}]",000001082,2_39_78_363_2019-04-02 19:11:00.422705,2-39-78-363,CA-320,0002,0039,2019-04-02 12:11:00-07:00,2019-04-02 20:09:00-07:00,2.26,2019-04-02 13:15:43-07:00,America/Los_Angeles
5cb916a2f9af8b53fe3dd4eb,,,2_39_78_360_2019-04-02 19:34:32.524331,2-39-78-360,CA-322,0002,0039,2019-04-02 12:34:33-07:00,2019-04-02 16:33:21-07:00,0.832,2019-04-02 16:07:05-07:00,America/Los_Angeles
5cb916a2f9af8b53fe3dd4ec,"[{'userID': 609, 'milesRequested': 100, 'WhPerMile': 200, 'minutesAvailable': 106, 'modifiedAt': 'Tue, 02 Apr 2019 20:15:31 GMT', 'paymentRequired': True, 'requestedDeparture': 'Tue, 02 Apr 2019 21:59:31 GMT', 'kWhRequested': 20.0}, {'userID': 609, 'milesRequested': 100, 'WhPerMile': 200, 'minutesAvailable': 106, 'modifiedAt': 'Tue, 02 Apr 2019 20:16:21 GMT', 'paymentRequired': True, 'requestedDeparture': 'Tue, 02 Apr 2019 21:59:31 GMT', 'kWhRequested': 20.0}]",000000609,2_39_139_28_2019-04-02 20:13:31.389980,2-39-139-28,CA-303,0002,0039,2019-04-02 13:13:31-07:00,2019-04-02 15:37:49-07:00,11.468,2019-04-02 15:37:37-07:00,America/Los_Angeles
5cb916a2f9af8b53fe3dd4ed,"[{'userID': 562, 'milesRequested': 10, 'WhPerMile': 300, 'minutesAvailable': 211, 'modifiedAt': 'Tue, 02 Apr 2019 20:21:17 GMT', 'paymentRequired': True, 'requestedDeparture': 'Tue, 02 Apr 2019 23:51:52 GMT', 'kWhRequested': 3.0}]",000000562,2_39_90_26_2019-04-02 20:20:51.831948,2-39-90-26,CA-316,0002,0039,2019-04-02 13:20:52-07:00,2019-04-02 20:10:38-07:00,0.906,2019-04-02 13:41:09-07:00,America/Los_Angeles
5cb916a2f9af8b53fe3dd4ee,"[{'userID': 714, 'milesRequested': 90, 'WhPerMile': 200, 'minutesAvailable': 364, 'modifiedAt': 'Tue, 02 Apr 2019 20:25:12 GMT', 'paymentRequired': True, 'requestedDeparture': 'Wed, 03 Apr 2019 02:28:52 GMT', 'kWhRequested': 18.0}]",000000714,2_39_79_381_2019-04-02 20:24:51.928736,2-39-79-381,CA-490,0002,0039,2019-04-02 13:24:52-07:00,2019-04-02 18:01:22-07:00,7.389,2019-04-02 18:01:18-07:00,America/Los_Angeles
5cb916a2f9af8b53fe3dd4ef,"[{'userID': 1236, 'milesRequested': 20, 'WhPerMile': 400, 'minutesAvailable': 60, 'modifiedAt': 'Tue, 02 Apr 2019 20:47:45 GMT', 'paymentRequired': True, 'requestedDeparture': 'Tue, 02 Apr 2019 21:43:16 GMT', 'kWhRequested': 8.0}]",000001236,2_39_130_31_2019-04-02 20:43:16.389714,2-39-130-31,CA-306,0002,0039,2019-04-02 13:43:16-07:00,2019-04-02 15:03:30-07:00,4.225,2019-04-02 15:03:24-07:00,America/Los_Angeles
5cb916a2f9af8b53fe3dd4f0,"[{'userID': 1470, 'milesRequested': 40, 'WhPerMile': 292, 'minutesAvailable': 176, 'modifiedAt': 'Tue, 02 Apr 2019 21:10:18 GMT', 'paymentRequired': True, 'requestedDeparture': 'Wed, 03 Apr 2019 00:06:08 GMT', 'kWhRequested': 11.68}]",000001470,2_39_78_361_2019-04-02 21:10:08.203747,2-39-78-361,CA-493,0002,0039,2019-04-02 14:10:08-07:00,2019-04-02 16:53:48-07:00,9.328,2019-04-02 16:50:02-07:00,America/Los_Angeles
5cb916a2f9af8b53fe3dd4f1,"[{'userID': 1746, 'milesRequested': 60, 'WhPerMile': 458, 'minutesAvailable': 96, 'modifiedAt': 'Tue, 02 Apr 2019 23:05:21 GMT', 'paymentRequired': True, 'requestedDeparture': 'Wed, 03 Apr 2019 00:41:01 GMT', 'kWhRequested': 27.48}, {'userID': 1746, 'milesRequested': 60, 'WhPerMile': 458, 'minutesAvailable': 96, 'modifiedAt': 'Wed, 03 Apr 2019 00:52:40 GMT', 'paymentRequired': True, 'requestedDeparture': 'Wed, 03 Apr 2019 00:41:01 GMT', 'kWhRequested': 27.48}]",000001746,2_39_139_28_2019-04-02 23:05:00.625576,2-39-139-28,CA-303,0002,0039,2019-04-02 16:05:01-07:00,2019-04-02 17:53:34-07:00,5.949,2019-04-02 17:52:46-07:00,America/Los_Angeles
5cb916a2f9af8b53fe3dd4f2,,,2_39_88_24_2019-04-02 23:17:22.382341,2-39-88-24,CA-314,0002,0039,2019-04-02 16:17:22-07:00,2019-04-02 17:12:29-07:00,0.909,2019-04-02 16:48:18-07:00,America/Los_Angeles
5cb916a2f9af8b53fe3dd4f3,,,2_39_78_360_2019-04-02 23:35:33.281448,2-39-78-360,CA-322,0002,0039,2019-04-02 16:35:33-07:00,2019-04-02 19:12:29-07:00,0.8,2019-04-02 17:05:51-07:00,America/Los_Angeles
5cb916a2f9af8b53fe3dd4f4,"[{'userID': 515, 'milesRequested': 40, 'WhPerMile': 250, 'minutesAvailable': 192, 'modifiedAt': 'Tue, 02 Apr 2019 23:54:16 GMT', 'paymentRequired': True, 'requestedDeparture': 'Wed, 03 Apr 2019 03:05:54 GMT', 'kWhRequested': 10.0}, {'userID': 515, 'milesRequested': 40, 'WhPerMile': 250, 'minutesAvailable': 192, 'modifiedAt': 'Wed, 03 Apr 2019 00:09:02 GMT', 'paymentRequired': True, 'requestedDeparture': 'Wed, 03 Apr 2019 03:05:54 GMT', 'kWhRequested': 10.0}]",000000515,2_39_95_27_2019-04-02 23:53:54.085989,2-39-95-27,CA-319,0002,0039,2019-04-02 16:53:54-07:00,2019-04-02 19:52:05-07:00,7.577,2019-04-02 19:08:16-07:00,America/Los_Angeles
5cb916a2f9af8b53fe3dd4f5,"[{'userID': 838, 'milesRequested': 80, 'WhPerMile': 433, 'minutesAvailable': 307, 'modifiedAt': 'Wed, 03 Apr 2019 01:27:34 GMT', 'paymentRequired': True, 'requestedDeparture': 'Wed, 03 Apr 2019 06:34:24 GMT', 'kWhRequested': 34.64}, {'userID': 838, 'milesRequested': 80, 'WhPerMile': 433, 'minutesAvailable': 307, 'modifiedAt': 'Wed, 03 Apr 2019 01:27:40 GMT', 'paymentRequired': True, 'requestedDeparture': 'Wed, 03 Apr 2019 06:34:24 GMT', 'kWhRequested': 34.64}, {'userID': 838, 'milesRequested': 80, 'WhPerMile': 433, 'minutesAvailable': 307, 'modifiedAt': 'Wed, 03 Apr 2019 13:48:10 GMT', 'paymentRequired': True, 'requestedDeparture': 'Wed, 03 Apr 2019 06:34:24 GMT', 'kWhRequested': 34.64}]",000000838,2_39_139_28_2019-04-03 01:27:23.993190,2-39-139-28,CA-303,0002,0039,2019-04-02 18:27:24-07:00,2019-04-03 06:48:16-07:00,15.592,2019-04-02 23:00:18-07:00,America/Los_Angeles
5cb916a2f9af8b53fe3dd4f6,"[{'userID': 1164, 'milesRequested': 20, 'WhPerMile': 525, 'minutesAvailable': 226, 'modifiedAt': 'Wed, 03 Apr 2019 01:29:07 GMT', 'paymentRequired': True, 'requestedDeparture': 'Wed, 03 Apr 2019 05:14:50 GMT', 'kWhRequested': 10.5}]",000001164,2_39_129_17_2019-04-03 01:28:50.411251,2-39-129-17,CA-307,0002,0039,2019-04-02 18:28:50-07:00,2019-04-02 19:39:11-07:00,3.918,2019-04-02 19:39:02-07:00,America/Los_Angeles
5cb916a2f9af8b53fe3dd4f7,"[{'userID': 1089, 'milesRequested': 20, 'WhPerMile': 400, 'minutesAvailable': 59, 'modifiedAt': 'Wed, 03 Apr 2019 01:52:28 GMT', 'paymentRequired': True, 'requestedDeparture': 'Wed, 03 Apr 2019 02:50:19 GMT', 'kWhRequested': 8.0}]",000001089,2_39_89_25_2019-04-03 01:51:19.497316,2-39-89-25,CA-315,0002,0039,2019-04-02 18:51:19-07:00,2019-04-02 20:15:24-07:00,4.215,2019-04-02 20:04:53-07:00,America/Los_Angeles
5cb916a2f9af8b53fe3dd4f8,,,2_39_138_29_2019-04-03 02:08:04.704211,2-39-138-29,CA-304,0002,0039,2019-04-02 19:08:05-07:00,2019-04-02 20:12:31-07:00,0.859,2019-04-02 19:38:13-07:00,America/Los_Angeles
5cb916a2f9af8b53fe3dd4f9,,,2_39_124_22_2019-04-03 02:37:00.488206,2-39-124-22,CA-312,0002,0039,2019-04-02 19:37:00-07:00,2019-04-02 21:41:36-07:00,0.889,2019-04-02 21:42:03-07:00,America/Los_Angeles
5cb916a2f9af8b53fe3dd4fa,"[{'userID': 1991, 'milesRequested': 300, 'WhPerMile': 225, 'minutesAvailable': 201, 'modifiedAt': 'Wed, 03 Apr 2019 02:43:22 GMT', 'paymentRequired': True, 'requestedDeparture': 'Wed, 03 Apr 2019 06:04:20 GMT', 'kWhRequested': 67.5}]",000001991,2_39_127_19_2019-04-03 02:43:19.558101,2-39-127-19,CA-309,0002,0039,2019-04-02 19:43:20-07:00,2019-04-02 23:00:26-07:00,21.876,2019-04-02 23:00:18-07:00,America/Los_Angeles
5cb916a2f9af8b53fe3dd4fb,"[{'userID': 1135, 'milesRequested': 30, 'WhPerMile': 400, 'minutesAvailable': 150, 'modifiedAt': 'Wed, 03 Apr 2019 03:07:44 GMT', 'paymentRequired': True, 'requestedDeparture': 'Wed, 03 Apr 2019 05:37:38 GMT', 'kWhRequested': 12.0}]",000001135,2_39_79_376_2019-04-03 03:07:37.544448,2-39-79-376,CA-324,0002,0039,2019-04-02 20:07:38-07:00,2019-04-02 22:47:18-07:00,8.915,2019-04-02 22:45:27-07:00,America/Los_Angeles
5cb916a2f9af8b53fe3dd4fc,"[{'userID': 489, 'milesRequested': 250, 'WhPerMile': 500, 'minutesAvailable': 511, 'modifiedAt': 'Wed, 03 Apr 2019 05:27:59 GMT', 'paymentRequired': True, 'requestedDeparture': 'Wed, 03 Apr 2019 13:58:43 GMT', 'kWhRequested': 125.0}, {'userID': 489, 'milesRequested': 250, 'WhPerMile': 500, 'minutesAvailable': 499, 'modifiedAt': 'Wed, 03 Apr 2019 05:28:04 GMT', 'paymentRequired': True, 'requestedDeparture': 'Wed, 03 Apr 2019 13:46:43 GMT', 'kWhRequested': 125.0}, {'userID': 489, 'milesRequested': 250, 'WhPerMile': 500, 'minutesAvailable': 439, 'modifiedAt': 'Wed, 03 Apr 2019 05:28:09 GMT', 'paymentRequired': True, 'requestedDeparture': 'Wed, 03 Apr 2019 12:46:43 GMT', 'kWhRequested': 125.0}]",000000489,2_39_129_17_2019-04-03 05:27:42.744303,2-39-129-17,CA-307,0002,0039,2019-04-02 22:27:43-07:00,2019-04-03 08:48:23-07:00,53.779,2019-04-03 06:26:36-07:00,America/Los_Angeles
5cb916a2f9af8b53fe3dd4fd,"[{'userID': 850, 'milesRequested': 100, 'WhPerMile': 300, 'minutesAvailable': 60, 'modifiedAt': 'Wed, 03 Apr 2019 06:09:59 GMT', 'paymentRequired': True, 'requestedDeparture': 'Wed, 03 Apr 2019 07:09:22 GMT', 'kWhRequested': 30.0}]",000000850,2_39_79_379_2019-04-03 06:09:21.735196,2-39-79-379,CA-327,0002,0039,2019-04-02 23:09:22-07:00,2019-04-03 04:15:53-07:00,19.829,2019-04-03 02:21:12-07:00,America/Los_Angeles
5cba681bf9af8b0c7a31ae05,"[{'userID': 560, 'milesRequested': 80, 'WhPerMile': 273, 'minutesAvailable': 291, 'modifiedAt': 'Wed, 03 Apr 2019 13:31:09 GMT', 'paymentRequired': True, 'requestedDeparture': 'Wed, 03 Apr 2019 18:22:09 GMT', 'kWhRequested': 21.84}, {'userID': 560, 'milesRequested': 80, 'WhPerMile': 273, 'minutesAvailable': 277, 'modifiedAt': 'Wed, 03 Apr 2019 13:31:24 GMT', 'paymentRequired': True, 'requestedDeparture': 'Wed, 03 Apr 2019 18:08:09 GMT', 'kWhRequested': 21.84}]",000000560,2_39_89_25_2019-04-03 13:30:13.440569,2-39-89-25,CA-315,0002,0039,2019-04-03 06:31:09-07:00,2019-04-03 11:08:41-07:00,18.098,2019-04-03 10:00:10-07:00,America/Los_Angeles
5cba681bf9af8b0c7a31ae06,"[{'userID': 569, 'milesRequested': 40, 'WhPerMile': 300, 'minutesAvailable': 529, 'modifiedAt': 'Wed, 03 Apr 2019 14:12:24 GMT', 'paymentRequired': True, 'requestedDeparture': 'Wed, 03 Apr 2019 23:00:59 GMT', 'kWhRequested': 12.0}]",000000569,2_39_78_366_2019-04-03 14:11:58.975919,2-39-78-366,CA-323,0002,0039,2019-04-03 07:11:59-07:00,2019-04-03 17:06:08-07:00,4.635,2019-04-03 16:56:40-07:00,America/Los_Angeles
5cba681bf9af8b0c7a31ae07,"[{'userID': 676, 'milesRequested': 70, 'WhPerMile': 364, 'minutesAvailable': 473, 'modifiedAt': 'Wed, 03 Apr 2019 14:39:51 GMT', 'paymentRequired': True, 'requestedDeparture': 'Wed, 03 Apr 2019 22:32:05 GMT', 'kWhRequested': 25.48}]",000000676,2_39_79_379_2019-04-03 14:39:05.472690,2-39-79-379,CA-327,0002,0039,2019-04-03 07:39:05-07:00,2019-04-03 21:30:26-07:00,13.305,2019-04-03 11:46:41-07:00,America/Los_Angeles
5cba681bf9af8b0c7a31ae08,"[{'userID': 1534, 'milesRequested': 30, 'WhPerMile': 250, 'minutesAvailable': 195, 'modifiedAt': 'Wed, 03 Apr 2019 15:01:50 GMT', 'paymentRequired': True, 'requestedDeparture': 'Wed, 03 Apr 2019 18:15:38 GMT', 'kWhRequested': 7.5}]",000001534,2_39_126_560_2019-04-03 15:00:37.848724,2-39-126-560,CA-506,0002,0039,2019-04-03 08:00:38-07:00,2019-04-03 09:32:31-07:00,5.049,2019-04-03 09:32:26-07:00,America/Los_Angeles
5cba681bf9af8b0c7a31ae09,"[{'userID': 632, 'milesRequested': 40, 'WhPerMile': 400, 'minutesAvailable': 575, 'modifiedAt': 'Wed, 03 Apr 2019 15:21:28 GMT', 'paymentRequired': True, 'requestedDeparture': 'Thu, 04 Apr 2019 00:55:57 GMT', 'kWhRequested': 16.0}]",000000632,2_39_79_383_2019-04-03 15:20:56.638371,2-39-79-383,CA-492,0002,0039,2019-04-03 08:20:57-07:00,2019-04-03 19:35:35-07:00,16.06,2019-04-03 19:29:56-07:00,America/Los_Angeles
5cba681bf9af8b0c7a31ae0a,,,2_39_79_380_2019-04-03 15:21:35.157952,2-39-79-380,CA-489,0002,0039,2019-04-03 08:21:35-07:00,2019-04-03 17:36:18-07:00,5.227,2019-04-03 17:02:32-07:00,America/Los_Angeles
5cba681bf9af8b0c7a31ae0b,"[{'userID': 945, 'milesRequested': 50, 'WhPerMile': 600, 'minutesAvailable': 555, 'modifiedAt': 'Wed, 03 Apr 2019 15:27:55 GMT', 'paymentRequired': True, 'requestedDeparture': 'Thu, 04 Apr 2019 00:42:44 GMT', 'kWhRequested': 30.0}]",000000945,2_39_126_20_2019-04-03 15:27:43.639886,2-39-126-20,CA-310,0002,0039,2019-04-03 08:27:44-07:00,2019-04-03 18:37:22-07:00,13.433,2019-04-03 10:33:34-07:00,America/Los_Angeles
5cba681bf9af8b0c7a31ae0c,"[{'userID': 1470, 'milesRequested': 40, 'WhPerMile': 292, 'minutesAvailable': 254, 'modifiedAt': 'Wed, 03 Apr 2019 15:32:05 GMT', 'paymentRequired': True, 'requestedDeparture': 'Wed, 03 Apr 2019 19:45:45 GMT', 'kWhRequested': 11.68}]",000001470,2_39_79_377_2019-04-03 15:31:45.475172,2-39-79-377,CA-325,0002,0039,2019-04-03 08:31:45-07:00,2019-04-03 17:11:47-07:00,8.681,2019-04-03 10:43:18-07:00,America/Los_Angeles
5cba681bf9af8b0c7a31ae0d,"[{'userID': 712, 'milesRequested': 30, 'WhPerMile': 600, 'minutesAvailable': 392, 'modifiedAt': 'Wed, 03 Apr 2019 15:43:05 GMT', 'paymentRequired': True, 'requestedDeparture': 'Wed, 03 Apr 2019 22:15:03 GMT', 'kWhRequested': 18.0}]",000000712,2_39_131_30_2019-04-03 15:43:03.308762,2-39-131-30,CA-305,0002,0039,2019-04-03 08:43:03-07:00,2019-04-03 18:03:38-07:00,4.228,2019-04-03 09:59:46-07:00,America/Los_Angeles
5cba681bf9af8b0c7a31ae0e,,,2_39_79_381_2019-04-03 15:52:13.290371,2-39-79-381,CA-490,0002,0039,2019-04-03 08:52:13-07:00,2019-04-03 17:31:33-07:00,1.531,2019-04-03 17:31:00-07:00,America/Los_Angeles
5cba681bf9af8b0c7a31ae0f,"[{'userID': 562, 'milesRequested': 20, 'WhPerMile': 300, 'minutesAvailable': 211, 'modifiedAt': 'Wed, 03 Apr 2019 15:53:04 GMT', 'paymentRequired': True, 'requestedDeparture': 'Wed, 03 Apr 2019 19:23:54 GMT', 'kWhRequested': 6.0}]",000000562,2_39_139_28_2019-04-03 15:52:54.482803,2-39-139-28,CA-303,0002,0039,2019-04-03 08:52:54-07:00,2019-04-03 12:45:32-07:00,4.661,2019-04-03 10:21:30-07:00,America/Los_Angeles
5cba681bf9af8b0c7a31ae10,"[{'userID': 567, 'milesRequested': 20, 'WhPerMile': 333, 'minutesAvailable': 415, 'modifiedAt': 'Wed, 03 Apr 2019 15:57:24 GMT', 'paymentRequired': True, 'requestedDeparture': 'Wed, 03 Apr 2019 22:52:15 GMT', 'kWhRequested': 6.66}]",000000567,2_39_129_17_2019-04-03 15:57:14.716897,2-39-129-17,CA-307,0002,0039,2019-04-03 08:57:15-07:00,2019-04-03 17:48:47-07:00,5.727,2019-04-03 10:38:31-07:00,America/Los_Angeles
5cba681bf9af8b0c7a31ae11,"[{'userID': 69, 'milesRequested': 100, 'WhPerMile': 200, 'minutesAvailable': 310, 'modifiedAt': 'Wed, 03 Apr 2019 16:07:10 GMT', 'paymentRequired': True, 'requestedDeparture': 'Wed, 03 Apr 2019 21:15:36 GMT', 'kWhRequested': 20.0}]",000000069,2_39_92_442_2019-04-03 16:05:35.907174,2-39-92-442,CA-498,0002,0039,2019-04-03 09:05:36-07:00,2019-04-03 17:51:33-07:00,10.35,2019-04-03 10:50:29-07:00,America/Los_Angeles
5cba681bf9af8b0c7a31ae12,"[{'userID': 743, 'milesRequested': 20, 'WhPerMile': 400, 'minutesAvailable': 476, 'modifiedAt': 'Wed, 03 Apr 2019 16:06:56 GMT', 'paymentRequired': True, 'requestedDeparture': 'Thu, 04 Apr 2019 00:02:41 GMT', 'kWhRequested': 8.0}, {'userID': 743, 'milesRequested': 20, 'WhPerMile': 400, 'minutesAvailable': 476, 'modifiedAt': 'Wed, 03 Apr 2019 16:07:21 GMT', 'paymentRequired': True, 'requestedDeparture': 'Thu, 04 Apr 2019 00:02:41 GMT', 'kWhRequested': 8.0}]",000000743,2_39_89_439_2019-04-03 16:06:40.986090,2-39-89-439,CA-501,0002,0039,2019-04-03 09:06:41-07:00,2019-04-03 17:32:25-07:00,3.98,2019-04-03 10:27:31-07:00,America/Los_Angeles
5cba681bf9af8b0c7a31ae13,"[{'userID': 858, 'milesRequested': 20, 'WhPerMile': 400, 'minutesAvailable': 223, 'modifiedAt': 'Wed, 03 Apr 2019 16:36:43 GMT', 'paymentRequired': True, 'requestedDeparture': 'Wed, 03 Apr 2019 20:19:30 GMT', 'kWhRequested': 8.0}]",000000858,2_39_123_23_2019-04-03 16:36:29.659416,2-39-123-23,CA-313,0002,0039,2019-04-03 09:36:30-07:00,2019-04-03 16:13:16-07:00,2.502,2019-04-03 10:28:14-07:00,America/Los_Angeles
5cba681bf9af8b0c7a31ae14,"[{'userID': 850, 'milesRequested': 100, 'WhPerMile': 300, 'minutesAvailable': 60, 'modifiedAt': 'Wed, 03 Apr 2019 16:38:24 GMT', 'paymentRequired': True, 'requestedDeparture': 'Wed, 03 Apr 2019 17:37:53 GMT', 'kWhRequested': 30.0}]",000000850,2_39_79_376_2019-04-03 16:37:53.428062,2-39-79-376,CA-324,0002,0039,2019-04-03 09:37:53-07:00,2019-04-03 23:31:25-07:00,19.265,2019-04-03 12:53:09-07:00,America/Los_Angeles
5cba681bf9af8b0c7a31ae15,"[{'userID': 1001, 'milesRequested': 20, 'WhPerMile': 600, 'minutesAvailable': 129, 'modifiedAt': 'Wed, 03 Apr 2019 17:00:20 GMT', 'paymentRequired': True, 'requestedDeparture': 'Wed, 03 Apr 2019 19:09:15 GMT', 'kWhRequested': 12.0}]",000001001,2_39_78_363_2019-04-03 17:00:15.448444,2-39-78-363,CA-320,0002,0039,2019-04-03 10:00:15-07:00,2019-04-03 15:49:09-07:00,9.108,2019-04-03 15:00:05-07:00,America/Los_Angeles
5cba681bf9af8b0c7a31ae16,,,2_39_78_362_2019-04-03 17:05:33.611901,2-39-78-362,CA-496,0002,0039,2019-04-03 10:05:34-07:00,2019-04-03 17:28:46-07:00,1.254,2019-04-03 17:29:46-07:00,America/Los_Angeles
5cba681bf9af8b0c7a31ae17,"[{'userID': 1095, 'milesRequested': 30, 'WhPerMile': 469, 'minutesAvailable': 352, 'modifiedAt': 'Wed, 03 Apr 2019 17:13:04 GMT', 'paymentRequired': True, 'requestedDeparture': 'Wed, 03 Apr 2019 23:04:58 GMT', 'kWhRequested': 14.07}, {'userID': 1095, 'milesRequested': 30, 'WhPerMile': 469, 'minutesAvailable': 352, 'modifiedAt': 'Wed, 03 Apr 2019 17:13:09 GMT', 'paymentRequired': True, 'requestedDeparture': 'Wed, 03 Apr 2019 23:04:58 GMT', 'kWhRequested': 14.07}]",000001095,2_39_88_438_2019-04-03 17:12:57.768068,2-39-88-438,CA-502,0002,0039,2019-04-03 10:12:58-07:00,2019-04-03 16:11:42-07:00,10.14,2019-04-03 11:53:35-07:00,America/Los_Angeles
5cba681bf9af8b0c7a31ae18,"[{'userID': 832, 'milesRequested': 100, 'WhPerMile': 300, 'minutesAvailable': 321, 'modifiedAt': 'Wed, 03 Apr 2019 18:59:01 GMT', 'paymentRequired': True, 'requestedDeparture': 'Thu, 04 Apr 2019 00:18:29 GMT', 'kWhRequested': 30.0}]",000000832,2_39_78_364_2019-04-03 18:57:28.760377,2-39-78-364,CA-495,0002,0039,2019-04-03 11:57:29-07:00,2019-04-03 17:13:39-07:00,29.878,2019-04-03 16:56:44-07:00,America/Los_Angeles
5cba681bf9af8b0c7a31ae19,"[{'userID': 891, 'milesRequested': 20, 'WhPerMile': 300, 'minutesAvailable': 310, 'modifiedAt': 'Wed, 03 Apr 2019 19:11:48 GMT', 'paymentRequired': True, 'requestedDeparture': 'Thu, 04 Apr 2019 00:21:32 GMT', 'kWhRequested': 6.0}]",000000891,2_39_89_25_2019-04-03 19:11:32.437759,2-39-89-25,CA-315,0002,0039,2019-04-03 12:11:32-07:00,2019-04-03 17:19:30-07:00,2.298,2019-04-03 13:01:46-07:00,America/Los_Angeles
5cba681bf9af8b0c7a31ae1a,"[{'userID': 1083, 'milesRequested': 10, 'WhPerMile': 400, 'minutesAvailable': 39, 'modifiedAt': 'Wed, 03 Apr 2019 19:28:46 GMT', 'paymentRequired': True, 'requestedDeparture': 'Wed, 03 Apr 2019 20:06:54 GMT', 'kWhRequested': 4.0}]",000001083,2_39_78_365_2019-04-03 19:27:53.758658,2-39-78-365,CA-321,0002,0039,2019-04-03 12:27:54-07:00,2019-04-03 13:24:15-07:00,3.093,2019-04-03 13:24:13-07:00,America/Los_Angeles
5cba681bf9af8b0c7a31ae1b,"[{'userID': 1082, 'milesRequested': 40, 'WhPerMile': 400, 'minutesAvailable': 291, 'modifiedAt': 'Wed, 03 Apr 2019 20:01:06 GMT', 'paymentRequired': True, 'requestedDeparture': 'Thu, 04 Apr 2019 00:51:25 GMT', 'kWhRequested': 16.0}]",000001082,2_39_125_21_2019-04-03 20:00:24.600596,2-39-125-21,CA-311,0002,0039,2019-04-03 13:00:25-07:00,2019-04-03 23:37:45-07:00,2.037,2019-04-03 14:01:44-07:00,America/Los_Angeles
5cba681bf9af8b0c7a31ae1c,"[{'userID': 1236, 'milesRequested': 20, 'WhPerMile': 400, 'minutesAvailable': 71, 'modifiedAt': 'Wed, 03 Apr 2019 21:36:26 GMT', 'paymentRequired': True, 'requestedDeparture': 'Wed, 03 Apr 2019 22:40:44 GMT', 'kWhRequested': 8.0}]",000001236,2_39_78_365_2019-04-03 21:29:43.875348,2-39-78-365,CA-321,0002,0039,2019-04-03 14:29:44-07:00,2019-04-03 16:03:03-07:00,4.738,2019-04-03 16:02:59-07:00,America/Los_Angeles
5cba681bf9af8b0c7a31ae1d,"[{'userID': 1746, 'milesRequested': 60, 'WhPerMile': 458, 'minutesAvailable': 96, 'modifiedAt': 'Wed, 03 Apr 2019 22:24:49 GMT', 'paymentRequired': True, 'requestedDeparture': 'Thu, 04 Apr 2019 00:00:30 GMT', 'kWhRequested': 27.48}]",000001746,2_39_127_19_2019-04-03 22:24:29.813296,2-39-127-19,CA-309,0002,0039,2019-04-03 15:24:30-07:00,2019-04-03 16:38:47-07:00,3.311,2019-04-03 16:31:29-07:00,America/Los_Angeles
5cba681bf9af8b0c7a31ae1e,"[{'userID': 774, 'milesRequested': 20, 'WhPerMile': 400, 'minutesAvailable': 60, 'modifiedAt': 'Wed, 03 Apr 2019 23:38:17 GMT', 'paymentRequired': True, 'requestedDeparture': 'Thu, 04 Apr 2019 00:38:16 GMT', 'kWhRequested': 8.0}]",000000774,2_39_138_29_2019-04-03 23:38:16.153994,2-39-138-29,CA-304,0002,0039,2019-04-03 16:38:16-07:00,2019-04-03 17:59:15-07:00,4.623,2019-04-03 17:59:11-07:00,America/Los_Angeles
5cba681bf9af8b0c7a31ae1f,"[{'userID': 1161, 'milesRequested': 40, 'WhPerMile': 400, 'minutesAvailable': 128, 'modifiedAt': 'Thu, 04 Apr 2019 00:13:52 GMT', 'paymentRequired': True, 'requestedDeparture': 'Thu, 04 Apr 2019 02:21:32 GMT', 'kWhRequested': 16.0}]",000001161,2_39_95_27_2019-04-04 00:13:32.398828,2-39-95-27,CA-319,0002,0039,2019-04-03 17:13:32-07:00,2019-04-03 18:37:09-07:00,4.555,2019-04-03 18:37:04-07:00,America/Los_Angeles
5cba681bf9af8b0c7a31ae20,"[{'userID': 1083, 'milesRequested': 10, 'WhPerMile': 400, 'minutesAvailable': 39, 'modifiedAt': 'Thu, 04 Apr 2019 00:40:12 GMT', 'paymentRequired': True, 'requestedDeparture': 'Thu, 04 Apr 2019 01:19:02 GMT', 'kWhRequested': 4.0}]",000001083,2_39_79_377_2019-04-04 00:40:01.936711,2-39-79-377,CA-325,0002,0039,2019-04-03 17:40:02-07:00,2019-04-03 19:12:15-07:00,3.284,2019-04-03 19:01:08-07:00,America/Los_Angeles
5cba681bf9af8b0c7a31ae21,,,2_39_130_31_2019-04-04 00:41:10.216097,2-39-130-31,CA-306,0002,0039,2019-04-03 17:41:10-07:00,2019-04-03 19:13:27-07:00,0.874,2019-04-03 18:11:47-07:00,America/Los_Angeles
5cba681bf9af8b0c7a31ae22,"[{'userID': 2069, 'milesRequested': 40, 'WhPerMile': 400, 'minutesAvailable': 99, 'modifiedAt': 'Thu, 04 Apr 2019 02:15:29 GMT', 'paymentRequired': True, 'requestedDeparture': 'Thu, 04 Apr 2019 03:50:10 GMT', 'kWhRequested': 16.0}]",000002069,2_39_128_18_2019-04-04 02:11:10.022330,2-39-128-18,CA-308,0002,0039,2019-04-03 19:11:10-07:00,2019-04-03 20:48:34-07:00,9.453,2019-04-03 20:48:29-07:00,America/Los_Angeles
5cba681bf9af8b0c7a31ae23,"[{'userID': 1099, 'milesRequested': 60, 'WhPerMile': 438, 'minutesAvailable': 165, 'modifiedAt': 'Thu, 04 Apr 2019 03:01:24 GMT', 'paymentRequired': True, 'requestedDeparture': 'Thu, 04 Apr 2019 05:46:20 GMT', 'kWhRequested': 26.28}, {'userID': 1099, 'milesRequested': 60, 'WhPerMile': 438, 'minutesAvailable': 108, 'modifiedAt': 'Thu, 04 Apr 2019 03:02:18 GMT', 'paymentRequired': True, 'requestedDeparture': 'Thu, 04 Apr 2019 04:49:20 GMT', 'kWhRequested': 26.28}]",000001099,2_39_130_31_2019-04-04 03:01:20.003245,2-39-130-31,CA-306,0002,0039,2019-04-03 20:01:20-07:00,2019-04-03 22:38:54-07:00,10.834,2019-04-03 21:49:02-07:00,America/Los_Angeles
5cba681bf9af8b0c7a31ae24,"[{'userID': 301, 'milesRequested': 90, 'WhPerMile': 333, 'minutesAvailable': 454, 'modifiedAt': 'Thu, 04 Apr 2019 05:27:24 GMT', 'paymentRequired': True, 'requestedDeparture': 'Thu, 04 Apr 2019 12:50:38 GMT', 'kWhRequested': 29.97}]",000000301,2_39_79_378_2019-04-04 05:16:37.569591,2-39-79-378,CA-326,0002,0039,2019-04-03 22:16:38-07:00,2019-04-04 07:02:15-07:00,15.456,2019-04-04 02:30:09-07:00,America/Los_Angeles
5cbbb99ff9af8b1153786f30,"[{'userID': 569, 'milesRequested': 30, 'WhPerMile': 300, 'minutesAvailable': 529, 'modifiedAt': 'Thu, 04 Apr 2019 14:09:30 GMT', 'paymentRequired': True, 'requestedDeparture': 'Thu, 04 Apr 2019 22:58:06 GMT', 'kWhRequested': 9.0}]",000000569,2_39_78_366_2019-04-04 14:09:05.724102,2-39-78-366,CA-323,0002,0039,2019-04-04 07:09:06-07:00,2019-04-04 17:27:39-07:00,5.002,2019-04-04 15:56:34-07:00,America/Los_Angeles
5cbbb99ff9af8b1153786f31,"[{'userID': 858, 'milesRequested': 20, 'WhPerMile': 400, 'minutesAvailable': 223, 'modifiedAt': 'Thu, 04 Apr 2019 14:58:16 GMT', 'paymentRequired': True, 'requestedDeparture': 'Thu, 04 Apr 2019 18:41:07 GMT', 'kWhRequested': 8.0}]",000000858,2_39_123_23_2019-04-04 14:58:06.694477,2-39-123-23,CA-313,0002,0039,2019-04-04 07:58:07-07:00,2019-04-04 12:59:03-07:00,6.764,2019-04-04 10:02:57-07:00,America/Los_Angeles
5cbbb99ff9af8b1153786f32,"[{'userID': 1524, 'milesRequested': 20, 'WhPerMile': 400, 'minutesAvailable': 204, 'modifiedAt': 'Thu, 04 Apr 2019 15:17:26 GMT', 'paymentRequired': True, 'requestedDeparture': 'Thu, 04 Apr 2019 18:37:49 GMT', 'kWhRequested': 8.0}]",000001524,2_39_78_367_2019-04-04 15:13:48.921055,2-39-78-367,CA-494,0002,0039,2019-04-04 08:13:49-07:00,2019-04-04 17:56:21-07:00,3.944,2019-04-04 13:38:58-07:00,America/Los_Angeles
5cbbb99ff9af8b1153786f33,,,2_39_79_379_2019-04-04 15:27:01.281893,2-39-79-379,CA-327,0002,0039,2019-04-04 08:27:01-07:00,2019-04-04 17:09:09-07:00,0.92,2019-04-04 16:19:53-07:00,America/Los_Angeles
5cbbb99ff9af8b1153786f34,"[{'userID': 945, 'milesRequested': 50, 'WhPerMile': 600, 'minutesAvailable': 555, 'modifiedAt': 'Thu, 04 Apr 2019 15:30:03 GMT', 'paymentRequired': True, 'requestedDeparture': 'Fri, 05 Apr 2019 00:44:53 GMT', 'kWhRequested': 30.0}]",000000945,2_39_128_18_2019-04-04 15:29:53.075613,2-39-128-18,CA-308,0002,0039,2019-04-04 08:29:53-07:00,2019-04-04 16:13:23-07:00,13.467,2019-04-04 10:34:48-07:00,America/Los_Angeles
5cbbb99ff9af8b1153786f35,"[{'userID': 562, 'milesRequested': 20, 'WhPerMile': 300, 'minutesAvailable': 211, 'modifiedAt': 'Thu, 04 Apr 2019 15:31:58 GMT', 'paymentRequired': True, 'requestedDeparture': 'Thu, 04 Apr 2019 19:02:29 GMT', 'kWhRequested': 6.0}]",000000562,2_39_139_28_2019-04-04 15:31:28.950573,2-39-139-28,CA-303,0002,0039,2019-04-04 08:31:29-07:00,2019-04-04 19:09:45-07:00,4.424,2019-04-04 09:55:44-07:00,America/Los_Angeles
5cbbb99ff9af8b1153786f36,"[{'userID': 559, 'milesRequested': 50, 'WhPerMile': 313, 'minutesAvailable': 434, 'modifiedAt': 'Thu, 04 Apr 2019 15:32:36 GMT', 'paymentRequired': True, 'requestedDeparture': 'Thu, 04 Apr 2019 22:46:21 GMT', 'kWhRequested': 15.65}]",000000559,2_39_131_30_2019-04-04 15:32:21.120768,2-39-131-30,CA-305,0002,0039,2019-04-04 08:32:21-07:00,2019-04-04 17:29:16-07:00,13.867,2019-04-04 11:43:44-07:00,America/Los_Angeles
5cbbb99ff9af8b1153786f37,"[{'userID': 712, 'milesRequested': 30, 'WhPerMile': 600, 'minutesAvailable': 392, 'modifiedAt': 'Thu, 04 Apr 2019 15:39:28 GMT', 'paymentRequired': True, 'requestedDeparture': 'Thu, 04 Apr 2019 22:11:24 GMT', 'kWhRequested': 18.0}]",000000712,2_39_129_17_2019-04-04 15:39:23.609397,2-39-129-17,CA-307,0002,0039,2019-04-04 08:39:24-07:00,2019-04-04 19:02:01-07:00,4.786,2019-04-04 10:03:58-07:00,America/Los_Angeles
5cbbb99ff9af8b1153786f38,"[{'userID': 347, 'milesRequested': 20, 'WhPerMile': 400, 'minutesAvailable': 84, 'modifiedAt': 'Thu, 04 Apr 2019 15:45:44 GMT', 'paymentRequired': True, 'requestedDeparture': 'Thu, 04 Apr 2019 17:04:40 GMT', 'kWhRequested': 8.0}]",000000347,2_39_138_29_2019-04-04 15:40:39.539708,2-39-138-29,CA-304,0002,0039,2019-04-04 08:40:40-07:00,2019-04-04 13:56:11-07:00,3.518,2019-04-04 09:49:21-07:00,America/Los_Angeles
5cbbb99ff9af8b1153786f39,"[{'userID': 1470, 'milesRequested': 40, 'WhPerMile': 292, 'minutesAvailable': 254, 'modifiedAt': 'Thu, 04 Apr 2019 15:46:54 GMT', 'paymentRequired': True, 'requestedDeparture': 'Thu, 04 Apr 2019 20:00:30 GMT', 'kWhRequested': 11.68}]",000001470,2_39_78_365_2019-04-04 15:46:30.153409,2-39-78-365,CA-321,0002,0039,2019-04-04 08:46:30-07:00,2019-04-04 15:32:03-07:00,9.458,2019-04-04 15:31:16-07:00,America/Los_Angeles
5cbbb99ff9af8b1153786f3a,"[{'userID': 743, 'milesRequested': 20, 'WhPerMile': 400, 'minutesAvailable': 476, 'modifiedAt': 'Thu, 04 Apr 2019 16:10:04 GMT', 'paymentRequired': True, 'requestedDeparture': 'Fri, 05 Apr 2019 00:05:52 GMT', 'kWhRequested': 8.0}]",000000743,2_39_89_25_2019-04-04 16:09:52.376853,2-39-89-25,CA-315,0002,0039,2019-04-04 09:09:52-07:00,2019-04-04 17:16:20-07:00,4.02,2019-04-04 10:30:46-07:00,America/Los_Angeles
5cbbb99ff9af8b1153786f3b,"[{'userID': 1137, 'milesRequested': 20, 'WhPerMile': 400, 'minutesAvailable': 250, 'modifiedAt': 'Thu, 04 Apr 2019 16:20:51 GMT', 'paymentRequired': True, 'requestedDeparture': 'Thu, 04 Apr 2019 20:30:31 GMT', 'kWhRequested': 8.0}]",000001137,2_39_78_360_2019-04-04 16:20:30.762860,2-39-78-360,CA-322,0002,0039,2019-04-04 09:20:31-07:00,2019-04-04 11:48:36-07:00,7.9,2019-04-04 11:48:34-07:00,America/Los_Angeles
5cbbb99ff9af8b1153786f3c,"[{'userID': 620, 'milesRequested': 30, 'WhPerMile': 500, 'minutesAvailable': 470, 'modifiedAt': 'Thu, 04 Apr 2019 16:24:16 GMT', 'paymentRequired': True, 'requestedDeparture': 'Fri, 05 Apr 2019 00:13:09 GMT', 'kWhRequested': 15.0}]",000000620,2_39_95_27_2019-04-04 16:23:08.961155,2-39-95-27,CA-319,0002,0039,2019-04-04 09:23:09-07:00,2019-04-04 17:38:14-07:00,6.294,2019-04-04 11:25:10-07:00,America/Los_Angeles
5cbbb99ff9af8b1153786f3d,"[{'userID': 69, 'milesRequested': 100, 'WhPerMile': 300, 'minutesAvailable': 310, 'modifiedAt': 'Thu, 04 Apr 2019 16:36:48 GMT', 'paymentRequired': True, 'requestedDeparture': 'Thu, 04 Apr 2019 21:46:39 GMT', 'kWhRequested': 30.0}]",000000069,2_39_79_380_2019-04-04 16:36:38.898782,2-39-79-380,CA-489,0002,0039,2019-04-04 09:36:39-07:00,2019-04-04 17:49:06-07:00,10.609,2019-04-04 11:22:54-07:00,America/Los_Angeles
5cbbb99ff9af8b1153786f3e,"[{'userID': 324, 'milesRequested': 20, 'WhPerMile': 600, 'minutesAvailable': 695, 'modifiedAt': 'Thu, 04 Apr 2019 17:04:40 GMT', 'paymentRequired': True, 'requestedDeparture': 'Fri, 05 Apr 2019 04:39:29 GMT', 'kWhRequested': 12.0}, {'userID': 324, 'milesRequested': 20, 'WhPerMile': 600, 'minutesAvailable': 118, 'modifiedAt': 'Thu, 04 Apr 2019 17:04:50 GMT', 'paymentRequired': True, 'requestedDeparture': 'Thu, 04 Apr 2019 19:02:29 GMT', 'kWhRequested': 12.0}]",000000324,2_39_92_436_2019-04-04 17:04:29.324665,2-39-92-436,CA-318,0002,0039,2019-04-04 10:04:29-07:00,2019-04-04 20:22:12-07:00,1.677,2019-04-04 10:57:49-07:00,America/Los_Angeles
5cbbb99ff9af8b1153786f3f,"[{'userID': 558, 'milesRequested': 70, 'WhPerMile': 200, 'minutesAvailable': 514, 'modifiedAt': 'Thu, 04 Apr 2019 17:04:50 GMT', 'paymentRequired': True, 'requestedDeparture': 'Fri, 05 Apr 2019 01:38:49 GMT', 'kWhRequested': 14.0}]",000000558,2_39_90_26_2019-04-04 17:04:48.582813,2-39-90-26,CA-316,0002,0039,2019-04-04 10:04:49-07:00,2019-04-04 19:16:54-07:00,11.984,2019-04-04 11:58:10-07:00,America/Los_Angeles
5cbbb99ff9af8b1153786f40,"[{'userID': 1095, 'milesRequested': 30, 'WhPerMile': 469, 'minutesAvailable': 432, 'modifiedAt': 'Thu, 04 Apr 2019 17:20:30 GMT', 'paymentRequired': True, 'requestedDeparture': 'Fri, 05 Apr 2019 00:31:45 GMT', 'kWhRequested': 14.07}]",000001095,2_39_79_383_2019-04-04 17:19:45.277466,2-39-79-383,CA-492,0002,0039,2019-04-04 10:19:45-07:00,2019-04-04 17:44:20-07:00,3.602,2019-04-04 11:34:22-07:00,America/Los_Angeles
5cbbb99ff9af8b1153786f41,"[{'userID': 714, 'milesRequested': 90, 'WhPerMile': 200, 'minutesAvailable': 364, 'modifiedAt': 'Thu, 04 Apr 2019 17:21:36 GMT', 'paymentRequired': True, 'requestedDeparture': 'Thu, 04 Apr 2019 23:25:14 GMT', 'kWhRequested': 18.0}]",000000714,2_39_79_376_2019-04-04 17:21:13.786107,2-39-79-376,CA-324,0002,0039,2019-04-04 10:21:14-07:00,2019-04-04 17:58:37-07:00,7.39,2019-04-04 11:49:45-07:00,America/Los_Angeles
5cbbb99ff9af8b1153786f42,"[{'userID': 1154, 'milesRequested': 30, 'WhPerMile': 308, 'minutesAvailable': 353, 'modifiedAt': 'Thu, 04 Apr 2019 17:24:13 GMT', 'paymentRequired': True, 'requestedDeparture': 'Thu, 04 Apr 2019 23:16:49 GMT', 'kWhRequested': 9.24}, {'userID': 1154, 'milesRequested': 30, 'WhPerMile': 308, 'minutesAvailable': 353, 'modifiedAt': 'Thu, 04 Apr 2019 17:25:02 GMT', 'paymentRequired': True, 'requestedDeparture': 'Thu, 04 Apr 2019 23:16:49 GMT', 'kWhRequested': 9.24}]",000001154,2_39_79_381_2019-04-04 17:23:49.218379,2-39-79-381,CA-490,0002,0039,2019-04-04 10:23:49-07:00,2019-04-04 15:54:15-07:00,9.588,2019-04-04 15:53:58-07:00,America/Los_Angeles
5cbbb99ff9af8b1153786f43,,,2_39_79_382_2019-04-04 17:25:30.867862,2-39-79-382,CA-491,0002,0039,2019-04-04 10:25:31-07:00,2019-04-04 18:00:59-07:00,0.804,2019-04-04 16:46:30-07:00,America/Los_Angeles
5cbbb99ff9af8b1153786f44,"[{'userID': 891, 'milesRequested': 20, 'WhPerMile': 300, 'minutesAvailable': 310, 'modifiedAt': 'Thu, 04 Apr 2019 18:32:14 GMT', 'paymentRequired': True, 'requestedDeparture': 'Thu, 04 Apr 2019 23:42:08 GMT', 'kWhRequested': 6.0}]",000000891,2_39_124_22_2019-04-04 18:32:08.111610,2-39-124-22,CA-312,0002,0039,2019-04-04 11:32:08-07:00,2019-04-04 19:19:40-07:00,1.922,2019-04-04 12:16:42-07:00,America/Los_Angeles
5cbbb99ff9af8b1153786f45,,,2_39_78_360_2019-04-04 19:06:00.011874,2-39-78-360,CA-322,0002,0039,2019-04-04 12:06:00-07:00,2019-04-04 13:41:24-07:00,0.888,2019-04-04 13:29:43-07:00,America/Los_Angeles
5cbbb99ff9af8b1153786f46,"[{'userID': 1135, 'milesRequested': 30, 'WhPerMile': 400, 'minutesAvailable': 150, 'modifiedAt': 'Thu, 04 Apr 2019 19:19:23 GMT', 'paymentRequired': True, 'requestedDeparture': 'Thu, 04 Apr 2019 21:49:24 GMT', 'kWhRequested': 12.0}]",000001135,2_39_91_441_2019-04-04 19:19:23.557241,2-39-91-441,CA-499,0002,0039,2019-04-04 12:19:24-07:00,2019-04-04 14:46:09-07:00,8.635,2019-04-04 14:46:03-07:00,America/Los_Angeles
5cbbb99ff9af8b1153786f47,"[{'userID': 1082, 'milesRequested': 40, 'WhPerMile': 400, 'minutesAvailable': 291, 'modifiedAt': 'Thu, 04 Apr 2019 19:21:39 GMT', 'paymentRequired': True, 'requestedDeparture': 'Fri, 05 Apr 2019 00:12:12 GMT', 'kWhRequested': 16.0}]",000001082,2_39_78_362_2019-04-04 19:21:11.638568,2-39-78-362,CA-496,0002,0039,2019-04-04 12:21:12-07:00,2019-04-04 20:25:11-07:00,2.137,2019-04-04 20:26:11-07:00,America/Los_Angeles
5cbbb99ff9af8b1153786f48,"[{'userID': 171, 'milesRequested': 40, 'WhPerMile': 300, 'minutesAvailable': 284, 'modifiedAt': 'Thu, 04 Apr 2019 19:31:05 GMT', 'paymentRequired': True, 'requestedDeparture': 'Fri, 05 Apr 2019 00:11:03 GMT', 'kWhRequested': 12.0}]",000000171,2_39_127_19_2019-04-04 19:27:02.603090,2-39-127-19,CA-309,0002,0039,2019-04-04 12:27:03-07:00,2019-04-04 17:46:42-07:00,11.893,2019-04-04 15:16:22-07:00,America/Los_Angeles
5cbbb99ff9af8b1153786f49,,,2_39_78_363_2019-04-04 19:31:00.234769,2-39-78-363,CA-320,0002,0039,2019-04-04 12:31:00-07:00,2019-04-04 17:13:06-07:00,0.949,2019-04-04 17:09:16-07:00,America/Los_Angeles
5cbbb99ff9af8b1153786f4a,"[{'userID': 832, 'milesRequested': 40, 'WhPerMile': 300, 'minutesAvailable': 255, 'modifiedAt': 'Thu, 04 Apr 2019 19:45:06 GMT', 'paymentRequired': True, 'requestedDeparture': 'Thu, 04 Apr 2019 23:59:03 GMT', 'kWhRequested': 12.0}]",000000832,2_39_78_361_2019-04-04 19:44:02.811062,2-39-78-361,CA-493,0002,0039,2019-04-04 12:44:03-07:00,2019-04-04 17:04:47-07:00,11.176,2019-04-04 17:03:44-07:00,America/Los_Angeles
5cbbb99ff9af8b1153786f4b,"[{'userID': 1953, 'milesRequested': 20, 'WhPerMile': 400, 'minutesAvailable': 280, 'modifiedAt': 'Thu, 04 Apr 2019 20:03:11 GMT', 'paymentRequired': True, 'requestedDeparture': 'Fri, 05 Apr 2019 00:42:21 GMT', 'kWhRequested': 8.0}]",000001953,2_39_88_438_2019-04-04 20:02:20.677373,2-39-88-438,CA-502,0002,0039,2019-04-04 13:02:21-07:00,2019-04-04 18:19:38-07:00,3.829,2019-04-04 13:44:58-07:00,America/Los_Angeles
5cbbb99ff9af8b1153786f4c,"[{'userID': 1236, 'milesRequested': 20, 'WhPerMile': 400, 'minutesAvailable': 71, 'modifiedAt': 'Thu, 04 Apr 2019 20:36:42 GMT', 'paymentRequired': True, 'requestedDeparture': 'Thu, 04 Apr 2019 21:44:16 GMT', 'kWhRequested': 8.0}]",000001236,2_39_123_23_2019-04-04 20:33:16.085581,2-39-123-23,CA-313,0002,0039,2019-04-04 13:33:16-07:00,2019-04-04 14:49:00-07:00,4.045,2019-04-04 14:48:55-07:00,America/Los_Angeles
5cbbb99ff9af8b1153786f4d,"[{'userID': 752, 'milesRequested': 30, 'WhPerMile': 425, 'minutesAvailable': 440, 'modifiedAt': 'Thu, 04 Apr 2019 20:37:44 GMT', 'paymentRequired': True, 'requestedDeparture': 'Fri, 05 Apr 2019 03:57:18 GMT', 'kWhRequested': 12.75}]",000000752,2_39_83_386_2019-04-04 20:37:17.670621,2-39-83-386,CA-212,0002,0039,2019-04-04 13:37:18-07:00,2019-04-04 16:24:03-07:00,4.694,2019-04-04 15:10:29-07:00,America/Los_Angeles
5cbbb99ff9af8b1153786f4e,,,2_39_78_360_2019-04-04 20:58:45.226282,2-39-78-360,CA-322,0002,0039,2019-04-04 13:58:45-07:00,2019-04-04 14:31:16-07:00,0.899,2019-04-04 14:29:53-07:00,America/Los_Angeles
5cbbb99ff9af8b1153786f4f,"[{'userID': 1161, 'milesRequested': 40, 'WhPerMile': 400, 'minutesAvailable': 128, 'modifiedAt': 'Thu, 04 Apr 2019 21:15:43 GMT', 'paymentRequired': True, 'requestedDeparture': 'Thu, 04 Apr 2019 23:23:32 GMT', 'kWhRequested': 16.0}]",000001161,2_39_88_24_2019-04-04 21:15:31.823178,2-39-88-24,CA-314,0002,0039,2019-04-04 14:15:32-07:00,2019-04-04 14:38:43-07:00,1.236,2019-04-04 14:38:39-07:00,America/Los_Angeles
5cbbb99ff9af8b1153786f50,"[{'userID': 1039, 'milesRequested': 240, 'WhPerMile': 271, 'minutesAvailable': 201, 'modifiedAt': 'Thu, 04 Apr 2019 21:35:14 GMT', 'paymentRequired': True, 'requestedDeparture': 'Fri, 05 Apr 2019 00:55:26 GMT', 'kWhRequested': 65.04}]",000001039,2_39_78_364_2019-04-04 21:34:25.742587,2-39-78-364,CA-495,0002,0039,2019-04-04 14:34:26-07:00,2019-04-04 18:19:33-07:00,24.738,2019-04-04 18:19:28-07:00,America/Los_Angeles
5cbbb99ff9af8b1153786f51,,,2_39_78_360_2019-04-04 21:48:21.698236,2-39-78-360,CA-322,0002,0039,2019-04-04 14:48:22-07:00,2019-04-04 16:43:46-07:00,0.894,2019-04-04 16:01:08-07:00,America/Los_Angeles
5cbbb99ff9af8b1153786f52,"[{'userID': 567, 'milesRequested': 20, 'WhPerMile': 333, 'minutesAvailable': 415, 'modifiedAt': 'Thu, 04 Apr 2019 22:26:11 GMT', 'paymentRequired': True, 'requestedDeparture': 'Fri, 05 Apr 2019 05:21:02 GMT', 'kWhRequested': 6.66}, {'userID': 567, 'milesRequested': 20, 'WhPerMile': 333, 'minutesAvailable': 144, 'modifiedAt': 'Thu, 04 Apr 2019 22:26:33 GMT', 'paymentRequired': True, 'requestedDeparture': 'Fri, 05 Apr 2019 00:50:02 GMT', 'kWhRequested': 6.66}]",000000567,2_39_123_23_2019-04-04 22:26:02.378645,2-39-123-23,CA-313,0002,0039,2019-04-04 15:26:02-07:00,2019-04-04 19:13:06-07:00,3.768,2019-04-04 16:35:39-07:00,America/Los_Angeles
5cbbb99ff9af8b1153786f53,"[{'userID': 867, 'milesRequested': 60, 'WhPerMile': 400, 'minutesAvailable': 123, 'modifiedAt': 'Thu, 04 Apr 2019 22:27:28 GMT', 'paymentRequired': True, 'requestedDeparture': 'Fri, 05 Apr 2019 00:30:26 GMT', 'kWhRequested': 24.0}]",000000867,2_39_91_441_2019-04-04 22:27:26.133566,2-39-91-441,CA-499,0002,0039,2019-04-04 15:27:26-07:00,2019-04-04 17:36:45-07:00,14.287,2019-04-04 17:36:29-07:00,America/Los_Angeles
5cbbb99ff9af8b1153786f54,"[{'userID': 838, 'milesRequested': 80, 'WhPerMile': 433, 'minutesAvailable': 307, 'modifiedAt': 'Thu, 04 Apr 2019 23:52:38 GMT', 'paymentRequired': True, 'requestedDeparture': 'Fri, 05 Apr 2019 04:59:23 GMT', 'kWhRequested': 34.64}, {'userID': 838, 'milesRequested': 80, 'WhPerMile': 433, 'minutesAvailable': 307, 'modifiedAt': 'Thu, 04 Apr 2019 23:52:51 GMT', 'paymentRequired': True, 'requestedDeparture': 'Fri, 05 Apr 2019 04:59:23 GMT', 'kWhRequested': 34.64}]",000000838,2_39_128_18_2019-04-04 23:52:23.509076,2-39-128-18,CA-308,0002,0039,2019-04-04 16:52:23-07:00,2019-04-05 06:40:08-07:00,15.671,2019-04-04 21:22:12-07:00,America/Los_Angeles
5cbbb99ff9af8b1153786f55,"[{'userID': 1108, 'milesRequested': 50, 'WhPerMile': 400, 'minutesAvailable': 258, 'modifiedAt': 'Fri, 05 Apr 2019 00:59:00 GMT', 'paymentRequired': True, 'requestedDeparture': 'Fri, 05 Apr 2019 05:14:45 GMT', 'kWhRequested': 20.0}]",000001108,2_39_79_377_2019-04-05 00:56:45.122638,2-39-79-377,CA-325,0002,0039,2019-04-04 17:56:45-07:00,2019-04-04 22:08:18-07:00,14.687,2019-04-04 22:08:13-07:00,America/Los_Angeles
5cbbb99ff9af8b1153786f56,"[{'userID': 1089, 'milesRequested': 20, 'WhPerMile': 400, 'minutesAvailable': 59, 'modifiedAt': 'Fri, 05 Apr 2019 02:07:21 GMT', 'paymentRequired': True, 'requestedDeparture': 'Fri, 05 Apr 2019 03:06:04 GMT', 'kWhRequested': 8.0}]",000001089,2_39_78_365_2019-04-05 02:07:04.490521,2-39-78-365,CA-321,0002,0039,2019-04-04 19:07:04-07:00,2019-04-04 20:21:14-07:00,4.302,2019-04-04 20:21:17-07:00,America/Los_Angeles
5cbbb99ff9af8b1153786f57,"[{'userID': 1263, 'milesRequested': 70, 'WhPerMile': 250, 'minutesAvailable': 61, 'modifiedAt': 'Fri, 05 Apr 2019 03:29:25 GMT', 'paymentRequired': True, 'requestedDeparture': 'Fri, 05 Apr 2019 04:29:25 GMT', 'kWhRequested': 17.5}]",000001263,2_39_139_28_2019-04-05 03:28:25.429567,2-39-139-28,CA-303,0002,0039,2019-04-04 20:28:25-07:00,2019-04-04 21:46:39-07:00,8.218,2019-04-04 21:46:34-07:00,America/Los_Angeles
5cbbb99ff9af8b1153786f58,,,2_39_131_30_2019-04-05 04:22:45.828998,2-39-131-30,CA-305,0002,0039,2019-04-04 21:22:46-07:00,2019-04-04 22:09:59-07:00,0.887,2019-04-04 22:09:51-07:00,America/Los_Angeles
5cbd0b1ff9af8b14e887a44f,"[{'userID': 743, 'milesRequested': 20, 'WhPerMile': 400, 'minutesAvailable': 76, 'modifiedAt': 'Fri, 05 Apr 2019 13:27:44 GMT', 'paymentRequired': True, 'requestedDeparture': 'Fri, 05 Apr 2019 14:37:20 GMT', 'kWhRequested': 8.0}, {'userID': 743, 'milesRequested': 20, 'WhPerMile': 400, 'minutesAvailable': 76, 'modifiedAt': 'Fri, 05 Apr 2019 13:27:56 GMT', 'paymentRequired': True, 'requestedDeparture': 'Fri, 05 Apr 2019 14:37:20 GMT', 'kWhRequested': 8.0}]",000000743,2_39_89_25_2019-04-05 13:21:19.543282,2-39-89-25,CA-315,0002,0039,2019-04-05 06:21:20-07:00,2019-04-05 07:40:32-07:00,3.913,2019-04-05 07:40:27-07:00,America/Los_Angeles
5cbd0b1ff9af8b14e887a450,"[{'userID': 569, 'milesRequested': 30, 'WhPerMile': 300, 'minutesAvailable': 529, 'modifiedAt': 'Fri, 05 Apr 2019 14:09:43 GMT', 'paymentRequired': True, 'requestedDeparture': 'Fri, 05 Apr 2019 22:58:13 GMT', 'kWhRequested': 9.0}]",000000569,2_39_78_366_2019-04-05 14:09:12.656282,2-39-78-366,CA-323,0002,0039,2019-04-05 07:09:13-07:00,2019-04-05 17:09:50-07:00,6.172,2019-04-05 12:31:09-07:00,America/Los_Angeles
5cbd0b1ff9af8b14e887a451,"[{'userID': 1524, 'milesRequested': 30, 'WhPerMile': 400, 'minutesAvailable': 204, 'modifiedAt': 'Fri, 05 Apr 2019 14:38:38 GMT', 'paymentRequired': True, 'requestedDeparture': 'Fri, 05 Apr 2019 17:59:18 GMT', 'kWhRequested': 12.0}]",000001524,2_39_78_367_2019-04-05 14:35:17.571956,2-39-78-367,CA-494,0002,0039,2019-04-05 07:35:18-07:00,2019-04-05 17:17:42-07:00,10.285,2019-04-05 16:05:52-07:00,America/Los_Angeles
5cbd0b1ff9af8b14e887a452,"[{'userID': 850, 'milesRequested': 100, 'WhPerMile': 300, 'minutesAvailable': 60, 'modifiedAt': 'Fri, 05 Apr 2019 14:59:09 GMT', 'paymentRequired': True, 'requestedDeparture': 'Fri, 05 Apr 2019 15:59:06 GMT', 'kWhRequested': 30.0}]",000000850,2_39_79_382_2019-04-05 14:59:06.186519,2-39-79-382,CA-491,0002,0039,2019-04-05 07:59:06-07:00,2019-04-05 16:25:52-07:00,9.921,2019-04-05 09:38:55-07:00,America/Los_Angeles
5cbd0b1ff9af8b14e887a453,"[{'userID': 1104, 'milesRequested': 120, 'WhPerMile': 250, 'minutesAvailable': 428, 'modifiedAt': 'Fri, 05 Apr 2019 15:14:46 GMT', 'paymentRequired': True, 'requestedDeparture': 'Fri, 05 Apr 2019 22:21:26 GMT', 'kWhRequested': 30.0}]",000001104,2_39_79_381_2019-04-05 15:13:25.648864,2-39-79-381,CA-490,0002,0039,2019-04-05 08:13:26-07:00,2019-04-05 17:24:36-07:00,16.264,2019-04-05 17:24:31-07:00,America/Los_Angeles
5cbd0b1ff9af8b14e887a454,,,2_39_79_379_2019-04-05 15:20:18.216990,2-39-79-379,CA-327,0002,0039,2019-04-05 08:20:18-07:00,2019-04-05 18:04:23-07:00,0.903,2019-04-05 16:58:12-07:00,America/Los_Angeles
5cbd0b1ff9af8b14e887a455,"[{'userID': 562, 'milesRequested': 20, 'WhPerMile': 300, 'minutesAvailable': 211, 'modifiedAt': 'Fri, 05 Apr 2019 15:22:31 GMT', 'paymentRequired': True, 'requestedDeparture': 'Fri, 05 Apr 2019 18:52:49 GMT', 'kWhRequested': 6.0}]",000000562,2_39_139_28_2019-04-05 15:21:49.123303,2-39-139-28,CA-303,0002,0039,2019-04-05 08:21:49-07:00,2019-04-05 12:17:13-07:00,4.787,2019-04-05 09:52:47-07:00,America/Los_Angeles
5cbd0b1ff9af8b14e887a456,"[{'userID': 559, 'milesRequested': 30, 'WhPerMile': 313, 'minutesAvailable': 337, 'modifiedAt': 'Fri, 05 Apr 2019 15:29:06 GMT', 'paymentRequired': True, 'requestedDeparture': 'Fri, 05 Apr 2019 21:04:06 GMT', 'kWhRequested': 9.39}]",000000559,2_39_79_378_2019-04-05 15:27:05.518227,2-39-79-378,CA-326,0002,0039,2019-04-05 08:27:06-07:00,2019-04-05 17:29:43-07:00,6.238,2019-04-05 12:05:00-07:00,America/Los_Angeles
5cbd0b1ff9af8b14e887a457,"[{'userID': 1470, 'milesRequested': 40, 'WhPerMile': 292, 'minutesAvailable': 254, 'modifiedAt': 'Fri, 05 Apr 2019 15:27:53 GMT', 'paymentRequired': True, 'requestedDeparture': 'Fri, 05 Apr 2019 19:41:30 GMT', 'kWhRequested': 11.68}, {'userID': 1470, 'milesRequested': 40, 'WhPerMile': 292, 'minutesAvailable': 254, 'modifiedAt': 'Fri, 05 Apr 2019 16:11:10 GMT', 'paymentRequired': True, 'requestedDeparture': 'Fri, 05 Apr 2019 19:41:30 GMT', 'kWhRequested': 11.68}]",000001470,2_39_79_377_2019-04-05 15:27:30.111443,2-39-79-377,CA-325,0002,0039,2019-04-05 08:27:30-07:00,2019-04-05 16:47:26-07:00,11.575,2019-04-05 12:55:23-07:00,America/Los_Angeles
5cbd0b1ff9af8b14e887a458,"[{'userID': 818, 'milesRequested': 180, 'WhPerMile': 250, 'minutesAvailable': 466, 'modifiedAt': 'Fri, 05 Apr 2019 15:58:25 GMT', 'paymentRequired': True, 'requestedDeparture': 'Fri, 05 Apr 2019 23:43:50 GMT', 'kWhRequested': 45.0}]",000000818,2_39_91_441_2019-04-05 15:57:50.055170,2-39-91-441,CA-499,0002,0039,2019-04-05 08:57:50-07:00,2019-04-05 15:22:11-07:00,38.735,2019-04-05 14:51:22-07:00,America/Los_Angeles
5cbd0b1ff9af8b14e887a459,"[{'userID': 1243, 'milesRequested': 120, 'WhPerMile': 278, 'minutesAvailable': 496, 'modifiedAt': 'Fri, 05 Apr 2019 15:58:52 GMT', 'paymentRequired': True, 'requestedDeparture': 'Sat, 06 Apr 2019 00:14:18 GMT', 'kWhRequested': 33.36}]",000001243,2_39_92_442_2019-04-05 15:58:17.967394,2-39-92-442,CA-498,0002,0039,2019-04-05 08:58:18-07:00,2019-04-05 18:19:55-07:00,28.708,2019-04-05 13:12:36-07:00,America/Los_Angeles
5cbd0b1ff9af8b14e887a45a,"[{'userID': 712, 'milesRequested': 30, 'WhPerMile': 600, 'minutesAvailable': 392, 'modifiedAt': 'Fri, 05 Apr 2019 16:11:40 GMT', 'paymentRequired': True, 'requestedDeparture': 'Fri, 05 Apr 2019 22:43:30 GMT', 'kWhRequested': 18.0}]",000000712,2_39_131_30_2019-04-05 16:11:29.746484,2-39-131-30,CA-305,0002,0039,2019-04-05 09:11:30-07:00,2019-04-05 19:55:48-07:00,4.507,2019-04-05 10:32:36-07:00,America/Los_Angeles
5cbd0b1ff9af8b14e887a45b,"[{'userID': 743, 'milesRequested': 20, 'WhPerMile': 400, 'minutesAvailable': 446, 'modifiedAt': 'Fri, 05 Apr 2019 16:30:38 GMT', 'paymentRequired': True, 'requestedDeparture': 'Fri, 05 Apr 2019 23:56:21 GMT', 'kWhRequested': 8.0}]",000000743,2_39_89_25_2019-04-05 16:30:20.887179,2-39-89-25,CA-315,0002,0039,2019-04-05 09:30:21-07:00,2019-04-05 17:19:50-07:00,4.374,2019-04-05 10:57:26-07:00,America/Los_Angeles
5cbd0b1ff9af8b14e887a45c,"[{'userID': 567, 'milesRequested': 20, 'WhPerMile': 333, 'minutesAvailable': 425, 'modifiedAt': 'Fri, 05 Apr 2019 16:46:06 GMT', 'paymentRequired': True, 'requestedDeparture': 'Fri, 05 Apr 2019 23:50:46 GMT', 'kWhRequested': 6.66}]",000000567,2_39_123_23_2019-04-05 16:45:46.040437,2-39-123-23,CA-313,0002,0039,2019-04-05 09:45:46-07:00,2019-04-05 18:36:46-07:00,6.269,2019-04-05 11:40:20-07:00,America/Los_Angeles
5cbd0b1ff9af8b14e887a45d,"[{'userID': 1208, 'milesRequested': 100, 'WhPerMile': 400, 'minutesAvailable': 439, 'modifiedAt': 'Fri, 05 Apr 2019 17:04:33 GMT', 'paymentRequired': True, 'requestedDeparture': 'Sat, 06 Apr 2019 00:20:14 GMT', 'kWhRequested': 40.0}]",000001208,2_39_79_383_2019-04-05 17:01:13.840069,2-39-79-383,CA-492,0002,0039,2019-04-05 10:01:14-07:00,2019-04-05 13:38:38-07:00,15.55,2019-04-05 13:38:33-07:00,America/Los_Angeles
5cbd0b1ff9af8b14e887a45e,"[{'userID': 1274, 'milesRequested': 30, 'WhPerMile': 333, 'minutesAvailable': 384, 'modifiedAt': 'Fri, 05 Apr 2019 17:08:20 GMT', 'paymentRequired': True, 'requestedDeparture': 'Fri, 05 Apr 2019 23:31:28 GMT', 'kWhRequested': 9.99}]",000001274,2_39_78_360_2019-04-05 17:07:27.698587,2-39-78-360,CA-322,0002,0039,2019-04-05 10:07:28-07:00,2019-04-05 12:55:25-07:00,9.895,2019-04-05 12:33:56-07:00,America/Los_Angeles
5cbd0b1ff9af8b14e887a45f,"[{'userID': 1124, 'milesRequested': 20, 'WhPerMile': 450, 'minutesAvailable': 60, 'modifiedAt': 'Fri, 05 Apr 2019 17:16:43 GMT', 'paymentRequired': True, 'requestedDeparture': 'Fri, 05 Apr 2019 18:16:21 GMT', 'kWhRequested': 9.0}]",000001124,2_39_95_27_2019-04-05 17:16:21.051596,2-39-95-27,CA-319,0002,0039,2019-04-05 10:16:21-07:00,2019-04-05 17:35:21-07:00,6.284,2019-04-05 12:12:24-07:00,America/Los_Angeles
5cbd0b1ff9af8b14e887a460,"[{'userID': 248, 'milesRequested': 60, 'WhPerMile': 250, 'minutesAvailable': 93, 'modifiedAt': 'Fri, 05 Apr 2019 17:30:49 GMT', 'paymentRequired': True, 'requestedDeparture': 'Fri, 05 Apr 2019 19:03:11 GMT', 'kWhRequested': 15.0}, {'userID': 248, 'milesRequested': 70, 'WhPerMile': 250, 'minutesAvailable': 93, 'modifiedAt': 'Fri, 05 Apr 2019 18:14:11 GMT', 'paymentRequired': True, 'requestedDeparture': 'Fri, 05 Apr 2019 19:03:11 GMT', 'kWhRequested': 17.5}]",000000248,2_39_78_365_2019-04-05 17:30:10.725215,2-39-78-365,CA-321,0002,0039,2019-04-05 10:30:11-07:00,2019-04-05 12:05:02-07:00,10.201,2019-04-05 12:04:54-07:00,America/Los_Angeles
5cbd0b1ff9af8b14e887a461,"[{'userID': 1095, 'milesRequested': 30, 'WhPerMile': 469, 'minutesAvailable': 432, 'modifiedAt': 'Fri, 05 Apr 2019 17:32:23 GMT', 'paymentRequired': True, 'requestedDeparture': 'Sat, 06 Apr 2019 00:44:13 GMT', 'kWhRequested': 14.07}]",000001095,2_39_90_440_2019-04-05 17:32:13.223354,2-39-90-440,CA-500,0002,0039,2019-04-05 10:32:13-07:00,2019-04-05 17:54:06-07:00,11.719,2019-04-05 12:29:23-07:00,America/Los_Angeles
5cbd0b1ff9af8b14e887a462,,,2_39_124_22_2019-04-05 18:33:09.376475,2-39-124-22,CA-312,0002,0039,2019-04-05 11:33:09-07:00,2019-04-05 18:24:58-07:00,0.855,2019-04-05 16:09:40-07:00,America/Los_Angeles
5cbd0b1ff9af8b14e887a463,"[{'userID': 676, 'milesRequested': 60, 'WhPerMile': 364, 'minutesAvailable': 473, 'modifiedAt': 'Fri, 05 Apr 2019 18:33:43 GMT', 'paymentRequired': True, 'requestedDeparture': 'Sat, 06 Apr 2019 02:26:13 GMT', 'kWhRequested': 21.84}]",000000676,2_39_90_26_2019-04-05 18:33:36.920628,2-39-90-26,CA-316,0002,0039,2019-04-05 11:33:13-07:00,2019-04-05 21:01:20-07:00,14.383,2019-04-05 15:54:25-07:00,America/Los_Angeles
5cbd0b1ff9af8b14e887a464,"[{'userID': 1953, 'milesRequested': 20, 'WhPerMile': 400, 'minutesAvailable': 280, 'modifiedAt': 'Fri, 05 Apr 2019 18:43:39 GMT', 'paymentRequired': True, 'requestedDeparture': 'Fri, 05 Apr 2019 23:23:20 GMT', 'kWhRequested': 8.0}]",000001953,2_39_95_444_2019-04-05 18:43:20.030536,2-39-95-444,CA-497,0002,0039,2019-04-05 11:43:20-07:00,2019-04-05 17:52:47-07:00,6.952,2019-04-05 12:55:10-07:00,America/Los_Angeles
5cbd0b1ff9af8b14e887a465,"[{'userID': 832, 'milesRequested': 20, 'WhPerMile': 300, 'minutesAvailable': 255, 'modifiedAt': 'Fri, 05 Apr 2019 19:03:25 GMT', 'paymentRequired': True, 'requestedDeparture': 'Fri, 05 Apr 2019 23:17:15 GMT', 'kWhRequested': 6.0}]",000000832,2_39_79_380_2019-04-05 19:02:14.655038,2-39-79-380,CA-489,0002,0039,2019-04-05 12:02:15-07:00,2019-04-05 17:20:23-07:00,5.978,2019-04-05 16:16:44-07:00,America/Los_Angeles
5cbd0b1ff9af8b14e887a466,"[{'userID': 1746, 'milesRequested': 60, 'WhPerMile': 458, 'minutesAvailable': 96, 'modifiedAt': 'Fri, 05 Apr 2019 19:23:32 GMT', 'paymentRequired': True, 'requestedDeparture': 'Fri, 05 Apr 2019 20:59:20 GMT', 'kWhRequested': 27.48}, {'userID': 1746, 'milesRequested': 60, 'WhPerMile': 458, 'minutesAvailable': 96, 'modifiedAt': 'Fri, 05 Apr 2019 20:32:16 GMT', 'paymentRequired': True, 'requestedDeparture': 'Fri, 05 Apr 2019 20:59:20 GMT', 'kWhRequested': 27.48}]",000001746,2_39_127_19_2019-04-05 19:23:19.594302,2-39-127-19,CA-309,0002,0039,2019-04-05 12:23:20-07:00,2019-04-05 13:33:51-07:00,3.022,2019-04-05 13:24:15-07:00,America/Los_Angeles
5cbd0b1ff9af8b14e887a467,"[{'userID': 1082, 'milesRequested': 40, 'WhPerMile': 400, 'minutesAvailable': 291, 'modifiedAt': 'Fri, 05 Apr 2019 19:35:46 GMT', 'paymentRequired': True, 'requestedDeparture': 'Sat, 06 Apr 2019 00:25:47 GMT', 'kWhRequested': 16.0}]",000001082,2_39_78_365_2019-04-05 19:34:46.815776,2-39-78-365,CA-321,0002,0039,2019-04-05 12:34:47-07:00,2019-04-05 20:42:13-07:00,2.366,2019-04-05 13:42:27-07:00,America/Los_Angeles
5cbd0b1ff9af8b14e887a468,,,2_39_78_360_2019-04-05 20:10:55.895995,2-39-78-360,CA-322,0002,0039,2019-04-05 13:10:56-07:00,2019-04-05 18:29:38-07:00,0.816,2019-04-05 18:13:09-07:00,America/Los_Angeles
5cbd0b1ff9af8b14e887a469,"[{'userID': 1236, 'milesRequested': 20, 'WhPerMile': 400, 'minutesAvailable': 71, 'modifiedAt': 'Fri, 05 Apr 2019 21:16:11 GMT', 'paymentRequired': True, 'requestedDeparture': 'Fri, 05 Apr 2019 22:24:31 GMT', 'kWhRequested': 8.0}]",000001236,2_39_92_436_2019-04-05 21:13:30.630630,2-39-92-436,CA-318,0002,0039,2019-04-05 14:13:31-07:00,2019-04-05 15:24:21-07:00,3.819,2019-04-05 15:24:16-07:00,America/Los_Angeles
5cbd0b1ff9af8b14e887a46a,"[{'userID': 1384, 'milesRequested': 70, 'WhPerMile': 400, 'minutesAvailable': 135, 'modifiedAt': 'Fri, 05 Apr 2019 21:15:44 GMT', 'paymentRequired': True, 'requestedDeparture': 'Fri, 05 Apr 2019 23:30:29 GMT', 'kWhRequested': 28.0}]",000001384,2_39_78_363_2019-04-05 21:15:28.766701,2-39-78-363,CA-320,0002,0039,2019-04-05 14:15:29-07:00,2019-04-05 23:41:29-07:00,15.83,2019-04-05 18:51:25-07:00,America/Los_Angeles
5cbd0b1ff9af8b14e887a46b,"[{'userID': 2192, 'milesRequested': 20, 'WhPerMile': 400, 'minutesAvailable': 60, 'modifiedAt': 'Fri, 05 Apr 2019 23:24:10 GMT', 'paymentRequired': True, 'requestedDeparture': 'Sat, 06 Apr 2019 00:22:31 GMT', 'kWhRequested': 8.0}, {'userID': 2192, 'milesRequested': 20, 'WhPerMile': 400, 'minutesAvailable': 60, 'modifiedAt': 'Sat, 06 Apr 2019 00:13:43 GMT', 'paymentRequired': True, 'requestedDeparture': 'Sat, 06 Apr 2019 00:22:31 GMT', 'kWhRequested': 8.0}]",000002192,2_39_138_29_2019-04-05 23:22:31.098985,2-39-138-29,CA-304,0002,0039,2019-04-05 16:22:31-07:00,2019-04-05 17:13:49-07:00,5.675,2019-04-05 17:13:44-07:00,America/Los_Angeles
5cbd0b1ff9af8b14e887a46c,,,2_39_125_21_2019-04-05 23:38:27.542824,2-39-125-21,CA-311,0002,0039,2019-04-05 16:38:28-07:00,2019-04-05 17:42:14-07:00,0.828,2019-04-05 17:43:13-07:00,America/Los_Angeles
5cbd0b1ff9af8b14e887a46d,"[{'userID': 1135, 'milesRequested': 40, 'WhPerMile': 400, 'minutesAvailable': 150, 'modifiedAt': 'Sat, 06 Apr 2019 00:18:09 GMT', 'paymentRequired': True, 'requestedDeparture': 'Sat, 06 Apr 2019 02:47:34 GMT', 'kWhRequested': 16.0}]",000001135,2_39_79_382_2019-04-06 00:17:33.638656,2-39-79-382,CA-491,0002,0039,2019-04-05 17:17:34-07:00,2019-04-05 20:28:53-07:00,11.343,2019-04-05 20:28:48-07:00,America/Los_Angeles
5cbd0b1ff9af8b14e887a46e,"[{'userID': 838, 'milesRequested': 80, 'WhPerMile': 433, 'minutesAvailable': 307, 'modifiedAt': 'Sat, 06 Apr 2019 02:00:42 GMT', 'paymentRequired': True, 'requestedDeparture': 'Sat, 06 Apr 2019 07:07:40 GMT', 'kWhRequested': 34.64}, {'userID': 838, 'milesRequested': 80, 'WhPerMile': 433, 'minutesAvailable': 307, 'modifiedAt': 'Sat, 06 Apr 2019 02:00:45 GMT', 'paymentRequired': True, 'requestedDeparture': 'Sat, 06 Apr 2019 07:07:40 GMT', 'kWhRequested': 34.64}, {'userID': 838, 'milesRequested': 80, 'WhPerMile': 433, 'minutesAvailable': 307, 'modifiedAt': 'Sat, 06 Apr 2019 02:00:50 GMT', 'paymentRequired': True, 'requestedDeparture': 'Sat, 06 Apr 2019 07:07:40 GMT', 'kWhRequested': 34.64}]",000000838,2_39_139_28_2019-04-06 02:00:40.028946,2-39-139-28,CA-303,0002,0039,2019-04-05 19:00:40-07:00,2019-04-06 17:21:49-07:00,15.215,2019-04-05 23:30:16-07:00,America/Los_Angeles
5cbd0b1ff9af8b14e887a46f,"[{'userID': 1826, 'milesRequested': 40, 'WhPerMile': 400, 'minutesAvailable': 320, 'modifiedAt': 'Sat, 06 Apr 2019 05:10:59 GMT', 'paymentRequired': True, 'requestedDeparture': 'Sat, 06 Apr 2019 10:31:00 GMT', 'kWhRequested': 16.0}]",000001826,2_39_130_31_2019-04-06 05:10:33.358544,2-39-130-31,CA-306,0002,0039,2019-04-05 22:11:00-07:00,2019-04-06 18:04:23-07:00,14.022,2019-04-06 00:33:11-07:00,America/Los_Angeles
5cbe5c92f9af8b18e380cfa0,"[{'userID': 1142, 'milesRequested': 30, 'WhPerMile': 400, 'minutesAvailable': 614, 'modifiedAt': 'Sat, 06 Apr 2019 14:07:15 GMT', 'paymentRequired': True, 'requestedDeparture': 'Sun, 07 Apr 2019 00:18:58 GMT', 'kWhRequested': 12.0}]",000001142,2_39_79_380_2019-04-06 14:04:58.494153,2-39-79-380,CA-489,0002,0039,2019-04-06 07:04:58-07:00,2019-04-06 20:06:25-07:00,13.743,2019-04-06 16:49:22-07:00,America/Los_Angeles
5cbe5c92f9af8b18e380cfa1,,,2_39_89_25_2019-04-06 14:16:21.455981,2-39-89-25,CA-315,0002,0039,2019-04-06 07:16:21-07:00,2019-04-06 08:17:38-07:00,0.946,2019-04-06 08:18:36-07:00,America/Los_Angeles
5cbe5c92f9af8b18e380cfa2,"[{'userID': 675, 'milesRequested': 40, 'WhPerMile': 399, 'minutesAvailable': 99, 'modifiedAt': 'Sat, 06 Apr 2019 14:56:20 GMT', 'paymentRequired': True, 'requestedDeparture': 'Sat, 06 Apr 2019 16:34:41 GMT', 'kWhRequested': 15.96}]",000000675,2_39_138_29_2019-04-06 14:55:40.764473,2-39-138-29,CA-304,0002,0039,2019-04-06 07:55:41-07:00,2019-04-06 09:41:41-07:00,4.118,2019-04-06 08:48:05-07:00,America/Los_Angeles
5cbe5c92f9af8b18e380cfa3,"[{'userID': 743, 'milesRequested': 20, 'WhPerMile': 400, 'minutesAvailable': 58, 'modifiedAt': 'Sat, 06 Apr 2019 15:15:11 GMT', 'paymentRequired': True, 'requestedDeparture': 'Sat, 06 Apr 2019 16:12:56 GMT', 'kWhRequested': 8.0}]",000000743,2_39_123_23_2019-04-06 15:14:56.321267,2-39-123-23,CA-313,0002,0039,2019-04-06 08:14:56-07:00,2019-04-06 09:28:06-07:00,3.965,2019-04-06 09:28:03-07:00,America/Los_Angeles
5cbe5c92f9af8b18e380cfa4,,,2_39_89_25_2019-04-06 15:17:41.544806,2-39-89-25,CA-315,0002,0039,2019-04-06 08:17:42-07:00,2019-04-06 10:59:08-07:00,0.946,2019-04-06 10:58:16-07:00,America/Los_Angeles
5cbe5c92f9af8b18e380cfa5,"[{'userID': 1346, 'milesRequested': 80, 'WhPerMile': 400, 'minutesAvailable': 36, 'modifiedAt': 'Sat, 06 Apr 2019 16:46:44 GMT', 'paymentRequired': True, 'requestedDeparture': 'Sat, 06 Apr 2019 17:20:56 GMT', 'kWhRequested': 32.0}, {'userID': 1346, 'milesRequested': 80, 'WhPerMile': 400, 'minutesAvailable': 36, 'modifiedAt': 'Sat, 06 Apr 2019 16:46:59 GMT', 'paymentRequired': True, 'requestedDeparture': 'Sat, 06 Apr 2019 17:20:56 GMT', 'kWhRequested': 32.0}]",000001346,2_39_129_17_2019-04-06 16:44:56.368472,2-39-129-17,CA-307,0002,0039,2019-04-06 09:44:56-07:00,2019-04-06 11:44:16-07:00,11.317,2019-04-06 11:31:04-07:00,America/Los_Angeles
5cbe5c92f9af8b18e380cfa6,,,2_39_125_21_2019-04-06 16:57:49.382854,2-39-125-21,CA-311,0002,0039,2019-04-06 09:57:49-07:00,2019-04-06 12:41:02-07:00,0.785,2019-04-06 10:30:07-07:00,America/Los_Angeles
5cbe5c92f9af8b18e380cfa7,"[{'userID': 1133, 'milesRequested': 20, 'WhPerMile': 400, 'minutesAvailable': 60, 'modifiedAt': 'Sat, 06 Apr 2019 17:19:34 GMT', 'paymentRequired': True, 'requestedDeparture': 'Sat, 06 Apr 2019 18:18:40 GMT', 'kWhRequested': 8.0}]",000001133,2_39_128_18_2019-04-06 17:18:39.592381,2-39-128-18,CA-308,0002,0039,2019-04-06 10:18:40-07:00,2019-04-06 12:18:08-07:00,7.878,2019-04-06 11:34:54-07:00,America/Los_Angeles
5cbe5c92f9af8b18e380cfa8,,,2_39_88_24_2019-04-06 18:00:59.214728,2-39-88-24,CA-314,0002,0039,2019-04-06 11:00:59-07:00,2019-04-06 12:35:10-07:00,0.915,2019-04-06 11:31:35-07:00,America/Los_Angeles
5cbe5c92f9af8b18e380cfa9,,,2_39_128_18_2019-04-06 19:40:15.696010,2-39-128-18,CA-308,0002,0039,2019-04-06 12:40:16-07:00,2019-04-06 13:44:54-07:00,0.711,2019-04-06 13:08:30-07:00,America/Los_Angeles
5cbe5c92f9af8b18e380cfaa,"[{'userID': 712, 'milesRequested': 30, 'WhPerMile': 600, 'minutesAvailable': 197, 'modifiedAt': 'Sat, 06 Apr 2019 19:45:38 GMT', 'paymentRequired': True, 'requestedDeparture': 'Sat, 06 Apr 2019 23:02:29 GMT', 'kWhRequested': 18.0}]",000000712,2_39_131_30_2019-04-06 19:45:28.854050,2-39-131-30,CA-305,0002,0039,2019-04-06 12:45:29-07:00,2019-04-06 20:40:48-07:00,4.799,2019-04-06 14:10:43-07:00,America/Los_Angeles
5cbe5c92f9af8b18e380cfab,"[{'userID': 1202, 'milesRequested': 40, 'WhPerMile': 375, 'minutesAvailable': 161, 'modifiedAt': 'Sat, 06 Apr 2019 20:26:33 GMT', 'paymentRequired': True, 'requestedDeparture': 'Sat, 06 Apr 2019 23:07:09 GMT', 'kWhRequested': 15.0}]",000001202,2_39_125_21_2019-04-06 20:26:09.307609,2-39-125-21,CA-311,0002,0039,2019-04-06 13:26:09-07:00,2019-04-06 18:09:57-07:00,11.908,2019-04-06 17:11:37-07:00,America/Los_Angeles
5cbe5c92f9af8b18e380cfac,,,2_39_78_366_2019-04-06 20:52:00.507343,2-39-78-366,CA-323,0002,0039,2019-04-06 13:52:00-07:00,2019-04-06 16:26:25-07:00,0.901,2019-04-06 14:22:18-07:00,America/Los_Angeles
5cbe5c92f9af8b18e380cfad,"[{'userID': 1025, 'milesRequested': 30, 'WhPerMile': 400, 'minutesAvailable': 187, 'modifiedAt': 'Sat, 06 Apr 2019 21:31:07 GMT', 'paymentRequired': True, 'requestedDeparture': 'Sun, 07 Apr 2019 00:38:04 GMT', 'kWhRequested': 12.0}]",000001025,2_39_128_18_2019-04-06 21:31:03.702755,2-39-128-18,CA-308,0002,0039,2019-04-06 14:31:04-07:00,2019-04-06 18:19:37-07:00,3.918,2019-04-06 15:58:40-07:00,America/Los_Angeles
5cbe5c92f9af8b18e380cfae,"[{'userID': 1222, 'milesRequested': 20, 'WhPerMile': 400, 'minutesAvailable': 72, 'modifiedAt': 'Sat, 06 Apr 2019 22:33:53 GMT', 'paymentRequired': True, 'requestedDeparture': 'Sat, 06 Apr 2019 23:45:35 GMT', 'kWhRequested': 8.0}]",000001222,2_39_95_27_2019-04-06 22:33:34.865666,2-39-95-27,CA-319,0002,0039,2019-04-06 15:33:35-07:00,2019-04-06 18:52:08-07:00,6.185,2019-04-06 17:33:58-07:00,America/Los_Angeles
5cbe5c92f9af8b18e380cfaf,"[{'userID': 1746, 'milesRequested': 60, 'WhPerMile': 458, 'minutesAvailable': 96, 'modifiedAt': 'Sat, 06 Apr 2019 22:40:29 GMT', 'paymentRequired': True, 'requestedDeparture': 'Sun, 07 Apr 2019 00:16:10 GMT', 'kWhRequested': 27.48}, {'userID': 1746, 'milesRequested': 60, 'WhPerMile': 458, 'minutesAvailable': 96, 'modifiedAt': 'Sun, 07 Apr 2019 00:40:10 GMT', 'paymentRequired': True, 'requestedDeparture': 'Sun, 07 Apr 2019 00:16:10 GMT', 'kWhRequested': 27.48}]",000001746,2_39_89_25_2019-04-06 22:40:09.951207,2-39-89-25,CA-315,0002,0039,2019-04-06 15:40:10-07:00,2019-04-06 17:40:21-07:00,5.228,2019-04-06 17:20:59-07:00,America/Los_Angeles
5cbe5c92f9af8b18e380cfb0,,,2_39_79_376_2019-04-06 23:26:42.087407,2-39-79-376,CA-324,0002,0039,2019-04-06 16:26:42-07:00,2019-04-06 18:31:26-07:00,0.923,2019-04-06 18:32:24-07:00,America/Los_Angeles
5cbe5c92f9af8b18e380cfb1,"[{'userID': 1214, 'milesRequested': 150, 'WhPerMile': 250, 'minutesAvailable': 261, 'modifiedAt': 'Sat, 06 Apr 2019 23:36:37 GMT', 'paymentRequired': True, 'requestedDeparture': 'Sun, 07 Apr 2019 03:57:13 GMT', 'kWhRequested': 37.5}]",000001214,2_39_79_379_2019-04-06 23:36:13.114491,2-39-79-379,CA-327,0002,0039,2019-04-06 16:36:13-07:00,2019-04-06 18:55:39-07:00,15.531,2019-04-06 18:55:27-07:00,America/Los_Angeles
5cbe5c92f9af8b18e380cfb2,"[{'userID': 1085, 'milesRequested': 100, 'WhPerMile': 292, 'minutesAvailable': 198, 'modifiedAt': 'Sun, 07 Apr 2019 00:30:36 GMT', 'paymentRequired': True, 'requestedDeparture': 'Sun, 07 Apr 2019 03:48:05 GMT', 'kWhRequested': 29.2}]",000001085,2_39_139_28_2019-04-07 00:30:05.200842,2-39-139-28,CA-303,0002,0039,2019-04-06 17:30:05-07:00,2019-04-06 22:28:21-07:00,26.323,2019-04-06 22:23:12-07:00,America/Los_Angeles
5cbe5c92f9af8b18e380cfb3,,,2_39_79_376_2019-04-07 01:31:33.335593,2-39-79-376,CA-324,0002,0039,2019-04-06 18:31:33-07:00,2019-04-06 19:54:55-07:00,0.902,2019-04-06 19:01:53-07:00,America/Los_Angeles
5cbe5c92f9af8b18e380cfb4,"[{'userID': 1135, 'milesRequested': 50, 'WhPerMile': 400, 'minutesAvailable': 150, 'modifiedAt': 'Sun, 07 Apr 2019 01:35:47 GMT', 'paymentRequired': True, 'requestedDeparture': 'Sun, 07 Apr 2019 04:05:47 GMT', 'kWhRequested': 20.0}]",000001135,2_39_79_378_2019-04-07 01:35:46.994275,2-39-79-378,CA-326,0002,0039,2019-04-06 18:35:47-07:00,2019-04-06 21:55:50-07:00,10.514,2019-04-06 21:45:19-07:00,America/Los_Angeles
5cbe5c92f9af8b18e380cfb5,"[{'userID': 292, 'milesRequested': 300, 'WhPerMile': 200, 'minutesAvailable': 720, 'modifiedAt': 'Sun, 07 Apr 2019 02:29:55 GMT', 'paymentRequired': True, 'requestedDeparture': 'Sun, 07 Apr 2019 14:26:18 GMT', 'kWhRequested': 60.0}]",000000292,2_39_89_25_2019-04-07 02:26:17.904643,2-39-89-25,CA-315,0002,0039,2019-04-06 19:26:18-07:00,2019-04-07 09:38:52-07:00,29.002,2019-04-06 23:57:05-07:00,America/Los_Angeles
5cbe5c92f9af8b18e380cfb6,"[{'userID': 1099, 'milesRequested': 60, 'WhPerMile': 438, 'minutesAvailable': 108, 'modifiedAt': 'Sun, 07 Apr 2019 03:04:15 GMT', 'paymentRequired': True, 'requestedDeparture': 'Sun, 07 Apr 2019 04:50:29 GMT', 'kWhRequested': 26.28}]",000001099,2_39_128_18_2019-04-07 03:02:28.782064,2-39-128-18,CA-308,0002,0039,2019-04-06 20:02:29-07:00,2019-04-06 23:09:55-07:00,8.194,2019-04-06 21:26:40-07:00,America/Los_Angeles
5cbfae0df9af8b1c4fdea9eb,"[{'userID': 734, 'milesRequested': 40, 'WhPerMile': 275, 'minutesAvailable': 60, 'modifiedAt': 'Sun, 07 Apr 2019 15:15:52 GMT', 'paymentRequired': True, 'requestedDeparture': 'Sun, 07 Apr 2019 16:15:45 GMT', 'kWhRequested': 11.0}]",000000734,2_39_139_28_2019-04-07 15:15:45.197884,2-39-139-28,CA-303,0002,0039,2019-04-07 08:15:45-07:00,2019-04-07 09:45:40-07:00,5.205,,America/Los_Angeles
5cbfae0df9af8b1c4fdea9ec,"[{'userID': 1135, 'milesRequested': 50, 'WhPerMile': 400, 'minutesAvailable': 150, 'modifiedAt': 'Sun, 07 Apr 2019 16:20:57 GMT', 'paymentRequired': True, 'requestedDeparture': 'Sun, 07 Apr 2019 18:50:28 GMT', 'kWhRequested': 20.0}, {'userID': 1135, 'milesRequested': 50, 'WhPerMile': 400, 'minutesAvailable': 150, 'modifiedAt': 'Sun, 07 Apr 2019 16:21:44 GMT', 'paymentRequired': True, 'requestedDeparture': 'Sun, 07 Apr 2019 18:50:28 GMT', 'kWhRequested': 20.0}, {'userID': 1135, 'milesRequested': 50, 'WhPerMile': 400, 'minutesAvailable': 150, 'modifiedAt': 'Sun, 07 Apr 2019 16:22:22 GMT', 'paymentRequired': True, 'requestedDeparture': 'Sun, 07 Apr 2019 18:50:28 GMT', 'kWhRequested': 20.0}]",000001135,2_39_79_378_2019-04-07 16:20:27.619213,2-39-79-378,CA-326,0002,0039,2019-04-07 09:20:28-07:00,2019-04-07 12:54:11-07:00,6.881,,America/Los_Angeles
5cbfae0df9af8b1c4fdea9ed,"[{'userID': 1346, 'milesRequested': 80, 'WhPerMile': 400, 'minutesAvailable': 36, 'modifiedAt': 'Sun, 07 Apr 2019 17:06:00 GMT', 'paymentRequired': True, 'requestedDeparture': 'Sun, 07 Apr 2019 17:41:41 GMT', 'kWhRequested': 32.0}, {'userID': 1346, 'milesRequested': 80, 'WhPerMile': 400, 'minutesAvailable': 36, 'modifiedAt': 'Sun, 07 Apr 2019 17:06:05 GMT', 'paymentRequired': True, 'requestedDeparture': 'Sun, 07 Apr 2019 17:41:41 GMT', 'kWhRequested': 32.0}]",000001346,2_39_131_30_2019-04-07 17:05:40.978352,2-39-131-30,CA-305,0002,0039,2019-04-07 10:05:41-07:00,2019-04-07 13:12:17-07:00,10.66,,America/Los_Angeles
5cbfae0df9af8b1c4fdea9ee,"[{'userID': 777, 'milesRequested': 50, 'WhPerMile': 500, 'minutesAvailable': 314, 'modifiedAt': 'Sun, 07 Apr 2019 17:19:46 GMT', 'paymentRequired': True, 'requestedDeparture': 'Sun, 07 Apr 2019 22:33:32 GMT', 'kWhRequested': 25.0}]",000000777,2_39_83_386_2019-04-07 17:19:31.972571,2-39-83-386,CA-212,0002,0039,2019-04-07 10:19:32-07:00,2019-04-07 16:29:42-07:00,11.646,,America/Los_Angeles
5cbfae0df9af8b1c4fdea9ef,,,2_39_130_31_2019-04-07 18:01:29.145682,2-39-130-31,CA-306,0002,0039,2019-04-07 11:01:29-07:00,2019-04-07 13:02:52-07:00,0.953,,America/Los_Angeles
5cbfae0df9af8b1c4fdea9f0,"[{'userID': 1083, 'milesRequested': 20, 'WhPerMile': 400, 'minutesAvailable': 92, 'modifiedAt': 'Sun, 07 Apr 2019 19:46:46 GMT', 'paymentRequired': True, 'requestedDeparture': 'Sun, 07 Apr 2019 21:18:12 GMT', 'kWhRequested': 8.0}]",000001083,2_39_79_379_2019-04-07 19:46:12.133580,2-39-79-379,CA-327,0002,0039,2019-04-07 12:46:12-07:00,2019-04-07 14:32:12-07:00,5.95,,America/Los_Angeles
5cbfae0df9af8b1c4fdea9f1,"[{'userID': 1626, 'milesRequested': 180, 'WhPerMile': 200, 'minutesAvailable': 364, 'modifiedAt': 'Sun, 07 Apr 2019 20:54:38 GMT', 'paymentRequired': True, 'requestedDeparture': 'Mon, 08 Apr 2019 02:58:38 GMT', 'kWhRequested': 36.0}, {'userID': 1626, 'milesRequested': 180, 'WhPerMile': 200, 'minutesAvailable': 364, 'modifiedAt': 'Sun, 07 Apr 2019 22:18:30 GMT', 'paymentRequired': True, 'requestedDeparture': 'Mon, 08 Apr 2019 02:58:38 GMT', 'kWhRequested': 36.0}]",000001626,2_39_131_30_2019-04-07 20:54:35.903764,2-39-131-30,CA-305,0002,0039,2019-04-07 13:54:38-07:00,2019-04-07 15:18:34-07:00,8.526,,America/Los_Angeles
5cbfae0df9af8b1c4fdea9f2,"[{'userID': 1626, 'milesRequested': 180, 'WhPerMile': 200, 'minutesAvailable': 364, 'modifiedAt': 'Sun, 07 Apr 2019 22:18:58 GMT', 'paymentRequired': True, 'requestedDeparture': 'Mon, 08 Apr 2019 04:22:58 GMT', 'kWhRequested': 36.0}]",000001626,2_39_129_17_2019-04-07 22:18:47.482199,2-39-129-17,CA-307,0002,0039,2019-04-07 15:18:58-07:00,2019-04-07 17:29:56-07:00,14.642,,America/Los_Angeles
5cbfae0df9af8b1c4fdea9f3,"[{'userID': 291, 'milesRequested': 120, 'WhPerMile': 250, 'minutesAvailable': 304, 'modifiedAt': 'Sun, 07 Apr 2019 23:37:49 GMT', 'paymentRequired': True, 'requestedDeparture': 'Mon, 08 Apr 2019 04:41:47 GMT', 'kWhRequested': 30.0}, {'userID': 291, 'milesRequested': 120, 'WhPerMile': 250, 'minutesAvailable': 304, 'modifiedAt': 'Sun, 07 Apr 2019 23:38:08 GMT', 'paymentRequired': True, 'requestedDeparture': 'Mon, 08 Apr 2019 04:41:47 GMT', 'kWhRequested': 30.0}, {'userID': 291, 'milesRequested': 120, 'WhPerMile': 250, 'minutesAvailable': 304, 'modifiedAt': 'Sun, 07 Apr 2019 23:38:32 GMT', 'paymentRequired': True, 'requestedDeparture': 'Mon, 08 Apr 2019 04:41:47 GMT', 'kWhRequested': 30.0}, {'userID': 291, 'milesRequested': 120, 'WhPerMile': 250, 'minutesAvailable': 304, 'modifiedAt': 'Sun, 07 Apr 2019 23:39:37 GMT', 'paymentRequired': True, 'requestedDeparture': 'Mon, 08 Apr 2019 04:41:47 GMT', 'kWhRequested': 30.0}, {'userID': 291, 'milesRequested': 120, 'WhPerMile': 250, 'minutesAvailable': 304, 'modifiedAt': 'Sun, 07 Apr 2019 23:42:07 GMT', 'paymentRequired': True, 'requestedDeparture': 'Mon, 08 Apr 2019 04:41:47 GMT', 'kWhRequested': 30.0}]",000000291,2_39_127_19_2019-04-07 23:37:46.735878,2-39-127-19,CA-309,0002,0039,2019-04-07 16:37:47-07:00,2019-04-07 21:17:03-07:00,28.512,,America/Los_Angeles
5cbfae0df9af8b1c4fdea9f4,"[{'userID': 365, 'milesRequested': 30, 'WhPerMile': 333, 'minutesAvailable': 97, 'modifiedAt': 'Mon, 08 Apr 2019 00:14:29 GMT', 'paymentRequired': True, 'requestedDeparture': 'Mon, 08 Apr 2019 01:49:59 GMT', 'kWhRequested': 9.99}]",000000365,2_39_131_30_2019-04-08 00:12:59.231387,2-39-131-30,CA-305,0002,0039,2019-04-07 17:12:59-07:00,2019-04-07 17:57:27-07:00,2.472,,America/Los_Angeles
5cbfae0df9af8b1c4fdea9f5,"[{'userID': 300, 'milesRequested': 80, 'WhPerMile': 400, 'minutesAvailable': 336, 'modifiedAt': 'Mon, 08 Apr 2019 01:43:04 GMT', 'paymentRequired': True, 'requestedDeparture': 'Mon, 08 Apr 2019 07:18:19 GMT', 'kWhRequested': 32.0}]",000000300,2_39_79_377_2019-04-08 01:42:19.319084,2-39-79-377,CA-325,0002,0039,2019-04-07 18:42:19-07:00,2019-04-08 06:37:41-07:00,15.484,,America/Los_Angeles
5cbfae0df9af8b1c4fdea9f6,"[{'userID': 1135, 'milesRequested': 50, 'WhPerMile': 400, 'minutesAvailable': 150, 'modifiedAt': 'Mon, 08 Apr 2019 03:09:13 GMT', 'paymentRequired': True, 'requestedDeparture': 'Mon, 08 Apr 2019 05:39:10 GMT', 'kWhRequested': 20.0}]",000001135,2_39_79_378_2019-04-08 03:09:09.668891,2-39-79-378,CA-326,0002,0039,2019-04-07 20:09:10-07:00,2019-04-08 11:11:27-07:00,14.361,2019-04-08 10:25:12-07:00,America/Los_Angeles
5cc0ffa2f9af8b1fc350093c,"[{'userID': 743, 'milesRequested': 20, 'WhPerMile': 400, 'minutesAvailable': 58, 'modifiedAt': 'Mon, 08 Apr 2019 13:12:26 GMT', 'paymentRequired': True, 'requestedDeparture': 'Mon, 08 Apr 2019 14:10:06 GMT', 'kWhRequested': 8.0}, {'userID': 743, 'milesRequested': 20, 'WhPerMile': 400, 'minutesAvailable': 80, 'modifiedAt': 'Mon, 08 Apr 2019 13:43:46 GMT', 'paymentRequired': True, 'requestedDeparture': 'Mon, 08 Apr 2019 14:32:06 GMT', 'kWhRequested': 8.0}]",000000743,2_39_89_25_2019-04-08 13:12:05.964636,2-39-89-25,CA-315,0002,0039,2019-04-08 06:12:06-07:00,2019-04-08 07:34:32-07:00,1.26,,America/Los_Angeles
5cc0ffa2f9af8b1fc350093d,"[{'userID': 560, 'milesRequested': 80, 'WhPerMile': 273, 'minutesAvailable': 277, 'modifiedAt': 'Mon, 08 Apr 2019 13:29:55 GMT', 'paymentRequired': True, 'requestedDeparture': 'Mon, 08 Apr 2019 18:06:04 GMT', 'kWhRequested': 21.84}]",000000560,2_39_88_24_2019-04-08 13:29:04.170282,2-39-88-24,CA-314,0002,0039,2019-04-08 06:29:04-07:00,2019-04-08 14:53:37-07:00,18.576,2019-04-08 10:30:22-07:00,America/Los_Angeles
5cc0ffa2f9af8b1fc350093e,"[{'userID': 850, 'milesRequested': 100, 'WhPerMile': 300, 'minutesAvailable': 60, 'modifiedAt': 'Mon, 08 Apr 2019 14:04:45 GMT', 'paymentRequired': True, 'requestedDeparture': 'Mon, 08 Apr 2019 15:04:14 GMT', 'kWhRequested': 30.0}]",000000850,2_39_124_558_2019-04-08 14:04:14.229979,2-39-124-558,CA-504,0002,0039,2019-04-08 07:04:14-07:00,2019-04-08 17:15:35-07:00,14.391,2019-04-08 10:25:12-07:00,America/Los_Angeles
5cc0ffa2f9af8b1fc350093f,,,2_39_78_366_2019-04-08 14:28:33.003553,2-39-78-366,CA-323,0002,0039,2019-04-08 07:28:33-07:00,2019-04-08 09:56:45-07:00,0.923,,America/Los_Angeles
5cc0ffa2f9af8b1fc3500940,"[{'userID': 489, 'milesRequested': 250, 'WhPerMile': 500, 'minutesAvailable': 439, 'modifiedAt': 'Mon, 08 Apr 2019 14:42:50 GMT', 'paymentRequired': True, 'requestedDeparture': 'Mon, 08 Apr 2019 22:01:31 GMT', 'kWhRequested': 125.0}, {'userID': 489, 'milesRequested': 250, 'WhPerMile': 500, 'minutesAvailable': 435, 'modifiedAt': 'Mon, 08 Apr 2019 14:42:58 GMT', 'paymentRequired': True, 'requestedDeparture': 'Mon, 08 Apr 2019 21:57:31 GMT', 'kWhRequested': 125.0}]",000000489,2_39_139_28_2019-04-08 14:42:30.780049,2-39-139-28,CA-303,0002,0039,2019-04-08 07:42:31-07:00,2019-04-08 19:27:42-07:00,49.578,2019-04-08 15:20:58-07:00,America/Los_Angeles
5cc0ffa2f9af8b1fc3500941,"[{'userID': 1083, 'milesRequested': 10, 'WhPerMile': 400, 'minutesAvailable': 92, 'modifiedAt': 'Mon, 08 Apr 2019 14:58:00 GMT', 'paymentRequired': True, 'requestedDeparture': 'Mon, 08 Apr 2019 16:29:48 GMT', 'kWhRequested': 4.0}]",000001083,2_39_79_379_2019-04-08 14:57:47.833342,2-39-79-379,CA-327,0002,0039,2019-04-08 07:57:48-07:00,2019-04-08 17:53:41-07:00,3.678,2019-04-08 17:53:37-07:00,America/Los_Angeles
5cc0ffa2f9af8b1fc3500942,"[{'userID': 1524, 'milesRequested': 50, 'WhPerMile': 400, 'minutesAvailable': 204, 'modifiedAt': 'Mon, 08 Apr 2019 15:07:08 GMT', 'paymentRequired': True, 'requestedDeparture': 'Mon, 08 Apr 2019 18:27:31 GMT', 'kWhRequested': 20.0}]",000001524,2_39_78_367_2019-04-08 15:03:31.335738,2-39-78-367,CA-494,0002,0039,2019-04-08 08:03:31-07:00,2019-04-08 09:38:57-07:00,5.38,,America/Los_Angeles
5cc0ffa2f9af8b1fc3500943,"[{'userID': 1126, 'milesRequested': 80, 'WhPerMile': 250, 'minutesAvailable': 418, 'modifiedAt': 'Mon, 08 Apr 2019 15:03:51 GMT', 'paymentRequired': True, 'requestedDeparture': 'Mon, 08 Apr 2019 22:01:36 GMT', 'kWhRequested': 20.0}]",000001126,2_39_79_380_2019-04-08 15:03:36.279977,2-39-79-380,CA-489,0002,0039,2019-04-08 08:03:36-07:00,2019-04-08 15:36:35-07:00,3.122,2019-04-08 10:25:12-07:00,America/Los_Angeles
5cc0ffa2f9af8b1fc3500944,"[{'userID': 1534, 'milesRequested': 50, 'WhPerMile': 250, 'minutesAvailable': 195, 'modifiedAt': 'Mon, 08 Apr 2019 15:13:01 GMT', 'paymentRequired': True, 'requestedDeparture': 'Mon, 08 Apr 2019 18:27:33 GMT', 'kWhRequested': 12.5}, {'userID': 1534, 'milesRequested': 50, 'WhPerMile': 250, 'minutesAvailable': 535, 'modifiedAt': 'Mon, 08 Apr 2019 15:13:23 GMT', 'paymentRequired': True, 'requestedDeparture': 'Tue, 09 Apr 2019 00:07:33 GMT', 'kWhRequested': 12.5}]",000001534,2_39_126_560_2019-04-08 15:12:32.892745,2-39-126-560,CA-506,0002,0039,2019-04-08 08:12:33-07:00,2019-04-08 20:58:21-07:00,11.827,2019-04-08 12:42:36-07:00,America/Los_Angeles
5cc0ffa2f9af8b1fc3500945,"[{'userID': 818, 'milesRequested': 210, 'WhPerMile': 250, 'minutesAvailable': 516, 'modifiedAt': 'Mon, 08 Apr 2019 15:14:01 GMT', 'paymentRequired': True, 'requestedDeparture': 'Mon, 08 Apr 2019 23:49:29 GMT', 'kWhRequested': 52.5}]",000000818,2_39_92_442_2019-04-08 15:13:29.109840,2-39-92-442,CA-498,0002,0039,2019-04-08 08:13:29-07:00,2019-04-08 16:37:54-07:00,52.368,2019-04-08 16:23:34-07:00,America/Los_Angeles
5cc0ffa2f9af8b1fc3500946,"[{'userID': 1366, 'milesRequested': 20, 'WhPerMile': 600, 'minutesAvailable': 333, 'modifiedAt': 'Mon, 08 Apr 2019 15:55:23 GMT', 'paymentRequired': True, 'requestedDeparture': 'Mon, 08 Apr 2019 20:58:08 GMT', 'kWhRequested': 12.0}]",000001366,2_39_78_361_2019-04-08 15:25:08.443917,2-39-78-361,CA-493,0002,0039,2019-04-08 08:25:08-07:00,2019-04-08 16:49:55-07:00,0.922,2019-04-08 10:25:15-07:00,America/Los_Angeles
5cc0ffa2f9af8b1fc3500947,"[{'userID': 1154, 'milesRequested': 30, 'WhPerMile': 308, 'minutesAvailable': 353, 'modifiedAt': 'Mon, 08 Apr 2019 15:27:19 GMT', 'paymentRequired': True, 'requestedDeparture': 'Mon, 08 Apr 2019 21:19:53 GMT', 'kWhRequested': 9.24}]",000001154,2_39_79_381_2019-04-08 15:26:53.280658,2-39-79-381,CA-490,0002,0039,2019-04-08 08:26:53-07:00,2019-04-08 16:58:43-07:00,8.607,2019-04-08 13:37:00-07:00,America/Los_Angeles
5cc0ffa2f9af8b1fc3500948,"[{'userID': 559, 'milesRequested': 30, 'WhPerMile': 313, 'minutesAvailable': 126, 'modifiedAt': 'Mon, 08 Apr 2019 15:28:22 GMT', 'paymentRequired': True, 'requestedDeparture': 'Mon, 08 Apr 2019 17:34:12 GMT', 'kWhRequested': 9.39}]",000000559,2_39_138_29_2019-04-08 15:28:12.054751,2-39-138-29,CA-304,0002,0039,2019-04-08 08:28:12-07:00,2019-04-08 17:34:43-07:00,6.411,2019-04-08 10:25:14-07:00,America/Los_Angeles
5cc0ffa2f9af8b1fc3500949,"[{'userID': 945, 'milesRequested': 50, 'WhPerMile': 600, 'minutesAvailable': 555, 'modifiedAt': 'Mon, 08 Apr 2019 15:34:16 GMT', 'paymentRequired': True, 'requestedDeparture': 'Tue, 09 Apr 2019 00:49:07 GMT', 'kWhRequested': 30.0}]",000000945,2_39_128_18_2019-04-08 15:34:06.569144,2-39-128-18,CA-308,0002,0039,2019-04-08 08:34:07-07:00,2019-04-08 19:16:47-07:00,13.479,2019-04-08 10:56:37-07:00,America/Los_Angeles
5cc0ffa2f9af8b1fc350094a,"[{'userID': 712, 'milesRequested': 30, 'WhPerMile': 600, 'minutesAvailable': 197, 'modifiedAt': 'Mon, 08 Apr 2019 15:39:25 GMT', 'paymentRequired': True, 'requestedDeparture': 'Mon, 08 Apr 2019 18:56:19 GMT', 'kWhRequested': 18.0}]",000000712,2_39_131_30_2019-04-08 15:39:19.010498,2-39-131-30,CA-305,0002,0039,2019-04-08 08:39:19-07:00,2019-04-08 19:06:41-07:00,5.846,2019-04-08 10:25:16-07:00,America/Los_Angeles
5cc0ffa2f9af8b1fc350094b,"[{'userID': 1470, 'milesRequested': 120, 'WhPerMile': 292, 'minutesAvailable': 467, 'modifiedAt': 'Mon, 08 Apr 2019 15:42:45 GMT', 'paymentRequired': True, 'requestedDeparture': 'Mon, 08 Apr 2019 23:28:37 GMT', 'kWhRequested': 35.04}, {'userID': 1470, 'milesRequested': 120, 'WhPerMile': 292, 'minutesAvailable': 467, 'modifiedAt': 'Mon, 08 Apr 2019 15:43:15 GMT', 'paymentRequired': True, 'requestedDeparture': 'Mon, 08 Apr 2019 23:28:37 GMT', 'kWhRequested': 35.04}, {'userID': 1470, 'milesRequested': 110, 'WhPerMile': 292, 'minutesAvailable': 467, 'modifiedAt': 'Mon, 08 Apr 2019 15:43:37 GMT', 'paymentRequired': True, 'requestedDeparture': 'Mon, 08 Apr 2019 23:28:37 GMT', 'kWhRequested': 32.12}, {'userID': 1470, 'milesRequested': 110, 'WhPerMile': 292, 'minutesAvailable': 467, 'modifiedAt': 'Mon, 08 Apr 2019 19:20:46 GMT', 'paymentRequired': True, 'requestedDeparture': 'Mon, 08 Apr 2019 23:28:37 GMT', 'kWhRequested': 32.12}, {'userID': 1470, 'milesRequested': 100, 'WhPerMile': 292, 'minutesAvailable': 467, 'modifiedAt': 'Mon, 08 Apr 2019 19:21:07 GMT', 'paymentRequired': True, 'requestedDeparture': 'Mon, 08 Apr 2019 23:28:37 GMT', 'kWhRequested': 29.2}, {'userID': 1470, 'milesRequested': 100, 'WhPerMile': 292, 'minutesAvailable': 467, 'modifiedAt': 'Mon, 08 Apr 2019 19:21:50 GMT', 'paymentRequired': True, 'requestedDeparture': 'Mon, 08 Apr 2019 23:28:37 GMT', 'kWhRequested': 29.2}, {'userID': 1470, 'milesRequested': 90, 'WhPerMile': 292, 'minutesAvailable': 434, 'modifiedAt': 'Mon, 08 Apr 2019 19:22:57 GMT', 'paymentRequired': True, 'requestedDeparture': 'Mon, 08 Apr 2019 22:55:37 GMT', 'kWhRequested': 26.28}, {'userID': 1470, 'milesRequested': 90, 'WhPerMile': 292, 'minutesAvailable': 375, 'modifiedAt': 'Mon, 08 Apr 2019 19:23:23 GMT', 'paymentRequired': True, 'requestedDeparture': 'Mon, 08 Apr 2019 21:56:37 GMT', 'kWhRequested': 26.28}]",000001470,2_39_79_377_2019-04-08 15:41:36.838129,2-39-79-377,CA-325,0002,0039,2019-04-08 08:41:37-07:00,2019-04-08 12:33:00-07:00,0.655,2019-04-08 12:33:58-07:00,America/Los_Angeles
5cc0ffa2f9af8b1fc350094c,"[{'userID': 562, 'milesRequested': 20, 'WhPerMile': 300, 'minutesAvailable': 211, 'modifiedAt': 'Mon, 08 Apr 2019 15:47:17 GMT', 'paymentRequired': True, 'requestedDeparture': 'Mon, 08 Apr 2019 19:17:21 GMT', 'kWhRequested': 6.0}]",000000562,2_39_127_19_2019-04-08 15:46:21.065342,2-39-127-19,CA-309,0002,0039,2019-04-08 08:46:21-07:00,2019-04-08 18:24:39-07:00,4.659,2019-04-08 10:43:15-07:00,America/Los_Angeles
5cc0ffa2f9af8b1fc350094d,"[{'userID': 1104, 'milesRequested': 120, 'WhPerMile': 250, 'minutesAvailable': 428, 'modifiedAt': 'Mon, 08 Apr 2019 15:48:41 GMT', 'paymentRequired': True, 'requestedDeparture': 'Mon, 08 Apr 2019 22:55:56 GMT', 'kWhRequested': 30.0}]",000001104,2_39_79_382_2019-04-08 15:47:55.855960,2-39-79-382,CA-491,0002,0039,2019-04-08 08:47:56-07:00,2019-04-08 16:56:54-07:00,26.217,2019-04-08 13:25:37-07:00,America/Los_Angeles
5cc0ffa2f9af8b1fc350094e,,,2_39_79_383_2019-04-08 16:00:35.758201,2-39-79-383,CA-492,0002,0039,2019-04-08 09:00:36-07:00,2019-04-08 17:36:45-07:00,0.842,2019-04-08 17:19:48-07:00,America/Los_Angeles
5cc0ffa2f9af8b1fc350094f,"[{'userID': 676, 'milesRequested': 60, 'WhPerMile': 364, 'minutesAvailable': 473, 'modifiedAt': 'Mon, 08 Apr 2019 16:03:11 GMT', 'paymentRequired': True, 'requestedDeparture': 'Mon, 08 Apr 2019 23:56:00 GMT', 'kWhRequested': 21.84}]",000000676,2_39_95_27_2019-04-08 16:03:00.096492,2-39-95-27,CA-319,0002,0039,2019-04-08 09:03:00-07:00,2019-04-08 20:06:57-07:00,15.791,2019-04-08 13:40:17-07:00,America/Los_Angeles
5cc0ffa2f9af8b1fc3500950,"[{'userID': 567, 'milesRequested': 20, 'WhPerMile': 333, 'minutesAvailable': 425, 'modifiedAt': 'Mon, 08 Apr 2019 16:08:09 GMT', 'paymentRequired': True, 'requestedDeparture': 'Mon, 08 Apr 2019 23:12:59 GMT', 'kWhRequested': 6.66}]",000000567,2_39_125_21_2019-04-08 16:07:58.624459,2-39-125-21,CA-311,0002,0039,2019-04-08 09:07:59-07:00,2019-04-08 19:58:27-07:00,4.495,2019-04-08 10:33:13-07:00,America/Los_Angeles
5cc0ffa2f9af8b1fc3500951,"[{'userID': 1120, 'milesRequested': 60, 'WhPerMile': 375, 'minutesAvailable': 443, 'modifiedAt': 'Mon, 08 Apr 2019 16:08:25 GMT', 'paymentRequired': True, 'requestedDeparture': 'Mon, 08 Apr 2019 23:31:13 GMT', 'kWhRequested': 22.5}]",000001120,2_39_79_376_2019-04-08 16:08:12.935706,2-39-79-376,CA-324,0002,0039,2019-04-08 09:08:13-07:00,2019-04-08 16:40:01-07:00,10.872,2019-04-08 11:39:40-07:00,America/Los_Angeles
5cc0ffa2f9af8b1fc3500952,"[{'userID': 743, 'milesRequested': 20, 'WhPerMile': 400, 'minutesAvailable': 505, 'modifiedAt': 'Mon, 08 Apr 2019 16:09:40 GMT', 'paymentRequired': True, 'requestedDeparture': 'Tue, 09 Apr 2019 00:34:14 GMT', 'kWhRequested': 8.0}]",000000743,2_39_89_25_2019-04-08 16:09:14.315702,2-39-89-25,CA-315,0002,0039,2019-04-08 09:09:14-07:00,2019-04-08 17:44:33-07:00,3.999,2019-04-08 11:06:51-07:00,America/Los_Angeles
5cc0ffa2f9af8b1fc3500953,"[{'userID': 891, 'milesRequested': 20, 'WhPerMile': 300, 'minutesAvailable': 310, 'modifiedAt': 'Mon, 08 Apr 2019 16:43:14 GMT', 'paymentRequired': True, 'requestedDeparture': 'Mon, 08 Apr 2019 21:53:07 GMT', 'kWhRequested': 6.0}]",000000891,2_39_91_437_2019-04-08 16:43:07.045078,2-39-91-437,CA-317,0002,0039,2019-04-08 09:43:07-07:00,2019-04-08 17:48:41-07:00,5.785,2019-04-08 11:44:41-07:00,America/Los_Angeles
5cc0ffa2f9af8b1fc3500954,"[{'userID': 1526, 'milesRequested': 57, 'WhPerMile': 350, 'minutesAvailable': 491, 'modifiedAt': 'Mon, 08 Apr 2019 16:57:23 GMT', 'paymentRequired': True, 'requestedDeparture': 'Tue, 09 Apr 2019 01:08:01 GMT', 'kWhRequested': 19.95}]",000001526,2_39_78_367_2019-04-08 16:57:00.906919,2-39-78-367,CA-494,0002,0039,2019-04-08 09:57:01-07:00,2019-04-08 16:15:17-07:00,15.243,2019-04-08 16:14:48-07:00,America/Los_Angeles
5cc0ffa2f9af8b1fc3500955,,,2_39_124_22_2019-04-08 16:58:22.793341,2-39-124-22,CA-312,0002,0039,2019-04-08 09:58:23-07:00,2019-04-08 20:39:56-07:00,0.977,2019-04-08 16:09:11-07:00,America/Los_Angeles
5cc0ffa2f9af8b1fc3500956,"[{'userID': 69, 'milesRequested': 100, 'WhPerMile': 300, 'minutesAvailable': 310, 'modifiedAt': 'Mon, 08 Apr 2019 16:58:42 GMT', 'paymentRequired': True, 'requestedDeparture': 'Mon, 08 Apr 2019 22:08:30 GMT', 'kWhRequested': 30.0}]",000000069,2_39_88_438_2019-04-08 16:58:29.659543,2-39-88-438,CA-502,0002,0039,2019-04-08 09:58:30-07:00,2019-04-08 18:23:06-07:00,10.58,2019-04-08 11:42:27-07:00,America/Los_Angeles
5cc0ffa2f9af8b1fc3500957,"[{'userID': 1095, 'milesRequested': 20, 'WhPerMile': 469, 'minutesAvailable': 432, 'modifiedAt': 'Mon, 08 Apr 2019 17:01:54 GMT', 'paymentRequired': True, 'requestedDeparture': 'Tue, 09 Apr 2019 00:13:46 GMT', 'kWhRequested': 9.38}]",000001095,2_39_90_440_2019-04-08 17:01:45.826615,2-39-90-440,CA-500,0002,0039,2019-04-08 10:01:46-07:00,2019-04-08 18:13:13-07:00,9.278,2019-04-08 13:27:42-07:00,America/Los_Angeles
5cc0ffa2f9af8b1fc3500958,"[{'userID': 1524, 'milesRequested': 50, 'WhPerMile': 400, 'minutesAvailable': 204, 'modifiedAt': 'Mon, 08 Apr 2019 17:20:23 GMT', 'paymentRequired': True, 'requestedDeparture': 'Mon, 08 Apr 2019 20:26:19 GMT', 'kWhRequested': 20.0}, {'userID': 1524, 'milesRequested': 50, 'WhPerMile': 400, 'minutesAvailable': 204, 'modifiedAt': 'Mon, 08 Apr 2019 17:20:50 GMT', 'paymentRequired': True, 'requestedDeparture': 'Mon, 08 Apr 2019 20:26:19 GMT', 'kWhRequested': 20.0}]",000001524,2_39_95_444_2019-04-08 17:02:19.379784,2-39-95-444,CA-497,0002,0039,2019-04-08 10:02:19-07:00,2019-04-08 15:02:44-07:00,10.281,2019-04-08 13:13:03-07:00,America/Los_Angeles
5cc0ffa2f9af8b1fc3500959,,,2_39_78_366_2019-04-08 17:14:16.045156,2-39-78-366,CA-323,0002,0039,2019-04-08 10:14:16-07:00,2019-04-08 17:16:36-07:00,0.854,2019-04-08 12:43:08-07:00,America/Los_Angeles
5cc0ffa2f9af8b1fc350095a,"[{'userID': 558, 'milesRequested': 80, 'WhPerMile': 200, 'minutesAvailable': 514, 'modifiedAt': 'Mon, 08 Apr 2019 17:14:57 GMT', 'paymentRequired': True, 'requestedDeparture': 'Tue, 09 Apr 2019 01:48:55 GMT', 'kWhRequested': 16.0}]",000000558,2_39_92_436_2019-04-08 17:14:55.096611,2-39-92-436,CA-318,0002,0039,2019-04-08 10:14:55-07:00,2019-04-08 19:13:17-07:00,13.082,2019-04-08 12:52:13-07:00,America/Los_Angeles
5cc0ffa2f9af8b1fc350095b,"[{'userID': 858, 'milesRequested': 20, 'WhPerMile': 400, 'minutesAvailable': 223, 'modifiedAt': 'Mon, 08 Apr 2019 17:16:55 GMT', 'paymentRequired': True, 'requestedDeparture': 'Mon, 08 Apr 2019 20:59:44 GMT', 'kWhRequested': 8.0}]",000000858,2_39_91_441_2019-04-08 17:16:44.150594,2-39-91-441,CA-499,0002,0039,2019-04-08 10:16:44-07:00,2019-04-08 15:44:56-07:00,4.347,2019-04-08 11:39:33-07:00,America/Los_Angeles
5cc0ffa2f9af8b1fc350095c,,,2_39_78_363_2019-04-08 17:21:01.392505,2-39-78-363,CA-320,0002,0039,2019-04-08 10:21:01-07:00,2019-04-08 15:51:22-07:00,0.986,2019-04-08 12:09:34-07:00,America/Los_Angeles
5cc0ffa2f9af8b1fc350095d,"[{'userID': 1953, 'milesRequested': 20, 'WhPerMile': 400, 'minutesAvailable': 280, 'modifiedAt': 'Mon, 08 Apr 2019 17:36:33 GMT', 'paymentRequired': True, 'requestedDeparture': 'Mon, 08 Apr 2019 22:16:08 GMT', 'kWhRequested': 8.0}]",000001953,2_39_78_364_2019-04-08 17:36:07.888422,2-39-78-364,CA-495,0002,0039,2019-04-08 10:36:08-07:00,2019-04-08 18:47:36-07:00,7.164,2019-04-08 11:56:06-07:00,America/Los_Angeles
5cc0ffa2f9af8b1fc350095e,"[{'userID': 1408, 'milesRequested': 70, 'WhPerMile': 400, 'minutesAvailable': 249, 'modifiedAt': 'Mon, 08 Apr 2019 18:28:53 GMT', 'paymentRequired': True, 'requestedDeparture': 'Mon, 08 Apr 2019 22:29:49 GMT', 'kWhRequested': 28.0}]",000001408,2_39_123_23_2019-04-08 18:20:48.735854,2-39-123-23,CA-313,0002,0039,2019-04-08 11:20:49-07:00,2019-04-08 15:53:14-07:00,10.991,2019-04-08 13:27:22-07:00,America/Los_Angeles
5cc0ffa2f9af8b1fc350095f,"[{'userID': 1626, 'milesRequested': 180, 'WhPerMile': 200, 'minutesAvailable': 364, 'modifiedAt': 'Mon, 08 Apr 2019 18:24:47 GMT', 'paymentRequired': True, 'requestedDeparture': 'Tue, 09 Apr 2019 00:28:33 GMT', 'kWhRequested': 36.0}]",000001626,2_39_90_26_2019-04-08 18:24:32.780355,2-39-90-26,CA-316,0002,0039,2019-04-08 11:24:33-07:00,2019-04-08 13:29:24-07:00,13.631,2019-04-08 13:29:12-07:00,America/Los_Angeles
5cc0ffa2f9af8b1fc3500960,"[{'userID': 1124, 'milesRequested': 20, 'WhPerMile': 450, 'minutesAvailable': 60, 'modifiedAt': 'Mon, 08 Apr 2019 19:05:44 GMT', 'paymentRequired': True, 'requestedDeparture': 'Mon, 08 Apr 2019 20:05:10 GMT', 'kWhRequested': 9.0}]",000001124,2_39_79_378_2019-04-08 19:05:10.323446,2-39-79-378,CA-326,0002,0039,2019-04-08 12:05:10-07:00,2019-04-08 18:45:05-07:00,6.538,2019-04-08 14:07:03-07:00,America/Los_Angeles
5cc0ffa2f9af8b1fc3500961,"[{'userID': 1470, 'milesRequested': 110, 'WhPerMile': 292, 'minutesAvailable': 375, 'modifiedAt': 'Mon, 08 Apr 2019 19:34:09 GMT', 'paymentRequired': True, 'requestedDeparture': 'Tue, 09 Apr 2019 01:48:04 GMT', 'kWhRequested': 32.12}, {'userID': 1470, 'milesRequested': 110, 'WhPerMile': 292, 'minutesAvailable': 257, 'modifiedAt': 'Mon, 08 Apr 2019 19:34:43 GMT', 'paymentRequired': True, 'requestedDeparture': 'Mon, 08 Apr 2019 23:50:04 GMT', 'kWhRequested': 32.12}]",000001470,2_39_79_377_2019-04-08 19:33:03.707626,2-39-79-377,CA-325,0002,0039,2019-04-08 12:33:04-07:00,2019-04-08 16:18:40-07:00,24.444,2019-04-08 16:18:19-07:00,America/Los_Angeles
5cc0ffa2f9af8b1fc3500962,"[{'userID': 1236, 'milesRequested': 20, 'WhPerMile': 400, 'minutesAvailable': 71, 'modifiedAt': 'Mon, 08 Apr 2019 20:54:59 GMT', 'paymentRequired': True, 'requestedDeparture': 'Mon, 08 Apr 2019 22:02:09 GMT', 'kWhRequested': 8.0}]",000001236,2_39_90_26_2019-04-08 20:51:09.052047,2-39-90-26,CA-316,0002,0039,2019-04-08 13:51:09-07:00,2019-04-08 15:19:05-07:00,4.683,2019-04-08 15:19:00-07:00,America/Los_Angeles
5cc0ffa2f9af8b1fc3500963,"[{'userID': 752, 'milesRequested': 30, 'WhPerMile': 425, 'minutesAvailable': 440, 'modifiedAt': 'Mon, 08 Apr 2019 20:59:14 GMT', 'paymentRequired': True, 'requestedDeparture': 'Tue, 09 Apr 2019 04:18:46 GMT', 'kWhRequested': 12.75}]",000000752,2_39_83_386_2019-04-08 20:58:46.081631,2-39-83-386,CA-212,0002,0039,2019-04-08 13:58:46-07:00,2019-04-08 17:03:27-07:00,4.809,2019-04-08 15:34:07-07:00,America/Los_Angeles
5cc0ffa2f9af8b1fc3500964,"[{'userID': 2155, 'milesRequested': 20, 'WhPerMile': 400, 'minutesAvailable': 60, 'modifiedAt': 'Mon, 08 Apr 2019 23:08:59 GMT', 'paymentRequired': True, 'requestedDeparture': 'Tue, 09 Apr 2019 00:08:05 GMT', 'kWhRequested': 8.0}]",000002155,2_39_90_26_2019-04-08 23:08:04.714093,2-39-90-26,CA-316,0002,0039,2019-04-08 16:08:05-07:00,2019-04-08 17:07:00-07:00,6.45,2019-04-08 17:06:51-07:00,America/Los_Angeles
5cc0ffa2f9af8b1fc3500965,"[{'userID': 1746, 'milesRequested': 60, 'WhPerMile': 458, 'minutesAvailable': 96, 'modifiedAt': 'Mon, 08 Apr 2019 23:13:34 GMT', 'paymentRequired': True, 'requestedDeparture': 'Tue, 09 Apr 2019 00:49:17 GMT', 'kWhRequested': 27.48}, {'userID': 1746, 'milesRequested': 60, 'WhPerMile': 458, 'minutesAvailable': 96, 'modifiedAt': 'Tue, 09 Apr 2019 00:53:59 GMT', 'paymentRequired': True, 'requestedDeparture': 'Tue, 09 Apr 2019 00:49:17 GMT', 'kWhRequested': 27.48}]",000001746,2_39_88_24_2019-04-08 23:13:16.914782,2-39-88-24,CA-314,0002,0039,2019-04-08 16:13:17-07:00,2019-04-08 17:54:34-07:00,2.916,2019-04-08 17:11:08-07:00,America/Los_Angeles
5cc0ffa2f9af8b1fc3500966,,,2_39_123_23_2019-04-08 23:26:13.006850,2-39-123-23,CA-313,0002,0039,2019-04-08 16:26:13-07:00,2019-04-08 17:54:41-07:00,0.828,2019-04-08 16:57:00-07:00,America/Los_Angeles
5cc0ffa2f9af8b1fc3500967,"[{'userID': 248, 'milesRequested': 160, 'WhPerMile': 250, 'minutesAvailable': 336, 'modifiedAt': 'Tue, 09 Apr 2019 01:27:47 GMT', 'paymentRequired': True, 'requestedDeparture': 'Tue, 09 Apr 2019 07:02:32 GMT', 'kWhRequested': 40.0}]",000000248,2_39_79_377_2019-04-09 01:26:32.184442,2-39-79-377,CA-325,0002,0039,2019-04-08 18:26:32-07:00,2019-04-08 22:39:23-07:00,27.997,2019-04-08 22:39:19-07:00,America/Los_Angeles
5cc0ffa2f9af8b1fc3500968,"[{'userID': 342, 'milesRequested': 300, 'WhPerMile': 250, 'minutesAvailable': 720, 'modifiedAt': 'Tue, 09 Apr 2019 04:53:07 GMT', 'paymentRequired': True, 'requestedDeparture': 'Tue, 09 Apr 2019 16:52:20 GMT', 'kWhRequested': 75.0}]",000000342,2_39_91_441_2019-04-09 04:52:20.206290,2-39-91-441,CA-499,0002,0039,2019-04-08 21:52:20-07:00,2019-04-09 06:50:15-07:00,59.796,2019-04-09 06:50:10-07:00,America/Los_Angeles
5cc25127f9af8b2347da3e04,"[{'userID': 676, 'milesRequested': 60, 'WhPerMile': 364, 'minutesAvailable': 473, 'modifiedAt': 'Tue, 09 Apr 2019 13:29:43 GMT', 'paymentRequired': True, 'requestedDeparture': 'Tue, 09 Apr 2019 21:22:35 GMT', 'kWhRequested': 21.84}]",000000676,2_39_79_379_2019-04-09 13:29:35.031253,2-39-79-379,CA-327,0002,0039,2019-04-09 06:29:35-07:00,2019-04-09 20:43:31-07:00,15.043,2019-04-09 13:34:11-07:00,America/Los_Angeles
5cc25127f9af8b2347da3e05,"[{'userID': 560, 'milesRequested': 80, 'WhPerMile': 273, 'minutesAvailable': 277, 'modifiedAt': 'Tue, 09 Apr 2019 13:33:28 GMT', 'paymentRequired': True, 'requestedDeparture': 'Tue, 09 Apr 2019 18:10:28 GMT', 'kWhRequested': 21.84}]",000000560,2_39_88_24_2019-04-09 13:33:28.092180,2-39-88-24,CA-314,0002,0039,2019-04-09 06:33:28-07:00,2019-04-09 12:19:33-07:00,17.619,2019-04-09 09:58:07-07:00,America/Los_Angeles
5cc25127f9af8b2347da3e06,"[{'userID': 569, 'milesRequested': 170, 'WhPerMile': 300, 'minutesAvailable': 529, 'modifiedAt': 'Tue, 09 Apr 2019 14:07:54 GMT', 'paymentRequired': True, 'requestedDeparture': 'Tue, 09 Apr 2019 22:56:43 GMT', 'kWhRequested': 51.0}]",000000569,2_39_78_366_2019-04-09 14:07:43.050421,2-39-78-366,CA-323,0002,0039,2019-04-09 07:07:43-07:00,2019-04-09 17:05:55-07:00,50.058,2019-04-09 16:24:42-07:00,America/Los_Angeles
5cc25127f9af8b2347da3e07,"[{'userID': 1161, 'milesRequested': 40, 'WhPerMile': 400, 'minutesAvailable': 128, 'modifiedAt': 'Tue, 09 Apr 2019 14:31:13 GMT', 'paymentRequired': True, 'requestedDeparture': 'Tue, 09 Apr 2019 16:38:52 GMT', 'kWhRequested': 16.0}]",000001161,2_39_138_29_2019-04-09 14:30:52.037149,2-39-138-29,CA-304,0002,0039,2019-04-09 07:30:52-07:00,2019-04-09 08:34:42-07:00,3.503,2019-04-09 08:34:38-07:00,America/Los_Angeles
5cc25127f9af8b2347da3e08,"[{'userID': 1083, 'milesRequested': 20, 'WhPerMile': 400, 'minutesAvailable': 92, 'modifiedAt': 'Tue, 09 Apr 2019 14:49:02 GMT', 'paymentRequired': True, 'requestedDeparture': 'Tue, 09 Apr 2019 16:20:35 GMT', 'kWhRequested': 8.0}]",000001083,2_39_79_377_2019-04-09 14:48:35.007490,2-39-79-377,CA-325,0002,0039,2019-04-09 07:48:35-07:00,2019-04-09 17:43:06-07:00,5.434,2019-04-09 17:42:57-07:00,America/Los_Angeles
5cc25127f9af8b2347da3e09,"[{'userID': 858, 'milesRequested': 20, 'WhPerMile': 400, 'minutesAvailable': 223, 'modifiedAt': 'Tue, 09 Apr 2019 15:00:04 GMT', 'paymentRequired': True, 'requestedDeparture': 'Tue, 09 Apr 2019 18:42:48 GMT', 'kWhRequested': 8.0}]",000000858,2_39_125_21_2019-04-09 14:59:48.385366,2-39-125-21,CA-311,0002,0039,2019-04-09 07:59:48-07:00,2019-04-09 16:33:01-07:00,5.935,2019-04-09 09:51:59-07:00,America/Los_Angeles
5cc25127f9af8b2347da3e0a,"[{'userID': 1534, 'milesRequested': 30, 'WhPerMile': 250, 'minutesAvailable': 404, 'modifiedAt': 'Tue, 09 Apr 2019 15:09:18 GMT', 'paymentRequired': True, 'requestedDeparture': 'Tue, 09 Apr 2019 21:51:38 GMT', 'kWhRequested': 7.5}]",000001534,2_39_124_558_2019-04-09 15:07:37.997768,2-39-124-558,CA-504,0002,0039,2019-04-09 08:07:38-07:00,2019-04-09 20:18:11-07:00,5.329,2019-04-09 09:44:38-07:00,America/Los_Angeles
5cc25127f9af8b2347da3e0b,"[{'userID': 1470, 'milesRequested': 50, 'WhPerMile': 292, 'minutesAvailable': 257, 'modifiedAt': 'Tue, 09 Apr 2019 15:29:47 GMT', 'paymentRequired': True, 'requestedDeparture': 'Tue, 09 Apr 2019 19:46:34 GMT', 'kWhRequested': 14.6}]",000001470,2_39_95_27_2019-04-09 15:29:34.382475,2-39-95-27,CA-319,0002,0039,2019-04-09 08:29:34-07:00,2019-04-09 17:25:11-07:00,13.914,2019-04-09 11:10:05-07:00,America/Los_Angeles
5cc25127f9af8b2347da3e0c,,,2_39_79_380_2019-04-09 15:29:47.862655,2-39-79-380,CA-489,0002,0039,2019-04-09 08:29:48-07:00,2019-04-09 17:39:59-07:00,9.139,2019-04-09 15:26:03-07:00,America/Los_Angeles
5cc25127f9af8b2347da3e0d,"[{'userID': 559, 'milesRequested': 20, 'WhPerMile': 313, 'minutesAvailable': 126, 'modifiedAt': 'Tue, 09 Apr 2019 15:31:32 GMT', 'paymentRequired': True, 'requestedDeparture': 'Tue, 09 Apr 2019 17:36:39 GMT', 'kWhRequested': 6.26}]",000000559,2_39_139_28_2019-04-09 15:30:38.832150,2-39-139-28,CA-303,0002,0039,2019-04-09 08:30:39-07:00,2019-04-09 17:32:37-07:00,6.187,2019-04-09 12:39:53-07:00,America/Los_Angeles
5cc25127f9af8b2347da3e0e,"[{'userID': 1126, 'milesRequested': 80, 'WhPerMile': 250, 'minutesAvailable': 418, 'modifiedAt': 'Tue, 09 Apr 2019 15:33:36 GMT', 'paymentRequired': True, 'requestedDeparture': 'Tue, 09 Apr 2019 22:31:26 GMT', 'kWhRequested': 20.0}]",000001126,2_39_79_381_2019-04-09 15:33:25.858012,2-39-79-381,CA-490,0002,0039,2019-04-09 08:33:26-07:00,2019-04-09 17:30:32-07:00,1.185,2019-04-09 09:04:53-07:00,America/Los_Angeles
5cc25127f9af8b2347da3e0f,"[{'userID': 562, 'milesRequested': 20, 'WhPerMile': 300, 'minutesAvailable': 211, 'modifiedAt': 'Tue, 09 Apr 2019 15:48:51 GMT', 'paymentRequired': True, 'requestedDeparture': 'Tue, 09 Apr 2019 19:19:04 GMT', 'kWhRequested': 6.0}]",000000562,2_39_127_19_2019-04-09 15:48:04.324525,2-39-127-19,CA-309,0002,0039,2019-04-09 08:48:04-07:00,2019-04-09 12:58:34-07:00,4.617,2019-04-09 10:16:04-07:00,America/Los_Angeles
5cc25127f9af8b2347da3e10,"[{'userID': 1104, 'milesRequested': 120, 'WhPerMile': 250, 'minutesAvailable': 428, 'modifiedAt': 'Tue, 09 Apr 2019 15:56:26 GMT', 'paymentRequired': True, 'requestedDeparture': 'Tue, 09 Apr 2019 23:03:56 GMT', 'kWhRequested': 30.0}]",000001104,2_39_79_382_2019-04-09 15:55:55.915248,2-39-79-382,CA-491,0002,0039,2019-04-09 08:55:56-07:00,2019-04-09 16:59:23-07:00,16.913,2019-04-09 13:16:08-07:00,America/Los_Angeles
5cc25127f9af8b2347da3e11,"[{'userID': 567, 'milesRequested': 20, 'WhPerMile': 333, 'minutesAvailable': 425, 'modifiedAt': 'Tue, 09 Apr 2019 16:02:56 GMT', 'paymentRequired': True, 'requestedDeparture': 'Tue, 09 Apr 2019 23:07:34 GMT', 'kWhRequested': 6.66}]",000000567,2_39_131_30_2019-04-09 16:02:34.240838,2-39-131-30,CA-305,0002,0039,2019-04-09 09:02:34-07:00,2019-04-09 19:10:02-07:00,5.765,2019-04-09 10:48:38-07:00,America/Los_Angeles
5cc25127f9af8b2347da3e12,"[{'userID': 515, 'milesRequested': 40, 'WhPerMile': 250, 'minutesAvailable': 258, 'modifiedAt': 'Tue, 09 Apr 2019 16:04:22 GMT', 'paymentRequired': True, 'requestedDeparture': 'Tue, 09 Apr 2019 20:21:26 GMT', 'kWhRequested': 10.0}, {'userID': 515, 'milesRequested': 40, 'WhPerMile': 250, 'minutesAvailable': 258, 'modifiedAt': 'Tue, 09 Apr 2019 16:06:20 GMT', 'paymentRequired': True, 'requestedDeparture': 'Tue, 09 Apr 2019 20:21:26 GMT', 'kWhRequested': 10.0}]",000000515,2_39_79_378_2019-04-09 16:03:25.512909,2-39-79-378,CA-326,0002,0039,2019-04-09 09:03:26-07:00,2019-04-09 15:58:58-07:00,5.967,2019-04-09 15:58:55-07:00,America/Los_Angeles
5cc25127f9af8b2347da3e13,"[{'userID': 1154, 'milesRequested': 30, 'WhPerMile': 308, 'minutesAvailable': 353, 'modifiedAt': 'Tue, 09 Apr 2019 16:04:54 GMT', 'paymentRequired': True, 'requestedDeparture': 'Tue, 09 Apr 2019 21:57:00 GMT', 'kWhRequested': 9.24}]",000001154,2_39_79_383_2019-04-09 16:03:59.807942,2-39-79-383,CA-492,0002,0039,2019-04-09 09:04:00-07:00,2019-04-09 15:49:53-07:00,7.035,2019-04-09 12:02:07-07:00,America/Los_Angeles
5cc25127f9af8b2347da3e14,"[{'userID': 1957, 'milesRequested': 70, 'WhPerMile': 400, 'minutesAvailable': 458, 'modifiedAt': 'Tue, 09 Apr 2019 16:06:44 GMT', 'paymentRequired': True, 'requestedDeparture': 'Tue, 09 Apr 2019 23:44:12 GMT', 'kWhRequested': 28.0}]",000001957,2_39_91_441_2019-04-09 16:06:12.227896,2-39-91-441,CA-499,0002,0039,2019-04-09 09:06:12-07:00,2019-04-09 17:20:22-07:00,17.666,2019-04-09 11:48:45-07:00,America/Los_Angeles
5cc25127f9af8b2347da3e15,"[{'userID': 945, 'milesRequested': 50, 'WhPerMile': 600, 'minutesAvailable': 555, 'modifiedAt': 'Tue, 09 Apr 2019 16:06:26 GMT', 'paymentRequired': True, 'requestedDeparture': 'Wed, 10 Apr 2019 01:21:15 GMT', 'kWhRequested': 30.0}]",000000945,2_39_78_363_2019-04-09 16:06:14.991757,2-39-78-363,CA-320,0002,0039,2019-04-09 09:06:15-07:00,2019-04-09 18:12:45-07:00,14.364,2019-04-09 14:01:50-07:00,America/Los_Angeles
5cc25127f9af8b2347da3e16,"[{'userID': 1120, 'milesRequested': 60, 'WhPerMile': 375, 'minutesAvailable': 443, 'modifiedAt': 'Tue, 09 Apr 2019 16:10:42 GMT', 'paymentRequired': True, 'requestedDeparture': 'Tue, 09 Apr 2019 23:33:26 GMT', 'kWhRequested': 22.5}]",000001120,2_39_79_376_2019-04-09 16:10:26.140150,2-39-79-376,CA-324,0002,0039,2019-04-09 09:10:26-07:00,2019-04-09 17:15:20-07:00,3.278,2019-04-09 10:38:42-07:00,America/Los_Angeles
5cc25127f9af8b2347da3e17,"[{'userID': 743, 'milesRequested': 20, 'WhPerMile': 400, 'minutesAvailable': 505, 'modifiedAt': 'Tue, 09 Apr 2019 16:10:48 GMT', 'paymentRequired': True, 'requestedDeparture': 'Wed, 10 Apr 2019 00:35:28 GMT', 'kWhRequested': 8.0}, {'userID': 743, 'milesRequested': 20, 'WhPerMile': 400, 'minutesAvailable': 448, 'modifiedAt': 'Tue, 09 Apr 2019 16:11:07 GMT', 'paymentRequired': True, 'requestedDeparture': 'Tue, 09 Apr 2019 23:38:28 GMT', 'kWhRequested': 8.0}]",000000743,2_39_89_25_2019-04-09 16:10:28.422222,2-39-89-25,CA-315,0002,0039,2019-04-09 09:10:28-07:00,2019-04-09 17:39:33-07:00,3.815,2019-04-09 10:29:05-07:00,America/Los_Angeles
5cc25127f9af8b2347da3e18,"[{'userID': 712, 'milesRequested': 30, 'WhPerMile': 600, 'minutesAvailable': 197, 'modifiedAt': 'Tue, 09 Apr 2019 16:11:03 GMT', 'paymentRequired': True, 'requestedDeparture': 'Tue, 09 Apr 2019 19:27:58 GMT', 'kWhRequested': 18.0}]",000000712,2_39_123_23_2019-04-09 16:10:58.362137,2-39-123-23,CA-313,0002,0039,2019-04-09 09:10:58-07:00,2019-04-09 18:33:42-07:00,4.685,2019-04-09 10:35:42-07:00,America/Los_Angeles
5cc25127f9af8b2347da3e19,"[{'userID': 632, 'milesRequested': 40, 'WhPerMile': 400, 'minutesAvailable': 575, 'modifiedAt': 'Tue, 09 Apr 2019 16:19:17 GMT', 'paymentRequired': True, 'requestedDeparture': 'Wed, 10 Apr 2019 01:53:49 GMT', 'kWhRequested': 16.0}]",000000632,2_39_78_361_2019-04-09 16:18:48.738826,2-39-78-361,CA-493,0002,0039,2019-04-09 09:18:49-07:00,2019-04-09 18:15:41-07:00,15.978,2019-04-09 18:12:42-07:00,America/Los_Angeles
5cc25127f9af8b2347da3e1a,"[{'userID': 69, 'milesRequested': 100, 'WhPerMile': 300, 'minutesAvailable': 310, 'modifiedAt': 'Tue, 09 Apr 2019 16:31:50 GMT', 'paymentRequired': True, 'requestedDeparture': 'Tue, 09 Apr 2019 21:41:25 GMT', 'kWhRequested': 30.0}]",000000069,2_39_89_439_2019-04-09 16:31:24.811836,2-39-89-439,CA-501,0002,0039,2019-04-09 09:31:25-07:00,2019-04-09 18:38:35-07:00,11.473,2019-04-09 11:26:56-07:00,America/Los_Angeles
5cc25127f9af8b2347da3e1b,"[{'userID': 324, 'milesRequested': 20, 'WhPerMile': 600, 'minutesAvailable': 125, 'modifiedAt': 'Tue, 09 Apr 2019 17:03:40 GMT', 'paymentRequired': True, 'requestedDeparture': 'Tue, 09 Apr 2019 19:08:05 GMT', 'kWhRequested': 12.0}]",000000324,2_39_91_437_2019-04-09 17:03:04.927965,2-39-91-437,CA-317,0002,0039,2019-04-09 10:03:05-07:00,2019-04-09 21:27:39-07:00,1.902,2019-04-09 11:01:51-07:00,America/Los_Angeles
5cc25127f9af8b2347da3e1c,"[{'userID': 558, 'milesRequested': 70, 'WhPerMile': 200, 'minutesAvailable': 514, 'modifiedAt': 'Tue, 09 Apr 2019 17:03:58 GMT', 'paymentRequired': True, 'requestedDeparture': 'Wed, 10 Apr 2019 01:37:51 GMT', 'kWhRequested': 14.0}]",000000558,2_39_90_440_2019-04-09 17:03:51.174908,2-39-90-440,CA-500,0002,0039,2019-04-09 10:03:51-07:00,2019-04-09 19:09:58-07:00,11.039,2019-04-09 12:03:35-07:00,America/Los_Angeles
5cc25127f9af8b2347da3e1d,"[{'userID': 1953, 'milesRequested': 20, 'WhPerMile': 400, 'minutesAvailable': 280, 'modifiedAt': 'Tue, 09 Apr 2019 17:07:45 GMT', 'paymentRequired': True, 'requestedDeparture': 'Tue, 09 Apr 2019 21:47:22 GMT', 'kWhRequested': 8.0}]",000001953,2_39_78_367_2019-04-09 17:07:21.662241,2-39-78-367,CA-494,0002,0039,2019-04-09 10:07:22-07:00,2019-04-09 14:47:01-07:00,7.894,2019-04-09 14:23:41-07:00,America/Los_Angeles
5cc25127f9af8b2347da3e1e,"[{'userID': 1135, 'milesRequested': 50, 'WhPerMile': 400, 'minutesAvailable': 150, 'modifiedAt': 'Tue, 09 Apr 2019 17:14:46 GMT', 'paymentRequired': True, 'requestedDeparture': 'Tue, 09 Apr 2019 19:44:13 GMT', 'kWhRequested': 20.0}]",000001135,2_39_95_444_2019-04-09 17:14:12.866882,2-39-95-444,CA-497,0002,0039,2019-04-09 10:14:13-07:00,2019-04-09 15:08:43-07:00,9.901,2019-04-09 13:08:04-07:00,America/Los_Angeles
5cc25127f9af8b2347da3e1f,"[{'userID': 1095, 'milesRequested': 20, 'WhPerMile': 469, 'minutesAvailable': 432, 'modifiedAt': 'Tue, 09 Apr 2019 17:15:42 GMT', 'paymentRequired': True, 'requestedDeparture': 'Wed, 10 Apr 2019 00:27:42 GMT', 'kWhRequested': 9.38}, {'userID': 1095, 'milesRequested': 20, 'WhPerMile': 469, 'minutesAvailable': 432, 'modifiedAt': 'Tue, 09 Apr 2019 17:15:52 GMT', 'paymentRequired': True, 'requestedDeparture': 'Wed, 10 Apr 2019 00:27:42 GMT', 'kWhRequested': 9.38}]",000001095,2_39_78_365_2019-04-09 17:15:38.206560,2-39-78-365,CA-321,0002,0039,2019-04-09 10:15:42-07:00,2019-04-09 17:55:46-07:00,9.245,2019-04-09 14:47:59-07:00,America/Los_Angeles
5cc25127f9af8b2347da3e20,"[{'userID': 958, 'milesRequested': 100, 'WhPerMile': 400, 'minutesAvailable': 570, 'modifiedAt': 'Tue, 09 Apr 2019 17:18:30 GMT', 'paymentRequired': True, 'requestedDeparture': 'Wed, 10 Apr 2019 02:48:20 GMT', 'kWhRequested': 40.0}]",000000958,2_39_90_26_2019-04-09 17:18:20.352731,2-39-90-26,CA-316,0002,0039,2019-04-09 10:18:20-07:00,2019-04-09 19:30:46-07:00,11.993,2019-04-09 13:02:43-07:00,America/Los_Angeles
5cc25127f9af8b2347da3e21,"[{'userID': 891, 'milesRequested': 20, 'WhPerMile': 300, 'minutesAvailable': 310, 'modifiedAt': 'Tue, 09 Apr 2019 17:42:31 GMT', 'paymentRequired': True, 'requestedDeparture': 'Tue, 09 Apr 2019 22:52:31 GMT', 'kWhRequested': 6.0}, {'userID': 891, 'milesRequested': 20, 'WhPerMile': 300, 'minutesAvailable': 310, 'modifiedAt': 'Tue, 09 Apr 2019 17:42:48 GMT', 'paymentRequired': True, 'requestedDeparture': 'Tue, 09 Apr 2019 22:52:31 GMT', 'kWhRequested': 6.0}, {'userID': 891, 'milesRequested': 20, 'WhPerMile': 300, 'minutesAvailable': 310, 'modifiedAt': 'Tue, 09 Apr 2019 17:43:07 GMT', 'paymentRequired': True, 'requestedDeparture': 'Tue, 09 Apr 2019 22:52:31 GMT', 'kWhRequested': 6.0}]",000000891,2_39_124_22_2019-04-09 17:42:29.949416,2-39-124-22,CA-312,0002,0039,2019-04-09 10:42:31-07:00,2019-04-09 17:51:24-07:00,1.806,2019-04-09 11:32:10-07:00,America/Los_Angeles
5cc25127f9af8b2347da3e22,,,2_39_78_364_2019-04-09 17:50:25.934404,2-39-78-364,CA-495,0002,0039,2019-04-09 10:50:26-07:00,2019-04-09 12:25:42-07:00,0.855,2019-04-09 12:05:48-07:00,America/Los_Angeles
5cc25127f9af8b2347da3e23,"[{'userID': 1137, 'milesRequested': 20, 'WhPerMile': 400, 'minutesAvailable': 250, 'modifiedAt': 'Tue, 09 Apr 2019 17:52:13 GMT', 'paymentRequired': True, 'requestedDeparture': 'Tue, 09 Apr 2019 22:01:26 GMT', 'kWhRequested': 8.0}]",000001137,2_39_92_436_2019-04-09 17:51:25.985547,2-39-92-436,CA-318,0002,0039,2019-04-09 10:51:26-07:00,2019-04-09 16:00:31-07:00,7.115,2019-04-09 13:06:08-07:00,America/Los_Angeles
5cc25127f9af8b2347da3e24,"[{'userID': 533, 'milesRequested': 80, 'WhPerMile': 250, 'minutesAvailable': 112, 'modifiedAt': 'Tue, 09 Apr 2019 18:11:30 GMT', 'paymentRequired': True, 'requestedDeparture': 'Tue, 09 Apr 2019 19:59:44 GMT', 'kWhRequested': 20.0}]",000000533,2_39_92_442_2019-04-09 18:07:44.287563,2-39-92-442,CA-498,0002,0039,2019-04-09 11:07:44-07:00,2019-04-09 14:27:39-07:00,19.903,2019-04-09 14:22:35-07:00,America/Los_Angeles
5cc25127f9af8b2347da3e25,"[{'userID': 777, 'milesRequested': 50, 'WhPerMile': 500, 'minutesAvailable': 314, 'modifiedAt': 'Tue, 09 Apr 2019 18:32:25 GMT', 'paymentRequired': True, 'requestedDeparture': 'Tue, 09 Apr 2019 23:44:12 GMT', 'kWhRequested': 25.0}]",000000777,2_39_139_567_2019-04-09 18:30:12.060969,2-39-139-567,CA-513,0002,0039,2019-04-09 11:30:12-07:00,2019-04-09 16:04:32-07:00,8.766,2019-04-09 14:18:28-07:00,America/Los_Angeles
5cc25127f9af8b2347da3e26,"[{'userID': 1316, 'milesRequested': 210, 'WhPerMile': 240, 'minutesAvailable': 280, 'modifiedAt': 'Tue, 09 Apr 2019 19:37:10 GMT', 'paymentRequired': True, 'requestedDeparture': 'Wed, 10 Apr 2019 00:14:54 GMT', 'kWhRequested': 50.4}]",000001316,2_39_88_24_2019-04-09 19:34:53.967873,2-39-88-24,CA-314,0002,0039,2019-04-09 12:34:54-07:00,2019-04-09 17:20:40-07:00,32.51,2019-04-09 17:20:35-07:00,America/Los_Angeles
5cc25127f9af8b2347da3e27,"[{'userID': 560, 'milesRequested': 20, 'WhPerMile': 273, 'minutesAvailable': 152, 'modifiedAt': 'Tue, 09 Apr 2019 20:03:43 GMT', 'paymentRequired': True, 'requestedDeparture': 'Tue, 09 Apr 2019 22:35:22 GMT', 'kWhRequested': 5.46}]",000000560,2_39_127_19_2019-04-09 20:03:22.043087,2-39-127-19,CA-309,0002,0039,2019-04-09 13:03:22-07:00,2019-04-09 16:09:54-07:00,2.077,2019-04-09 14:05:29-07:00,America/Los_Angeles
5cc25127f9af8b2347da3e28,"[{'userID': 1124, 'milesRequested': 20, 'WhPerMile': 450, 'minutesAvailable': 60, 'modifiedAt': 'Tue, 09 Apr 2019 20:28:06 GMT', 'paymentRequired': True, 'requestedDeparture': 'Tue, 09 Apr 2019 21:27:48 GMT', 'kWhRequested': 9.0}]",000001124,2_39_88_438_2019-04-09 20:27:48.253801,2-39-88-438,CA-502,0002,0039,2019-04-09 13:27:48-07:00,2019-04-09 18:53:54-07:00,6.675,2019-04-09 15:30:33-07:00,America/Los_Angeles
5cc25127f9af8b2347da3e29,,,2_39_78_367_2019-04-09 21:48:27.841264,2-39-78-367,CA-494,0002,0039,2019-04-09 14:48:28-07:00,2019-04-09 16:29:51-07:00,0.803,2019-04-09 15:15:47-07:00,America/Los_Angeles
5cc25127f9af8b2347da3e2a,"[{'userID': 1274, 'milesRequested': 30, 'WhPerMile': 333, 'minutesAvailable': 384, 'modifiedAt': 'Tue, 09 Apr 2019 21:58:47 GMT', 'paymentRequired': True, 'requestedDeparture': 'Wed, 10 Apr 2019 04:20:13 GMT', 'kWhRequested': 9.99}]",000001274,2_39_78_362_2019-04-09 21:56:13.072315,2-39-78-362,CA-496,0002,0039,2019-04-09 14:56:13-07:00,2019-04-09 18:42:43-07:00,9.886,2019-04-09 18:43:40-07:00,America/Los_Angeles
5cc25127f9af8b2347da3e2b,"[{'userID': 1082, 'milesRequested': 40, 'WhPerMile': 400, 'minutesAvailable': 291, 'modifiedAt': 'Wed, 10 Apr 2019 00:23:08 GMT', 'paymentRequired': True, 'requestedDeparture': 'Wed, 10 Apr 2019 05:13:02 GMT', 'kWhRequested': 16.0}]",000001082,2_39_138_566_2019-04-10 00:22:01.891272,2-39-138-566,CA-512,0002,0039,2019-04-09 17:22:02-07:00,2019-04-09 19:53:53-07:00,2.254,2019-04-09 18:29:48-07:00,America/Los_Angeles
5cc25127f9af8b2347da3e2c,"[{'userID': 1091, 'milesRequested': 33, 'WhPerMile': 300, 'minutesAvailable': 157, 'modifiedAt': 'Wed, 10 Apr 2019 01:57:51 GMT', 'paymentRequired': True, 'requestedDeparture': 'Wed, 10 Apr 2019 04:34:09 GMT', 'kWhRequested': 9.9}]",000001091,2_39_78_366_2019-04-10 01:57:08.802281,2-39-78-366,CA-323,0002,0039,2019-04-09 18:57:09-07:00,2019-04-09 20:27:17-07:00,5.085,2019-04-09 20:23:29-07:00,America/Los_Angeles
5cc25127f9af8b2347da3e2d,"[{'userID': 1864, 'milesRequested': 30, 'WhPerMile': 333, 'minutesAvailable': 60, 'modifiedAt': 'Wed, 10 Apr 2019 02:18:14 GMT', 'paymentRequired': True, 'requestedDeparture': 'Wed, 10 Apr 2019 03:17:46 GMT', 'kWhRequested': 9.99}]",000001864,2_39_83_386_2019-04-10 02:17:46.088013,2-39-83-386,CA-212,0002,0039,2019-04-09 19:17:46-07:00,2019-04-09 21:16:11-07:00,3.251,2019-04-09 20:25:32-07:00,America/Los_Angeles
5cc25127f9af8b2347da3e2e,"[{'userID': 2192, 'milesRequested': 20, 'WhPerMile': 400, 'minutesAvailable': 60, 'modifiedAt': 'Wed, 10 Apr 2019 03:24:42 GMT', 'paymentRequired': True, 'requestedDeparture': 'Wed, 10 Apr 2019 04:23:46 GMT', 'kWhRequested': 8.0}]",000002192,2_39_138_29_2019-04-10 03:23:46.441500,2-39-138-29,CA-304,0002,0039,2019-04-09 20:23:46-07:00,2019-04-09 21:41:20-07:00,7.846,2019-04-09 21:41:16-07:00,America/Los_Angeles
5cc25127f9af8b2347da3e2f,"[{'userID': 1135, 'milesRequested': 50, 'WhPerMile': 400, 'minutesAvailable': 150, 'modifiedAt': 'Wed, 10 Apr 2019 03:38:39 GMT', 'paymentRequired': True, 'requestedDeparture': 'Wed, 10 Apr 2019 06:08:39 GMT', 'kWhRequested': 20.0}]",000001135,2_39_79_377_2019-04-10 03:38:38.965785,2-39-79-377,CA-325,0002,0039,2019-04-09 20:38:39-07:00,2019-04-09 23:28:45-07:00,9.098,2019-04-09 23:21:43-07:00,America/Los_Angeles
5cc25127f9af8b2347da3e30,"[{'userID': 1202, 'milesRequested': 40, 'WhPerMile': 375, 'minutesAvailable': 161, 'modifiedAt': 'Wed, 10 Apr 2019 04:23:52 GMT', 'paymentRequired': True, 'requestedDeparture': 'Wed, 10 Apr 2019 07:04:18 GMT', 'kWhRequested': 15.0}]",000001202,2_39_129_17_2019-04-10 04:23:17.833480,2-39-129-17,CA-307,0002,0039,2019-04-09 21:23:18-07:00,2019-04-10 18:24:59-07:00,9.621,2019-04-10 00:23:15-07:00,America/Los_Angeles
5cc3a2a4f9af8b284375bd64,"[{'userID': 560, 'milesRequested': 80, 'WhPerMile': 273, 'minutesAvailable': 251, 'modifiedAt': 'Wed, 10 Apr 2019 13:27:02 GMT', 'paymentRequired': True, 'requestedDeparture': 'Wed, 10 Apr 2019 17:37:50 GMT', 'kWhRequested': 21.84}, {'userID': 560, 'milesRequested': 80, 'WhPerMile': 273, 'minutesAvailable': 484, 'modifiedAt': 'Wed, 10 Apr 2019 20:32:34 GMT', 'paymentRequired': True, 'requestedDeparture': 'Wed, 10 Apr 2019 21:30:50 GMT', 'kWhRequested': 21.84}]",000000560,2_39_88_24_2019-04-10 13:26:50.428326,2-39-88-24,CA-314,0002,0039,2019-04-10 06:26:50-07:00,2019-04-10 16:00:05-07:00,19.171,2019-04-10 10:07:58-07:00,America/Los_Angeles
5cc3a2a4f9af8b284375bd65,"[{'userID': 676, 'milesRequested': 60, 'WhPerMile': 364, 'minutesAvailable': 473, 'modifiedAt': 'Wed, 10 Apr 2019 13:43:56 GMT', 'paymentRequired': True, 'requestedDeparture': 'Wed, 10 Apr 2019 21:36:45 GMT', 'kWhRequested': 21.84}]",000000676,2_39_79_379_2019-04-10 13:43:44.907341,2-39-79-379,CA-327,0002,0039,2019-04-10 06:43:45-07:00,2019-04-10 20:16:15-07:00,14.764,2019-04-10 12:04:27-07:00,America/Los_Angeles
5cc3a2a4f9af8b284375bd66,"[{'userID': 569, 'milesRequested': 60, 'WhPerMile': 300, 'minutesAvailable': 529, 'modifiedAt': 'Wed, 10 Apr 2019 14:07:55 GMT', 'paymentRequired': True, 'requestedDeparture': 'Wed, 10 Apr 2019 22:56:31 GMT', 'kWhRequested': 18.0}]",000000569,2_39_78_365_2019-04-10 14:07:30.815158,2-39-78-365,CA-321,0002,0039,2019-04-10 07:07:31-07:00,2019-04-10 17:09:03-07:00,7.105,2019-04-10 12:36:54-07:00,America/Los_Angeles
5cc3a2a4f9af8b284375bd67,"[{'userID': 632, 'milesRequested': 40, 'WhPerMile': 400, 'minutesAvailable': 575, 'modifiedAt': 'Wed, 10 Apr 2019 14:53:41 GMT', 'paymentRequired': True, 'requestedDeparture': 'Thu, 11 Apr 2019 00:28:00 GMT', 'kWhRequested': 16.0}]",000000632,2_39_79_382_2019-04-10 14:52:59.977664,2-39-79-382,CA-491,0002,0039,2019-04-10 07:53:00-07:00,2019-04-10 20:21:01-07:00,6.528,2019-04-10 10:50:11-07:00,America/Los_Angeles
5cc3a2a4f9af8b284375bd68,"[{'userID': 1534, 'milesRequested': 30, 'WhPerMile': 250, 'minutesAvailable': 404, 'modifiedAt': 'Wed, 10 Apr 2019 15:09:06 GMT', 'paymentRequired': True, 'requestedDeparture': 'Wed, 10 Apr 2019 21:50:32 GMT', 'kWhRequested': 7.5}]",000001534,2_39_124_558_2019-04-10 15:06:31.888314,2-39-124-558,CA-504,0002,0039,2019-04-10 08:06:32-07:00,2019-04-10 20:29:26-07:00,4.729,2019-04-10 09:38:09-07:00,America/Los_Angeles
5cc3a2a4f9af8b284375bd69,"[{'userID': 431, 'milesRequested': 50, 'WhPerMile': 300, 'minutesAvailable': 251, 'modifiedAt': 'Wed, 10 Apr 2019 15:13:07 GMT', 'paymentRequired': True, 'requestedDeparture': 'Wed, 10 Apr 2019 19:21:51 GMT', 'kWhRequested': 15.0}]",000000431,2_39_95_27_2019-04-10 15:10:51.135179,2-39-95-27,CA-319,0002,0039,2019-04-10 08:10:51-07:00,2019-04-10 14:40:55-07:00,9.514,2019-04-10 09:56:39-07:00,America/Los_Angeles
5cc3a2a4f9af8b284375bd6a,"[{'userID': 2149, 'milesRequested': 40, 'WhPerMile': 275, 'minutesAvailable': 226, 'modifiedAt': 'Wed, 10 Apr 2019 15:18:56 GMT', 'paymentRequired': True, 'requestedDeparture': 'Wed, 10 Apr 2019 19:04:56 GMT', 'kWhRequested': 11.0}]",000002149,2_39_79_383_2019-04-10 15:18:25.018379,2-39-79-383,CA-492,0002,0039,2019-04-10 08:18:56-07:00,2019-04-10 12:29:14-07:00,10.878,2019-04-10 11:58:06-07:00,America/Los_Angeles
5cc3a2a4f9af8b284375bd6b,"[{'userID': 1470, 'milesRequested': 50, 'WhPerMile': 292, 'minutesAvailable': 257, 'modifiedAt': 'Wed, 10 Apr 2019 15:33:29 GMT', 'paymentRequired': True, 'requestedDeparture': 'Wed, 10 Apr 2019 19:49:30 GMT', 'kWhRequested': 14.6}]",000001470,2_39_79_377_2019-04-10 15:32:29.768037,2-39-79-377,CA-325,0002,0039,2019-04-10 08:32:30-07:00,2019-04-10 16:58:32-07:00,8.413,2019-04-10 10:57:50-07:00,America/Los_Angeles
5cc3a2a4f9af8b284375bd6c,"[{'userID': 559, 'milesRequested': 30, 'WhPerMile': 313, 'minutesAvailable': 126, 'modifiedAt': 'Wed, 10 Apr 2019 15:33:25 GMT', 'paymentRequired': True, 'requestedDeparture': 'Wed, 10 Apr 2019 17:39:13 GMT', 'kWhRequested': 9.39}, {'userID': 559, 'milesRequested': 30, 'WhPerMile': 313, 'minutesAvailable': 388, 'modifiedAt': 'Wed, 10 Apr 2019 15:33:38 GMT', 'paymentRequired': True, 'requestedDeparture': 'Wed, 10 Apr 2019 22:01:13 GMT', 'kWhRequested': 9.39}]",000000559,2_39_79_378_2019-04-10 15:33:12.585728,2-39-79-378,CA-326,0002,0039,2019-04-10 08:33:13-07:00,2019-04-10 15:35:15-07:00,7.4,2019-04-10 12:59:27-07:00,America/Los_Angeles
5cc3a2a4f9af8b284375bd6d,,,2_39_79_380_2019-04-10 15:37:56.300957,2-39-79-380,CA-489,0002,0039,2019-04-10 08:37:56-07:00,2019-04-10 18:50:19-07:00,10.249,2019-04-10 18:11:49-07:00,America/Los_Angeles
5cc3a2a4f9af8b284375bd6e,"[{'userID': 712, 'milesRequested': 30, 'WhPerMile': 600, 'minutesAvailable': 197, 'modifiedAt': 'Wed, 10 Apr 2019 15:42:27 GMT', 'paymentRequired': True, 'requestedDeparture': 'Wed, 10 Apr 2019 18:59:25 GMT', 'kWhRequested': 18.0}]",000000712,2_39_131_30_2019-04-10 15:42:24.917196,2-39-131-30,CA-305,0002,0039,2019-04-10 08:42:25-07:00,2019-04-10 18:05:16-07:00,4.597,2019-04-10 10:04:54-07:00,America/Los_Angeles
5cc3a2a4f9af8b284375bd6f,"[{'userID': 562, 'milesRequested': 20, 'WhPerMile': 300, 'minutesAvailable': 211, 'modifiedAt': 'Wed, 10 Apr 2019 15:43:00 GMT', 'paymentRequired': True, 'requestedDeparture': 'Wed, 10 Apr 2019 19:13:35 GMT', 'kWhRequested': 6.0}]",000000562,2_39_139_28_2019-04-10 15:42:35.374314,2-39-139-28,CA-303,0002,0039,2019-04-10 08:42:35-07:00,2019-04-10 12:34:11-07:00,4.914,2019-04-10 10:34:10-07:00,America/Los_Angeles
5cc3a2a4f9af8b284375bd70,"[{'userID': 945, 'milesRequested': 50, 'WhPerMile': 600, 'minutesAvailable': 555, 'modifiedAt': 'Wed, 10 Apr 2019 15:45:16 GMT', 'paymentRequired': True, 'requestedDeparture': 'Thu, 11 Apr 2019 00:57:55 GMT', 'kWhRequested': 30.0}]",000000945,2_39_78_366_2019-04-10 15:42:55.187705,2-39-78-366,CA-323,0002,0039,2019-04-10 08:42:55-07:00,2019-04-10 18:16:01-07:00,14.129,2019-04-10 16:18:00-07:00,America/Los_Angeles
5cc3a2a4f9af8b284375bd71,"[{'userID': 1120, 'milesRequested': 60, 'WhPerMile': 375, 'minutesAvailable': 443, 'modifiedAt': 'Wed, 10 Apr 2019 15:57:45 GMT', 'paymentRequired': True, 'requestedDeparture': 'Wed, 10 Apr 2019 23:17:16 GMT', 'kWhRequested': 22.5}]",000001120,2_39_79_376_2019-04-10 15:54:16.237171,2-39-79-376,CA-324,0002,0039,2019-04-10 08:54:16-07:00,2019-04-10 16:37:42-07:00,4.201,2019-04-10 11:18:14-07:00,America/Los_Angeles
5cc3a2a4f9af8b284375bd72,"[{'userID': 1104, 'milesRequested': 120, 'WhPerMile': 250, 'minutesAvailable': 428, 'modifiedAt': 'Wed, 10 Apr 2019 16:01:53 GMT', 'paymentRequired': True, 'requestedDeparture': 'Wed, 10 Apr 2019 23:07:57 GMT', 'kWhRequested': 30.0}]",000001104,2_39_79_381_2019-04-10 15:59:56.604003,2-39-79-381,CA-490,0002,0039,2019-04-10 08:59:57-07:00,2019-04-10 17:57:40-07:00,14.991,2019-04-10 17:57:36-07:00,America/Los_Angeles
5cc3a2a4f9af8b284375bd73,"[{'userID': 714, 'milesRequested': 90, 'WhPerMile': 200, 'minutesAvailable': 364, 'modifiedAt': 'Wed, 10 Apr 2019 16:02:59 GMT', 'paymentRequired': True, 'requestedDeparture': 'Wed, 10 Apr 2019 22:06:39 GMT', 'kWhRequested': 18.0}]",000000714,2_39_78_361_2019-04-10 16:02:38.643472,2-39-78-361,CA-493,0002,0039,2019-04-10 09:02:39-07:00,2019-04-10 17:54:11-07:00,6.313,2019-04-10 10:15:25-07:00,America/Los_Angeles
5cc3a2a4f9af8b284375bd74,"[{'userID': 743, 'milesRequested': 20, 'WhPerMile': 400, 'minutesAvailable': 448, 'modifiedAt': 'Wed, 10 Apr 2019 16:08:56 GMT', 'paymentRequired': True, 'requestedDeparture': 'Wed, 10 Apr 2019 23:36:02 GMT', 'kWhRequested': 8.0}]",000000743,2_39_89_25_2019-04-10 16:08:02.240140,2-39-89-25,CA-315,0002,0039,2019-04-10 09:08:02-07:00,2019-04-10 17:20:30-07:00,3.805,2019-04-10 10:26:19-07:00,America/Los_Angeles
5cc3a2a4f9af8b284375bd75,"[{'userID': 69, 'milesRequested': 100, 'WhPerMile': 300, 'minutesAvailable': 310, 'modifiedAt': 'Wed, 10 Apr 2019 16:19:08 GMT', 'paymentRequired': True, 'requestedDeparture': 'Wed, 10 Apr 2019 21:28:52 GMT', 'kWhRequested': 30.0}]",000000069,2_39_90_440_2019-04-10 16:18:52.011121,2-39-90-440,CA-500,0002,0039,2019-04-10 09:18:52-07:00,2019-04-10 20:58:45-07:00,10.37,2019-04-10 11:02:46-07:00,America/Los_Angeles
5cc3a2a4f9af8b284375bd76,"[{'userID': 858, 'milesRequested': 20, 'WhPerMile': 400, 'minutesAvailable': 223, 'modifiedAt': 'Wed, 10 Apr 2019 16:20:28 GMT', 'paymentRequired': True, 'requestedDeparture': 'Wed, 10 Apr 2019 20:02:22 GMT', 'kWhRequested': 8.0}]",000000858,2_39_124_22_2019-04-10 16:19:22.190813,2-39-124-22,CA-312,0002,0039,2019-04-10 09:19:22-07:00,2019-04-10 16:40:05-07:00,2.889,2019-04-10 10:16:38-07:00,America/Los_Angeles
5cc3a2a4f9af8b284375bd77,"[{'userID': 1366, 'milesRequested': 20, 'WhPerMile': 600, 'minutesAvailable': 333, 'modifiedAt': 'Wed, 10 Apr 2019 16:21:39 GMT', 'paymentRequired': True, 'requestedDeparture': 'Wed, 10 Apr 2019 21:54:00 GMT', 'kWhRequested': 12.0}]",000001366,2_39_78_360_2019-04-10 16:20:59.576683,2-39-78-360,CA-322,0002,0039,2019-04-10 09:21:00-07:00,2019-04-10 12:17:33-07:00,3.491,2019-04-10 10:40:34-07:00,America/Los_Angeles
5cc3a2a4f9af8b284375bd78,"[{'userID': 1364, 'milesRequested': 60, 'WhPerMile': 400, 'minutesAvailable': 475, 'modifiedAt': 'Wed, 10 Apr 2019 16:22:49 GMT', 'paymentRequired': True, 'requestedDeparture': 'Thu, 11 Apr 2019 00:17:30 GMT', 'kWhRequested': 24.0}]",000001364,2_39_92_436_2019-04-10 16:22:30.184715,2-39-92-436,CA-318,0002,0039,2019-04-10 09:22:30-07:00,2019-04-10 17:42:19-07:00,3.846,2019-04-10 10:41:15-07:00,America/Los_Angeles
5cc3a2a4f9af8b284375bd79,"[{'userID': 850, 'milesRequested': 100, 'WhPerMile': 300, 'minutesAvailable': 60, 'modifiedAt': 'Wed, 10 Apr 2019 16:52:30 GMT', 'paymentRequired': True, 'requestedDeparture': 'Wed, 10 Apr 2019 17:52:11 GMT', 'kWhRequested': 30.0}]",000000850,2_39_92_442_2019-04-10 16:52:11.186784,2-39-92-442,CA-498,0002,0039,2019-04-10 09:52:11-07:00,2019-04-10 22:57:18-07:00,22.236,2019-04-10 13:37:55-07:00,America/Los_Angeles
5cc3a2a4f9af8b284375bd7a,"[{'userID': 558, 'milesRequested': 70, 'WhPerMile': 200, 'minutesAvailable': 539, 'modifiedAt': 'Wed, 10 Apr 2019 17:07:19 GMT', 'paymentRequired': True, 'requestedDeparture': 'Thu, 11 Apr 2019 02:06:14 GMT', 'kWhRequested': 14.0}]",000000558,2_39_89_439_2019-04-10 17:07:13.850293,2-39-89-439,CA-501,0002,0039,2019-04-10 10:07:14-07:00,2019-04-10 11:46:05-07:00,10.627,2019-04-10 11:46:00-07:00,America/Los_Angeles
5cc3a2a4f9af8b284375bd7b,"[{'userID': 1095, 'milesRequested': 20, 'WhPerMile': 469, 'minutesAvailable': 432, 'modifiedAt': 'Wed, 10 Apr 2019 17:10:53 GMT', 'paymentRequired': True, 'requestedDeparture': 'Thu, 11 Apr 2019 00:22:50 GMT', 'kWhRequested': 9.38}, {'userID': 1095, 'milesRequested': 30, 'WhPerMile': 469, 'minutesAvailable': 432, 'modifiedAt': 'Wed, 10 Apr 2019 17:11:03 GMT', 'paymentRequired': True, 'requestedDeparture': 'Thu, 11 Apr 2019 00:22:50 GMT', 'kWhRequested': 14.07}]",000001095,2_39_78_362_2019-04-10 17:10:49.916789,2-39-78-362,CA-496,0002,0039,2019-04-10 10:10:50-07:00,2019-04-10 17:45:00-07:00,11.234,2019-04-10 17:45:58-07:00,America/Los_Angeles
5cc3a2a4f9af8b284375bd7c,"[{'userID': 1864, 'milesRequested': 30, 'WhPerMile': 333, 'minutesAvailable': 60, 'modifiedAt': 'Wed, 10 Apr 2019 17:16:23 GMT', 'paymentRequired': True, 'requestedDeparture': 'Wed, 10 Apr 2019 18:16:13 GMT', 'kWhRequested': 9.99}]",000001864,2_39_125_21_2019-04-10 17:16:13.360388,2-39-125-21,CA-311,0002,0039,2019-04-10 10:16:13-07:00,2019-04-10 17:48:10-07:00,2.301,2019-04-10 11:09:05-07:00,America/Los_Angeles
5cc3a2a4f9af8b284375bd7d,"[{'userID': 1526, 'milesRequested': 57, 'WhPerMile': 350, 'minutesAvailable': 491, 'modifiedAt': 'Wed, 10 Apr 2019 17:19:06 GMT', 'paymentRequired': True, 'requestedDeparture': 'Thu, 11 Apr 2019 01:29:54 GMT', 'kWhRequested': 19.95}]",000001526,2_39_78_367_2019-04-10 17:18:54.135337,2-39-78-367,CA-494,0002,0039,2019-04-10 10:18:54-07:00,2019-04-10 15:19:08-07:00,14.662,2019-04-10 15:19:07-07:00,America/Los_Angeles
5cc3a2a4f9af8b284375bd7e,,,2_39_91_441_2019-04-10 17:53:20.180010,2-39-91-441,CA-499,0002,0039,2019-04-10 10:53:20-07:00,2019-04-10 20:06:13-07:00,0.884,2019-04-10 17:48:42-07:00,America/Los_Angeles
5cc3a2a4f9af8b284375bd7f,"[{'userID': 1083, 'milesRequested': 20, 'WhPerMile': 400, 'minutesAvailable': 195, 'modifiedAt': 'Wed, 10 Apr 2019 19:26:23 GMT', 'paymentRequired': True, 'requestedDeparture': 'Wed, 10 Apr 2019 22:40:16 GMT', 'kWhRequested': 8.0}]",000001083,2_39_78_360_2019-04-10 19:25:15.569778,2-39-78-360,CA-322,0002,0039,2019-04-10 12:25:16-07:00,2019-04-10 17:14:19-07:00,4.038,2019-04-10 14:40:52-07:00,America/Los_Angeles
5cc3a2a4f9af8b284375bd80,"[{'userID': 891, 'milesRequested': 20, 'WhPerMile': 300, 'minutesAvailable': 310, 'modifiedAt': 'Wed, 10 Apr 2019 19:52:09 GMT', 'paymentRequired': True, 'requestedDeparture': 'Thu, 11 Apr 2019 01:00:51 GMT', 'kWhRequested': 6.0}]",000000891,2_39_90_26_2019-04-10 19:50:50.999237,2-39-90-26,CA-316,0002,0039,2019-04-10 12:50:51-07:00,2019-04-10 17:19:13-07:00,1.847,2019-04-10 13:34:47-07:00,America/Los_Angeles
5cc3a2a4f9af8b284375bd81,"[{'userID': 1082, 'milesRequested': 40, 'WhPerMile': 400, 'minutesAvailable': 291, 'modifiedAt': 'Wed, 10 Apr 2019 20:00:10 GMT', 'paymentRequired': True, 'requestedDeparture': 'Thu, 11 Apr 2019 00:50:47 GMT', 'kWhRequested': 16.0}]",000001082,2_39_139_28_2019-04-10 19:59:47.231309,2-39-139-28,CA-303,0002,0039,2019-04-10 12:59:47-07:00,2019-04-11 00:20:52-07:00,2.016,2019-04-10 14:00:32-07:00,America/Los_Angeles
5cc3a2a4f9af8b284375bd82,"[{'userID': 1124, 'milesRequested': 20, 'WhPerMile': 450, 'minutesAvailable': 60, 'modifiedAt': 'Wed, 10 Apr 2019 20:13:37 GMT', 'paymentRequired': True, 'requestedDeparture': 'Wed, 10 Apr 2019 21:13:25 GMT', 'kWhRequested': 9.0}]",000001124,2_39_78_363_2019-04-10 20:13:24.917511,2-39-78-363,CA-320,0002,0039,2019-04-10 13:13:25-07:00,2019-04-10 19:04:21-07:00,6.9,2019-04-10 15:20:11-07:00,America/Los_Angeles
5cc3a2a4f9af8b284375bd83,"[{'userID': 832, 'milesRequested': 80, 'WhPerMile': 300, 'minutesAvailable': 222, 'modifiedAt': 'Wed, 10 Apr 2019 20:19:15 GMT', 'paymentRequired': True, 'requestedDeparture': 'Thu, 11 Apr 2019 00:00:12 GMT', 'kWhRequested': 24.0}]",000000832,2_39_78_364_2019-04-10 20:18:12.229576,2-39-78-364,CA-495,0002,0039,2019-04-10 13:18:12-07:00,2019-04-10 17:08:50-07:00,23.88,2019-04-10 17:07:34-07:00,America/Los_Angeles
5cc3a2a4f9af8b284375bd84,"[{'userID': 562, 'milesRequested': 10, 'WhPerMile': 300, 'minutesAvailable': 211, 'modifiedAt': 'Wed, 10 Apr 2019 20:27:33 GMT', 'paymentRequired': True, 'requestedDeparture': 'Wed, 10 Apr 2019 23:57:45 GMT', 'kWhRequested': 3.0}]",000000562,2_39_123_23_2019-04-10 20:26:44.632663,2-39-123-23,CA-313,0002,0039,2019-04-10 13:26:45-07:00,2019-04-10 21:26:34-07:00,0.947,2019-04-10 13:47:20-07:00,America/Los_Angeles
5cc3a2a4f9af8b284375bd85,,,2_39_79_383_2019-04-10 20:56:23.931115,2-39-79-383,CA-492,0002,0039,2019-04-10 13:56:24-07:00,2019-04-10 17:44:45-07:00,1.978,2019-04-10 17:01:28-07:00,America/Los_Angeles
5cc3a2a4f9af8b284375bd86,"[{'userID': 1274, 'milesRequested': 30, 'WhPerMile': 333, 'minutesAvailable': 285, 'modifiedAt': 'Wed, 10 Apr 2019 21:45:16 GMT', 'paymentRequired': True, 'requestedDeparture': 'Thu, 11 Apr 2019 02:28:14 GMT', 'kWhRequested': 9.99}]",000001274,2_39_95_27_2019-04-10 21:43:14.186410,2-39-95-27,CA-319,0002,0039,2019-04-10 14:43:14-07:00,2019-04-10 19:30:50-07:00,9.863,2019-04-10 17:48:42-07:00,America/Los_Angeles
5cc3a2a4f9af8b284375bd87,"[{'userID': 1746, 'milesRequested': 60, 'WhPerMile': 458, 'minutesAvailable': 96, 'modifiedAt': 'Wed, 10 Apr 2019 23:10:10 GMT', 'paymentRequired': True, 'requestedDeparture': 'Thu, 11 Apr 2019 00:45:40 GMT', 'kWhRequested': 27.48}, {'userID': 1746, 'milesRequested': 60, 'WhPerMile': 458, 'minutesAvailable': 96, 'modifiedAt': 'Thu, 11 Apr 2019 00:48:16 GMT', 'paymentRequired': True, 'requestedDeparture': 'Thu, 11 Apr 2019 00:45:40 GMT', 'kWhRequested': 27.48}]",000001746,2_39_88_24_2019-04-10 23:09:39.969129,2-39-88-24,CA-314,0002,0039,2019-04-10 16:09:40-07:00,2019-04-10 17:48:37-07:00,3.92,2019-04-10 17:25:55-07:00,America/Los_Angeles
5cc3a2a4f9af8b284375bd88,"[{'userID': 558, 'milesRequested': 30, 'WhPerMile': 200, 'minutesAvailable': 539, 'modifiedAt': 'Thu, 11 Apr 2019 00:57:02 GMT', 'paymentRequired': True, 'requestedDeparture': 'Thu, 11 Apr 2019 09:56:01 GMT', 'kWhRequested': 6.0}]",000000558,2_39_88_438_2019-04-11 00:57:00.878193,2-39-88-438,CA-502,0002,0039,2019-04-10 17:57:01-07:00,2019-04-10 19:13:51-07:00,3.617,2019-04-10 18:35:45-07:00,America/Los_Angeles
5cc3a2a4f9af8b284375bd89,"[{'userID': 1564, 'milesRequested': 40, 'WhPerMile': 300, 'minutesAvailable': 149, 'modifiedAt': 'Thu, 11 Apr 2019 01:32:39 GMT', 'paymentRequired': True, 'requestedDeparture': 'Thu, 11 Apr 2019 04:01:16 GMT', 'kWhRequested': 12.0}, {'userID': 1564, 'milesRequested': 40, 'WhPerMile': 300, 'minutesAvailable': 149, 'modifiedAt': 'Thu, 11 Apr 2019 03:52:41 GMT', 'paymentRequired': True, 'requestedDeparture': 'Thu, 11 Apr 2019 04:01:16 GMT', 'kWhRequested': 12.0}]",000001564,2_39_138_29_2019-04-11 01:32:15.550750,2-39-138-29,CA-304,0002,0039,2019-04-10 18:32:16-07:00,2019-04-10 20:52:57-07:00,9.841,2019-04-10 20:52:36-07:00,America/Los_Angeles
5cc3a2a4f9af8b284375bd8a,,,2_39_131_30_2019-04-11 01:46:19.508877,2-39-131-30,CA-305,0002,0039,2019-04-10 18:46:19-07:00,2019-04-10 21:16:16-07:00,0.803,2019-04-10 21:17:15-07:00,America/Los_Angeles
5cc3a2a4f9af8b284375bd8b,"[{'userID': 2069, 'milesRequested': 40, 'WhPerMile': 400, 'minutesAvailable': 99, 'modifiedAt': 'Thu, 11 Apr 2019 01:55:02 GMT', 'paymentRequired': True, 'requestedDeparture': 'Thu, 11 Apr 2019 03:31:58 GMT', 'kWhRequested': 16.0}]",000002069,2_39_129_17_2019-04-11 01:52:58.052883,2-39-129-17,CA-307,0002,0039,2019-04-10 18:52:58-07:00,2019-04-10 21:17:31-07:00,7.53,2019-04-10 20:10:15-07:00,America/Los_Angeles
5cc3a2a4f9af8b284375bd8c,,,2_39_127_19_2019-04-11 03:44:26.834055,2-39-127-19,CA-309,0002,0039,2019-04-10 20:44:27-07:00,2019-04-10 21:07:34-07:00,0.561,2019-04-10 21:07:26-07:00,America/Los_Angeles
5cc3a2a4f9af8b284375bd8d,"[{'userID': 300, 'milesRequested': 100, 'WhPerMile': 333, 'minutesAvailable': 454, 'modifiedAt': 'Thu, 11 Apr 2019 05:37:03 GMT', 'paymentRequired': True, 'requestedDeparture': 'Thu, 11 Apr 2019 13:09:59 GMT', 'kWhRequested': 33.3}]",000000300,2_39_79_378_2019-04-11 05:35:58.846301,2-39-79-378,CA-326,0002,0039,2019-04-10 22:35:59-07:00,2019-04-11 07:09:39-07:00,33.188,2019-04-11 03:56:14-07:00,America/Los_Angeles
5cc4f426f9af8b3a0277ea3c,"[{'userID': 850, 'milesRequested': 100, 'WhPerMile': 300, 'minutesAvailable': 60, 'modifiedAt': 'Thu, 11 Apr 2019 14:02:27 GMT', 'paymentRequired': True, 'requestedDeparture': 'Thu, 11 Apr 2019 15:01:41 GMT', 'kWhRequested': 30.0}]",000000850,2_39_92_442_2019-04-11 14:01:40.894076,2-39-92-442,CA-498,0002,0039,2019-04-11 07:01:41-07:00,2019-04-11 16:48:47-07:00,20.785,2019-04-11 10:30:32-07:00,America/Los_Angeles
5cc4f426f9af8b3a0277ea3d,"[{'userID': 569, 'milesRequested': 60, 'WhPerMile': 300, 'minutesAvailable': 529, 'modifiedAt': 'Thu, 11 Apr 2019 14:13:47 GMT', 'paymentRequired': True, 'requestedDeparture': 'Thu, 11 Apr 2019 23:00:01 GMT', 'kWhRequested': 18.0}]",000000569,2_39_78_366_2019-04-11 14:11:01.029697,2-39-78-366,CA-323,0002,0039,2019-04-11 07:11:01-07:00,2019-04-11 16:08:34-07:00,9.335,2019-04-11 15:50:53-07:00,America/Los_Angeles
5cc4f426f9af8b3a0277ea3e,"[{'userID': 563, 'milesRequested': 200, 'WhPerMile': 200, 'minutesAvailable': 455, 'modifiedAt': 'Thu, 11 Apr 2019 14:57:24 GMT', 'paymentRequired': True, 'requestedDeparture': 'Thu, 11 Apr 2019 22:32:22 GMT', 'kWhRequested': 40.0}]",000000563,2_39_79_381_2019-04-11 14:57:21.886209,2-39-79-381,CA-490,0002,0039,2019-04-11 07:57:22-07:00,2019-04-11 15:41:36-07:00,27.182,2019-04-11 15:41:32-07:00,America/Los_Angeles
5cc4f426f9af8b3a0277ea3f,"[{'userID': 858, 'milesRequested': 20, 'WhPerMile': 400, 'minutesAvailable': 223, 'modifiedAt': 'Thu, 11 Apr 2019 15:04:28 GMT', 'paymentRequired': True, 'requestedDeparture': 'Thu, 11 Apr 2019 18:47:15 GMT', 'kWhRequested': 8.0}]",000000858,2_39_123_23_2019-04-11 15:04:14.851321,2-39-123-23,CA-313,0002,0039,2019-04-11 08:04:15-07:00,2019-04-11 16:38:38-07:00,3.198,2019-04-11 09:06:58-07:00,America/Los_Angeles
5cc4f426f9af8b3a0277ea40,,,2_39_79_379_2019-04-11 15:21:00.296327,2-39-79-379,CA-327,0002,0039,2019-04-11 08:21:00-07:00,2019-04-11 18:42:16-07:00,1.263,2019-04-11 17:27:10-07:00,America/Los_Angeles
5cc4f426f9af8b3a0277ea41,"[{'userID': 1470, 'milesRequested': 40, 'WhPerMile': 292, 'minutesAvailable': 316, 'modifiedAt': 'Thu, 11 Apr 2019 15:25:20 GMT', 'paymentRequired': True, 'requestedDeparture': 'Thu, 11 Apr 2019 20:41:03 GMT', 'kWhRequested': 11.68}]",000001470,2_39_79_377_2019-04-11 15:25:03.124055,2-39-79-377,CA-325,0002,0039,2019-04-11 08:25:03-07:00,2019-04-11 15:21:23-07:00,8.449,2019-04-11 11:35:31-07:00,America/Los_Angeles
5cc4f426f9af8b3a0277ea42,"[{'userID': 559, 'milesRequested': 40, 'WhPerMile': 313, 'minutesAvailable': 388, 'modifiedAt': 'Thu, 11 Apr 2019 15:27:28 GMT', 'paymentRequired': True, 'requestedDeparture': 'Thu, 11 Apr 2019 21:55:13 GMT', 'kWhRequested': 12.52}]",000000559,2_39_139_28_2019-04-11 15:27:12.860122,2-39-139-28,CA-303,0002,0039,2019-04-11 08:27:13-07:00,2019-04-11 17:30:34-07:00,11.522,2019-04-11 11:18:45-07:00,America/Los_Angeles
5cc4f426f9af8b3a0277ea43,,,2_39_78_365_2019-04-11 15:29:33.391264,2-39-78-365,CA-321,0002,0039,2019-04-11 08:29:33-07:00,2019-04-11 10:20:03-07:00,0.805,2019-04-11 10:06:37-07:00,America/Los_Angeles
5cc4f426f9af8b3a0277ea44,"[{'userID': 632, 'milesRequested': 40, 'WhPerMile': 400, 'minutesAvailable': 575, 'modifiedAt': 'Thu, 11 Apr 2019 15:32:40 GMT', 'paymentRequired': True, 'requestedDeparture': 'Fri, 12 Apr 2019 01:07:20 GMT', 'kWhRequested': 16.0}]",000000632,2_39_79_382_2019-04-11 15:32:19.781834,2-39-79-382,CA-491,0002,0039,2019-04-11 08:32:20-07:00,2019-04-11 18:49:31-07:00,10.933,2019-04-11 12:03:32-07:00,America/Los_Angeles
5cc4f426f9af8b3a0277ea45,"[{'userID': 945, 'milesRequested': 50, 'WhPerMile': 600, 'minutesAvailable': 555, 'modifiedAt': 'Thu, 11 Apr 2019 15:40:44 GMT', 'paymentRequired': True, 'requestedDeparture': 'Fri, 12 Apr 2019 00:49:30 GMT', 'kWhRequested': 30.0}]",000000945,2_39_95_27_2019-04-11 15:34:30.116157,2-39-95-27,CA-319,0002,0039,2019-04-11 08:34:30-07:00,2019-04-11 18:15:54-07:00,13.487,2019-04-11 10:44:53-07:00,America/Los_Angeles
5cc4f426f9af8b3a0277ea46,"[{'userID': 1126, 'milesRequested': 80, 'WhPerMile': 250, 'minutesAvailable': 418, 'modifiedAt': 'Thu, 11 Apr 2019 15:40:09 GMT', 'paymentRequired': True, 'requestedDeparture': 'Thu, 11 Apr 2019 22:37:47 GMT', 'kWhRequested': 20.0}]",000001126,2_39_79_380_2019-04-11 15:39:47.261840,2-39-79-380,CA-489,0002,0039,2019-04-11 08:39:47-07:00,2019-04-11 18:01:15-07:00,2.017,2019-04-11 09:19:29-07:00,America/Los_Angeles
5cc4f426f9af8b3a0277ea47,"[{'userID': 712, 'milesRequested': 20, 'WhPerMile': 600, 'minutesAvailable': 257, 'modifiedAt': 'Thu, 11 Apr 2019 15:49:55 GMT', 'paymentRequired': True, 'requestedDeparture': 'Thu, 11 Apr 2019 20:06:50 GMT', 'kWhRequested': 12.0}]",000000712,2_39_131_30_2019-04-11 15:49:49.985574,2-39-131-30,CA-305,0002,0039,2019-04-11 08:49:50-07:00,2019-04-11 18:06:59-07:00,4.534,2019-04-11 10:11:40-07:00,America/Los_Angeles
5cc4f426f9af8b3a0277ea48,"[{'userID': 558, 'milesRequested': 70, 'WhPerMile': 200, 'minutesAvailable': 539, 'modifiedAt': 'Thu, 11 Apr 2019 16:09:07 GMT', 'paymentRequired': True, 'requestedDeparture': 'Fri, 12 Apr 2019 01:08:02 GMT', 'kWhRequested': 14.0}]",000000558,2_39_92_436_2019-04-11 16:09:02.223464,2-39-92-436,CA-318,0002,0039,2019-04-11 09:09:02-07:00,2019-04-11 19:14:08-07:00,10.808,2019-04-11 10:56:44-07:00,America/Los_Angeles
5cc4f426f9af8b3a0277ea49,"[{'userID': 1534, 'milesRequested': 30, 'WhPerMile': 250, 'minutesAvailable': 404, 'modifiedAt': 'Thu, 11 Apr 2019 16:16:25 GMT', 'paymentRequired': True, 'requestedDeparture': 'Thu, 11 Apr 2019 22:59:23 GMT', 'kWhRequested': 7.5}]",000001534,2_39_126_560_2019-04-11 16:15:22.924573,2-39-126-560,CA-506,0002,0039,2019-04-11 09:15:23-07:00,2019-04-11 14:38:39-07:00,5.25,2019-04-11 10:50:54-07:00,America/Los_Angeles
5cc4f426f9af8b3a0277ea4a,"[{'userID': 743, 'milesRequested': 20, 'WhPerMile': 400, 'minutesAvailable': 409, 'modifiedAt': 'Thu, 11 Apr 2019 16:22:14 GMT', 'paymentRequired': True, 'requestedDeparture': 'Thu, 11 Apr 2019 23:10:53 GMT', 'kWhRequested': 8.0}]",000000743,2_39_89_25_2019-04-11 16:21:53.243683,2-39-89-25,CA-315,0002,0039,2019-04-11 09:21:53-07:00,2019-04-11 16:30:26-07:00,4.192,2019-04-11 10:46:13-07:00,America/Los_Angeles
5cc4f426f9af8b3a0277ea4b,"[{'userID': 1137, 'milesRequested': 20, 'WhPerMile': 400, 'minutesAvailable': 250, 'modifiedAt': 'Thu, 11 Apr 2019 16:29:20 GMT', 'paymentRequired': True, 'requestedDeparture': 'Thu, 11 Apr 2019 20:39:04 GMT', 'kWhRequested': 8.0}]",000001137,2_39_79_376_2019-04-11 16:29:04.010946,2-39-79-376,CA-324,0002,0039,2019-04-11 09:29:04-07:00,2019-04-11 16:41:30-07:00,9.104,2019-04-11 15:39:41-07:00,America/Los_Angeles
5cc4f426f9af8b3a0277ea4c,"[{'userID': 1524, 'milesRequested': 50, 'WhPerMile': 400, 'minutesAvailable': 204, 'modifiedAt': 'Thu, 11 Apr 2019 16:38:22 GMT', 'paymentRequired': True, 'requestedDeparture': 'Thu, 11 Apr 2019 19:59:02 GMT', 'kWhRequested': 20.0}]",000001524,2_39_78_362_2019-04-11 16:35:01.959064,2-39-78-362,CA-496,0002,0039,2019-04-11 09:35:02-07:00,2019-04-11 15:29:18-07:00,16.254,2019-04-11 15:30:16-07:00,America/Los_Angeles
5cc4f426f9af8b3a0277ea4d,"[{'userID': 234, 'milesRequested': 80, 'WhPerMile': 250, 'minutesAvailable': 499, 'modifiedAt': 'Thu, 11 Apr 2019 16:51:58 GMT', 'paymentRequired': True, 'requestedDeparture': 'Fri, 12 Apr 2019 01:10:34 GMT', 'kWhRequested': 20.0}]",000000234,2_39_95_444_2019-04-11 16:51:33.957211,2-39-95-444,CA-497,0002,0039,2019-04-11 09:51:34-07:00,2019-04-11 18:27:32-07:00,18.473,2019-04-11 12:36:29-07:00,America/Los_Angeles
5cc4f426f9af8b3a0277ea4e,"[{'userID': 620, 'milesRequested': 20, 'WhPerMile': 500, 'minutesAvailable': 348, 'modifiedAt': 'Thu, 11 Apr 2019 17:34:00 GMT', 'paymentRequired': True, 'requestedDeparture': 'Thu, 11 Apr 2019 23:21:38 GMT', 'kWhRequested': 10.0}]",000000620,2_39_130_564_2019-04-11 17:33:37.764016,2-39-130-564,CA-510,0002,0039,2019-04-11 10:33:38-07:00,2019-04-11 16:42:29-07:00,6.256,2019-04-11 12:45:50-07:00,America/Los_Angeles
5cc4f426f9af8b3a0277ea4f,"[{'userID': 891, 'milesRequested': 20, 'WhPerMile': 300, 'minutesAvailable': 310, 'modifiedAt': 'Thu, 11 Apr 2019 17:48:40 GMT', 'paymentRequired': True, 'requestedDeparture': 'Thu, 11 Apr 2019 22:58:34 GMT', 'kWhRequested': 6.0}]",000000891,2_39_128_18_2019-04-11 17:48:34.381478,2-39-128-18,CA-308,0002,0039,2019-04-11 10:48:34-07:00,2019-04-11 17:38:05-07:00,1.906,2019-04-11 11:33:05-07:00,America/Los_Angeles
5cc4f426f9af8b3a0277ea50,,,2_39_78_361_2019-04-11 17:49:41.102185,2-39-78-361,CA-493,0002,0039,2019-04-11 10:49:41-07:00,2019-04-11 11:37:20-07:00,0.908,2019-04-11 11:37:19-07:00,America/Los_Angeles
5cc4f426f9af8b3a0277ea51,,,2_39_78_365_2019-04-11 18:04:19.472679,2-39-78-365,CA-321,0002,0039,2019-04-11 11:04:19-07:00,2019-04-11 11:40:01-07:00,0.752,2019-04-11 11:35:25-07:00,America/Los_Angeles
5cc4f426f9af8b3a0277ea52,"[{'userID': 2238, 'milesRequested': 60, 'WhPerMile': 400, 'minutesAvailable': 200, 'modifiedAt': 'Thu, 11 Apr 2019 18:42:21 GMT', 'paymentRequired': True, 'requestedDeparture': 'Thu, 11 Apr 2019 21:59:34 GMT', 'kWhRequested': 24.0}]",000002238,2_39_129_17_2019-04-11 18:39:33.554593,2-39-129-17,CA-307,0002,0039,2019-04-11 11:39:34-07:00,2019-04-11 14:47:12-07:00,17.465,2019-04-11 14:22:14-07:00,America/Los_Angeles
5cc4f426f9af8b3a0277ea53,,,2_39_78_361_2019-04-11 18:54:50.158752,2-39-78-361,CA-493,0002,0039,2019-04-11 11:54:50-07:00,2019-04-11 13:15:23-07:00,0.916,2019-04-11 13:13:43-07:00,America/Los_Angeles
5cc4f426f9af8b3a0277ea54,"[{'userID': 515, 'milesRequested': 40, 'WhPerMile': 250, 'minutesAvailable': 258, 'modifiedAt': 'Thu, 11 Apr 2019 19:14:51 GMT', 'paymentRequired': True, 'requestedDeparture': 'Thu, 11 Apr 2019 23:32:12 GMT', 'kWhRequested': 10.0}]",000000515,2_39_79_378_2019-04-11 19:14:11.867316,2-39-79-378,CA-326,0002,0039,2019-04-11 12:14:12-07:00,2019-04-11 16:14:19-07:00,7.712,2019-04-11 15:11:31-07:00,America/Los_Angeles
5cc4f426f9af8b3a0277ea55,"[{'userID': 1082, 'milesRequested': 40, 'WhPerMile': 400, 'minutesAvailable': 291, 'modifiedAt': 'Thu, 11 Apr 2019 19:19:40 GMT', 'paymentRequired': True, 'requestedDeparture': 'Fri, 12 Apr 2019 00:10:03 GMT', 'kWhRequested': 16.0}]",000001082,2_39_125_21_2019-04-11 19:19:02.916605,2-39-125-21,CA-311,0002,0039,2019-04-11 12:19:03-07:00,2019-04-11 21:39:21-07:00,2.074,2019-04-11 13:21:18-07:00,America/Los_Angeles
5cc4f426f9af8b3a0277ea56,"[{'userID': 1124, 'milesRequested': 20, 'WhPerMile': 450, 'minutesAvailable': 60, 'modifiedAt': 'Thu, 11 Apr 2019 19:23:52 GMT', 'paymentRequired': True, 'requestedDeparture': 'Thu, 11 Apr 2019 20:23:21 GMT', 'kWhRequested': 9.0}]",000001124,2_39_78_363_2019-04-11 19:23:20.779186,2-39-78-363,CA-320,0002,0039,2019-04-11 12:23:21-07:00,2019-04-11 17:04:53-07:00,6.813,2019-04-11 14:48:34-07:00,America/Los_Angeles
5cc4f426f9af8b3a0277ea57,"[{'userID': 560, 'milesRequested': 70, 'WhPerMile': 273, 'minutesAvailable': 237, 'modifiedAt': 'Thu, 11 Apr 2019 19:56:38 GMT', 'paymentRequired': True, 'requestedDeparture': 'Thu, 11 Apr 2019 23:53:26 GMT', 'kWhRequested': 19.11}, {'userID': 560, 'milesRequested': 80, 'WhPerMile': 273, 'minutesAvailable': 237, 'modifiedAt': 'Thu, 11 Apr 2019 19:57:31 GMT', 'paymentRequired': True, 'requestedDeparture': 'Thu, 11 Apr 2019 23:53:26 GMT', 'kWhRequested': 21.84}]",000000560,2_39_88_24_2019-04-11 19:56:26.401839,2-39-88-24,CA-314,0002,0039,2019-04-11 12:56:26-07:00,2019-04-11 17:19:41-07:00,20.124,2019-04-11 16:54:07-07:00,America/Los_Angeles
5cc4f426f9af8b3a0277ea58,,,2_39_124_22_2019-04-11 19:59:56.253449,2-39-124-22,CA-312,0002,0039,2019-04-11 12:59:56-07:00,2019-04-11 14:07:18-07:00,0.913,2019-04-11 13:30:59-07:00,America/Los_Angeles
5cc4f426f9af8b3a0277ea59,"[{'userID': 777, 'milesRequested': 50, 'WhPerMile': 500, 'minutesAvailable': 314, 'modifiedAt': 'Thu, 11 Apr 2019 20:04:44 GMT', 'paymentRequired': True, 'requestedDeparture': 'Fri, 12 Apr 2019 01:16:54 GMT', 'kWhRequested': 25.0}]",000000777,2_39_90_440_2019-04-11 20:02:54.438027,2-39-90-440,CA-500,0002,0039,2019-04-11 13:02:54-07:00,2019-04-11 21:10:06-07:00,10.317,2019-04-11 16:25:11-07:00,America/Los_Angeles
5cc4f426f9af8b3a0277ea5a,"[{'userID': 1135, 'milesRequested': 50, 'WhPerMile': 400, 'minutesAvailable': 150, 'modifiedAt': 'Thu, 11 Apr 2019 20:58:32 GMT', 'paymentRequired': True, 'requestedDeparture': 'Thu, 11 Apr 2019 23:28:29 GMT', 'kWhRequested': 20.0}]",000001135,2_39_79_383_2019-04-11 20:58:29.444009,2-39-79-383,CA-492,0002,0039,2019-04-11 13:58:29-07:00,2019-04-11 15:13:34-07:00,3.638,2019-04-11 15:13:29-07:00,America/Los_Angeles
5cc4f426f9af8b3a0277ea5b,"[{'userID': 676, 'milesRequested': 60, 'WhPerMile': 364, 'minutesAvailable': 473, 'modifiedAt': 'Thu, 11 Apr 2019 22:51:07 GMT', 'paymentRequired': True, 'requestedDeparture': 'Fri, 12 Apr 2019 06:43:56 GMT', 'kWhRequested': 21.84}]",000000676,2_39_79_377_2019-04-11 22:50:56.027221,2-39-79-377,CA-325,0002,0039,2019-04-11 15:50:56-07:00,2019-04-11 19:42:19-07:00,13.409,2019-04-11 19:42:14-07:00,America/Los_Angeles
5cc4f426f9af8b3a0277ea5c,"[{'userID': 1161, 'milesRequested': 40, 'WhPerMile': 400, 'minutesAvailable': 128, 'modifiedAt': 'Thu, 11 Apr 2019 23:08:24 GMT', 'paymentRequired': True, 'requestedDeparture': 'Fri, 12 Apr 2019 01:16:15 GMT', 'kWhRequested': 16.0}, {'userID': 1161, 'milesRequested': 40, 'WhPerMile': 400, 'minutesAvailable': 128, 'modifiedAt': 'Thu, 11 Apr 2019 23:08:31 GMT', 'paymentRequired': True, 'requestedDeparture': 'Fri, 12 Apr 2019 01:16:15 GMT', 'kWhRequested': 16.0}]",000001161,2_39_130_31_2019-04-11 23:08:15.126127,2-39-130-31,CA-306,0002,0039,2019-04-11 16:08:15-07:00,2019-04-11 17:39:44-07:00,4.961,2019-04-11 17:39:40-07:00,America/Los_Angeles
5cc4f426f9af8b3a0277ea5d,"[{'userID': 1746, 'milesRequested': 60, 'WhPerMile': 458, 'minutesAvailable': 96, 'modifiedAt': 'Fri, 12 Apr 2019 00:52:36 GMT', 'paymentRequired': True, 'requestedDeparture': 'Fri, 12 Apr 2019 02:28:12 GMT', 'kWhRequested': 27.48}, {'userID': 1746, 'milesRequested': 60, 'WhPerMile': 458, 'minutesAvailable': 96, 'modifiedAt': 'Fri, 12 Apr 2019 02:44:02 GMT', 'paymentRequired': True, 'requestedDeparture': 'Fri, 12 Apr 2019 02:28:12 GMT', 'kWhRequested': 27.48}]",000001746,2_39_89_25_2019-04-12 00:52:12.327996,2-39-89-25,CA-315,0002,0039,2019-04-11 17:52:12-07:00,2019-04-11 19:44:27-07:00,3.561,2019-04-11 19:02:20-07:00,America/Los_Angeles
5cc4f426f9af8b3a0277ea5e,"[{'userID': 1133, 'milesRequested': 20, 'WhPerMile': 400, 'minutesAvailable': 60, 'modifiedAt': 'Fri, 12 Apr 2019 00:58:10 GMT', 'paymentRequired': True, 'requestedDeparture': 'Fri, 12 Apr 2019 01:57:01 GMT', 'kWhRequested': 8.0}]",000001133,2_39_129_17_2019-04-12 00:57:00.618904,2-39-129-17,CA-307,0002,0039,2019-04-11 17:57:01-07:00,2019-04-11 20:00:18-07:00,7.872,2019-04-11 19:14:18-07:00,America/Los_Angeles
5cc4f426f9af8b3a0277ea5f,"[{'userID': 560, 'milesRequested': 20, 'WhPerMile': 273, 'minutesAvailable': 237, 'modifiedAt': 'Fri, 12 Apr 2019 01:14:15 GMT', 'paymentRequired': True, 'requestedDeparture': 'Fri, 12 Apr 2019 05:11:04 GMT', 'kWhRequested': 5.46}]",000000560,2_39_88_24_2019-04-12 01:14:03.589561,2-39-88-24,CA-314,0002,0039,2019-04-11 18:14:04-07:00,2019-04-11 22:09:31-07:00,2.179,2019-04-11 19:11:04-07:00,America/Los_Angeles
5cc4f426f9af8b3a0277ea60,"[{'userID': 362, 'milesRequested': 120, 'WhPerMile': 286, 'minutesAvailable': 104, 'modifiedAt': 'Fri, 12 Apr 2019 01:20:26 GMT', 'paymentRequired': True, 'requestedDeparture': 'Fri, 12 Apr 2019 03:02:29 GMT', 'kWhRequested': 34.32}]",000000362,2_39_138_29_2019-04-12 01:18:28.915767,2-39-138-29,CA-304,0002,0039,2019-04-11 18:18:29-07:00,2019-04-11 19:42:13-07:00,8.76,2019-04-11 19:42:04-07:00,America/Los_Angeles
5cc4f426f9af8b3a0277ea61,,,2_39_130_31_2019-04-12 01:22:29.696296,2-39-130-31,CA-306,0002,0039,2019-04-11 18:22:30-07:00,2019-04-11 19:14:55-07:00,0.941,2019-04-11 19:14:46-07:00,America/Los_Angeles
5cc4f426f9af8b3a0277ea62,"[{'userID': 1274, 'milesRequested': 30, 'WhPerMile': 333, 'minutesAvailable': 116, 'modifiedAt': 'Fri, 12 Apr 2019 02:00:49 GMT', 'paymentRequired': True, 'requestedDeparture': 'Fri, 12 Apr 2019 03:55:34 GMT', 'kWhRequested': 9.99}]",000001274,2_39_127_19_2019-04-12 01:59:34.270888,2-39-127-19,CA-309,0002,0039,2019-04-11 18:59:34-07:00,2019-04-11 20:17:01-07:00,8.539,2019-04-11 20:16:56-07:00,America/Los_Angeles
5cc4f426f9af8b3a0277ea63,"[{'userID': 1108, 'milesRequested': 50, 'WhPerMile': 400, 'minutesAvailable': 178, 'modifiedAt': 'Fri, 12 Apr 2019 02:03:18 GMT', 'paymentRequired': True, 'requestedDeparture': 'Fri, 12 Apr 2019 05:00:23 GMT', 'kWhRequested': 20.0}, {'userID': 1108, 'milesRequested': 50, 'WhPerMile': 400, 'minutesAvailable': 241, 'modifiedAt': 'Fri, 12 Apr 2019 04:52:41 GMT', 'paymentRequired': True, 'requestedDeparture': 'Fri, 12 Apr 2019 06:03:23 GMT', 'kWhRequested': 20.0}]",000001108,2_39_79_378_2019-04-12 02:02:23.317460,2-39-79-378,CA-326,0002,0039,2019-04-11 19:02:23-07:00,2019-04-11 22:04:19-07:00,10.088,2019-04-11 22:04:14-07:00,America/Los_Angeles
5cc4f426f9af8b3a0277ea64,"[{'userID': 1089, 'milesRequested': 20, 'WhPerMile': 400, 'minutesAvailable': 59, 'modifiedAt': 'Fri, 12 Apr 2019 02:07:03 GMT', 'paymentRequired': True, 'requestedDeparture': 'Fri, 12 Apr 2019 03:05:39 GMT', 'kWhRequested': 8.0}]",000001089,2_39_78_365_2019-04-12 02:06:39.050857,2-39-78-365,CA-321,0002,0039,2019-04-11 19:06:39-07:00,2019-04-11 20:20:09-07:00,4.286,2019-04-11 20:20:07-07:00,America/Los_Angeles
5cc4f426f9af8b3a0277ea65,"[{'userID': 565, 'milesRequested': 60, 'WhPerMile': 333, 'minutesAvailable': 653, 'modifiedAt': 'Fri, 12 Apr 2019 02:32:25 GMT', 'paymentRequired': True, 'requestedDeparture': 'Fri, 12 Apr 2019 13:25:00 GMT', 'kWhRequested': 19.98}]",000000565,2_39_79_383_2019-04-12 02:32:00.377166,2-39-79-383,CA-492,0002,0039,2019-04-11 19:32:00-07:00,2019-04-11 23:29:46-07:00,11.943,2019-04-11 21:28:30-07:00,America/Los_Angeles
5cc4f426f9af8b3a0277ea66,"[{'userID': 1135, 'milesRequested': 50, 'WhPerMile': 400, 'minutesAvailable': 150, 'modifiedAt': 'Fri, 12 Apr 2019 03:06:44 GMT', 'paymentRequired': True, 'requestedDeparture': 'Fri, 12 Apr 2019 05:36:39 GMT', 'kWhRequested': 20.0}]",000001135,2_39_131_30_2019-04-12 03:06:39.159846,2-39-131-30,CA-305,0002,0039,2019-04-11 20:06:39-07:00,2019-04-11 23:58:57-07:00,13.598,2019-04-11 23:58:53-07:00,America/Los_Angeles
5cc4f426f9af8b3a0277ea67,,,2_39_127_19_2019-04-12 06:06:51.262929,2-39-127-19,CA-309,0002,0039,2019-04-11 23:06:51-07:00,2019-04-16 19:20:31-07:00,1.056,2019-04-16 16:07:26-07:00,America/Los_Angeles
5cc645a1f9af8b3da712a791,"[{'userID': 743, 'milesRequested': 20, 'WhPerMile': 400, 'minutesAvailable': 80, 'modifiedAt': 'Fri, 12 Apr 2019 13:06:39 GMT', 'paymentRequired': True, 'requestedDeparture': 'Fri, 12 Apr 2019 14:26:25 GMT', 'kWhRequested': 8.0}]",000000743,2_39_89_25_2019-04-12 13:06:25.377012,2-39-89-25,CA-315,0002,0039,2019-04-12 06:06:25-07:00,2019-04-12 07:31:32-07:00,3.739,2019-04-12 07:22:09-07:00,America/Los_Angeles
5cc645a1f9af8b3da712a792,"[{'userID': 560, 'milesRequested': 80, 'WhPerMile': 273, 'minutesAvailable': 281, 'modifiedAt': 'Fri, 12 Apr 2019 13:33:25 GMT', 'paymentRequired': True, 'requestedDeparture': 'Fri, 12 Apr 2019 18:14:16 GMT', 'kWhRequested': 21.84}]",000000560,2_39_88_24_2019-04-12 13:33:16.147163,2-39-88-24,CA-314,0002,0039,2019-04-12 06:33:16-07:00,2019-04-12 14:59:25-07:00,17.852,2019-04-12 10:00:48-07:00,America/Los_Angeles
5cc645a1f9af8b3da712a793,"[{'userID': 569, 'milesRequested': 40, 'WhPerMile': 300, 'minutesAvailable': 529, 'modifiedAt': 'Fri, 12 Apr 2019 14:10:28 GMT', 'paymentRequired': True, 'requestedDeparture': 'Fri, 12 Apr 2019 22:59:05 GMT', 'kWhRequested': 12.0}]",000000569,2_39_78_366_2019-04-12 14:10:04.804710,2-39-78-366,CA-323,0002,0039,2019-04-12 07:10:05-07:00,2019-04-12 10:48:10-07:00,4.934,2019-04-12 10:47:55-07:00,America/Los_Angeles
5cc645a1f9af8b3da712a794,"[{'userID': 710, 'milesRequested': 150, 'WhPerMile': 261, 'minutesAvailable': 277, 'modifiedAt': 'Fri, 12 Apr 2019 14:31:21 GMT', 'paymentRequired': True, 'requestedDeparture': 'Fri, 12 Apr 2019 19:07:46 GMT', 'kWhRequested': 39.15}]",000000710,2_39_131_30_2019-04-12 14:30:45.667741,2-39-131-30,CA-305,0002,0039,2019-04-12 07:30:46-07:00,2019-04-12 12:06:01-07:00,31.115,2019-04-12 12:05:57-07:00,America/Los_Angeles
5cc645a1f9af8b3da712a795,"[{'userID': 431, 'milesRequested': 80, 'WhPerMile': 300, 'minutesAvailable': 251, 'modifiedAt': 'Fri, 12 Apr 2019 14:40:55 GMT', 'paymentRequired': True, 'requestedDeparture': 'Fri, 12 Apr 2019 18:51:27 GMT', 'kWhRequested': 24.0}]",000000431,2_39_95_27_2019-04-12 14:40:27.132647,2-39-95-27,CA-319,0002,0039,2019-04-12 07:40:27-07:00,2019-04-12 07:49:47-07:00,0.906,2019-04-12 07:49:42-07:00,America/Los_Angeles
5cc645a1f9af8b3da712a796,"[{'userID': 858, 'milesRequested': 20, 'WhPerMile': 400, 'minutesAvailable': 223, 'modifiedAt': 'Fri, 12 Apr 2019 15:02:09 GMT', 'paymentRequired': True, 'requestedDeparture': 'Fri, 12 Apr 2019 18:44:23 GMT', 'kWhRequested': 8.0}]",000000858,2_39_92_436_2019-04-12 15:01:23.256151,2-39-92-436,CA-318,0002,0039,2019-04-12 08:01:23-07:00,2019-04-12 16:45:58-07:00,6.017,2019-04-12 09:55:24-07:00,America/Los_Angeles
5cc645a1f9af8b3da712a797,"[{'userID': 1564, 'milesRequested': 40, 'WhPerMile': 300, 'minutesAvailable': 168, 'modifiedAt': 'Fri, 12 Apr 2019 15:04:11 GMT', 'paymentRequired': True, 'requestedDeparture': 'Fri, 12 Apr 2019 17:51:57 GMT', 'kWhRequested': 12.0}]",000001564,2_39_139_28_2019-04-12 15:03:57.207595,2-39-139-28,CA-303,0002,0039,2019-04-12 08:03:57-07:00,2019-04-12 12:07:49-07:00,4.619,2019-04-12 09:32:01-07:00,America/Los_Angeles
5cc645a1f9af8b3da712a798,"[{'userID': 1083, 'milesRequested': 20, 'WhPerMile': 400, 'minutesAvailable': 131, 'modifiedAt': 'Fri, 12 Apr 2019 15:28:39 GMT', 'paymentRequired': True, 'requestedDeparture': 'Fri, 12 Apr 2019 17:39:09 GMT', 'kWhRequested': 8.0}]",000001083,2_39_79_379_2019-04-12 15:28:08.990553,2-39-79-379,CA-327,0002,0039,2019-04-12 08:28:09-07:00,2019-04-12 10:35:42-07:00,6.413,2019-04-12 10:27:21-07:00,America/Los_Angeles
5cc645a1f9af8b3da712a799,"[{'userID': 559, 'milesRequested': 30, 'WhPerMile': 313, 'minutesAvailable': 388, 'modifiedAt': 'Fri, 12 Apr 2019 15:28:48 GMT', 'paymentRequired': True, 'requestedDeparture': 'Fri, 12 Apr 2019 21:56:33 GMT', 'kWhRequested': 9.39}]",000000559,2_39_138_29_2019-04-12 15:28:33.197315,2-39-138-29,CA-304,0002,0039,2019-04-12 08:28:33-07:00,2019-04-12 17:27:54-07:00,6.653,2019-04-12 10:30:15-07:00,America/Los_Angeles
5cc645a1f9af8b3da712a79a,"[{'userID': 1470, 'milesRequested': 50, 'WhPerMile': 292, 'minutesAvailable': 316, 'modifiedAt': 'Fri, 12 Apr 2019 15:35:08 GMT', 'paymentRequired': True, 'requestedDeparture': 'Fri, 12 Apr 2019 20:50:29 GMT', 'kWhRequested': 14.6}]",000001470,2_39_79_377_2019-04-12 15:34:28.819427,2-39-79-377,CA-325,0002,0039,2019-04-12 08:34:29-07:00,2019-04-12 16:50:29-07:00,9.103,2019-04-12 09:58:21-07:00,America/Los_Angeles
5cc645a1f9af8b3da712a79b,"[{'userID': 431, 'milesRequested': 80, 'WhPerMile': 300, 'minutesAvailable': 251, 'modifiedAt': 'Fri, 12 Apr 2019 15:35:53 GMT', 'paymentRequired': True, 'requestedDeparture': 'Fri, 12 Apr 2019 19:46:35 GMT', 'kWhRequested': 24.0}]",000000431,2_39_89_25_2019-04-12 15:35:34.723231,2-39-89-25,CA-315,0002,0039,2019-04-12 08:35:35-07:00,2019-04-12 17:07:09-07:00,23.701,2019-04-12 12:27:25-07:00,America/Los_Angeles
5cc645a1f9af8b3da712a79c,"[{'userID': 712, 'milesRequested': 20, 'WhPerMile': 600, 'minutesAvailable': 257, 'modifiedAt': 'Fri, 12 Apr 2019 16:00:00 GMT', 'paymentRequired': True, 'requestedDeparture': 'Fri, 12 Apr 2019 20:16:58 GMT', 'kWhRequested': 12.0}]",000000712,2_39_129_17_2019-04-12 15:59:57.726690,2-39-129-17,CA-307,0002,0039,2019-04-12 08:59:58-07:00,2019-04-12 18:35:58-07:00,4.406,2019-04-12 10:16:59-07:00,America/Los_Angeles
5cc645a1f9af8b3da712a79d,"[{'userID': 743, 'milesRequested': 20, 'WhPerMile': 400, 'minutesAvailable': 320, 'modifiedAt': 'Fri, 12 Apr 2019 16:06:02 GMT', 'paymentRequired': True, 'requestedDeparture': 'Fri, 12 Apr 2019 21:25:40 GMT', 'kWhRequested': 8.0}]",000000743,2_39_89_439_2019-04-12 16:05:39.685901,2-39-89-439,CA-501,0002,0039,2019-04-12 09:05:40-07:00,2019-04-12 14:45:41-07:00,4.138,2019-04-12 10:29:16-07:00,America/Los_Angeles
5cc645a1f9af8b3da712a79e,,,2_39_95_27_2019-04-12 16:41:06.254361,2-39-95-27,CA-319,0002,0039,2019-04-12 09:41:06-07:00,2019-04-12 15:56:12-07:00,0.906,2019-04-12 15:57:10-07:00,America/Los_Angeles
5cc645a1f9af8b3da712a79f,"[{'userID': 248, 'milesRequested': 30, 'WhPerMile': 250, 'minutesAvailable': 63, 'modifiedAt': 'Fri, 12 Apr 2019 17:06:55 GMT', 'paymentRequired': True, 'requestedDeparture': 'Fri, 12 Apr 2019 18:09:28 GMT', 'kWhRequested': 7.5}]",000000248,2_39_78_365_2019-04-12 17:06:28.011895,2-39-78-365,CA-321,0002,0039,2019-04-12 10:06:28-07:00,2019-04-12 10:50:22-07:00,4.792,2019-04-12 10:50:21-07:00,America/Los_Angeles
5cc645a1f9af8b3da712a7a0,"[{'userID': 558, 'milesRequested': 70, 'WhPerMile': 200, 'minutesAvailable': 539, 'modifiedAt': 'Fri, 12 Apr 2019 17:08:22 GMT', 'paymentRequired': True, 'requestedDeparture': 'Sat, 13 Apr 2019 02:07:19 GMT', 'kWhRequested': 14.0}]",000000558,2_39_78_363_2019-04-12 17:08:18.971901,2-39-78-363,CA-320,0002,0039,2019-04-12 10:08:19-07:00,2019-04-12 19:12:23-07:00,11.068,2019-04-12 11:56:29-07:00,America/Los_Angeles
5cc645a1f9af8b3da712a7a1,"[{'userID': 1095, 'milesRequested': 30, 'WhPerMile': 469, 'minutesAvailable': 432, 'modifiedAt': 'Fri, 12 Apr 2019 17:18:39 GMT', 'paymentRequired': True, 'requestedDeparture': 'Sat, 13 Apr 2019 00:30:32 GMT', 'kWhRequested': 14.07}]",000001095,2_39_79_383_2019-04-12 17:18:31.874534,2-39-79-383,CA-492,0002,0039,2019-04-12 10:18:32-07:00,2019-04-12 18:00:50-07:00,10.394,2019-04-12 12:50:02-07:00,America/Los_Angeles
5cc645a1f9af8b3da712a7a2,,,2_39_79_380_2019-04-12 17:34:17.998721,2-39-79-380,CA-489,0002,0039,2019-04-12 10:34:18-07:00,2019-04-12 18:53:11-07:00,0.863,2019-04-12 18:54:10-07:00,America/Los_Angeles
5cc645a1f9af8b3da712a7a3,"[{'userID': 714, 'milesRequested': 90, 'WhPerMile': 200, 'minutesAvailable': 364, 'modifiedAt': 'Fri, 12 Apr 2019 17:38:27 GMT', 'paymentRequired': True, 'requestedDeparture': 'Fri, 12 Apr 2019 23:41:50 GMT', 'kWhRequested': 18.0}]",000000714,2_39_79_381_2019-04-12 17:37:49.631691,2-39-79-381,CA-490,0002,0039,2019-04-12 10:37:50-07:00,2019-04-12 18:12:31-07:00,9.213,2019-04-12 12:27:06-07:00,America/Los_Angeles
5cc645a1f9af8b3da712a7a4,,,2_39_78_365_2019-04-12 17:55:57.554324,2-39-78-365,CA-321,0002,0039,2019-04-12 10:55:58-07:00,2019-04-12 17:57:48-07:00,0.942,2019-04-12 11:34:20-07:00,America/Los_Angeles
5cc645a1f9af8b3da712a7a5,"[{'userID': 891, 'milesRequested': 20, 'WhPerMile': 300, 'minutesAvailable': 310, 'modifiedAt': 'Fri, 12 Apr 2019 18:18:00 GMT', 'paymentRequired': True, 'requestedDeparture': 'Fri, 12 Apr 2019 23:27:51 GMT', 'kWhRequested': 6.0}]",000000891,2_39_124_22_2019-04-12 18:17:51.301278,2-39-124-22,CA-312,0002,0039,2019-04-12 11:17:51-07:00,2019-04-12 17:44:50-07:00,2.131,2019-04-12 12:05:55-07:00,America/Los_Angeles
5cc645a1f9af8b3da712a7a6,"[{'userID': 1126, 'milesRequested': 80, 'WhPerMile': 250, 'minutesAvailable': 418, 'modifiedAt': 'Fri, 12 Apr 2019 18:18:31 GMT', 'paymentRequired': True, 'requestedDeparture': 'Sat, 13 Apr 2019 01:16:10 GMT', 'kWhRequested': 20.0}]",000001126,2_39_79_378_2019-04-12 18:18:09.726464,2-39-79-378,CA-326,0002,0039,2019-04-12 11:18:10-07:00,2019-04-12 17:49:29-07:00,4.11,2019-04-12 13:04:45-07:00,America/Los_Angeles
5cc645a1f9af8b3da712a7a7,"[{'userID': 1274, 'milesRequested': 40, 'WhPerMile': 333, 'minutesAvailable': 334, 'modifiedAt': 'Fri, 12 Apr 2019 18:27:29 GMT', 'paymentRequired': True, 'requestedDeparture': 'Sat, 13 Apr 2019 00:00:37 GMT', 'kWhRequested': 13.32}]",000001274,2_39_79_376_2019-04-12 18:26:37.442014,2-39-79-376,CA-324,0002,0039,2019-04-12 11:26:37-07:00,2019-04-12 18:42:00-07:00,13.264,2019-04-12 13:58:08-07:00,America/Los_Angeles
5cc645a1f9af8b3da712a7a8,"[{'userID': 620, 'milesRequested': 30, 'WhPerMile': 500, 'minutesAvailable': 289, 'modifiedAt': 'Fri, 12 Apr 2019 18:41:44 GMT', 'paymentRequired': True, 'requestedDeparture': 'Fri, 12 Apr 2019 23:30:22 GMT', 'kWhRequested': 15.0}]",000000620,2_39_91_441_2019-04-12 18:41:21.924730,2-39-91-441,CA-499,0002,0039,2019-04-12 11:41:22-07:00,2019-04-12 17:08:30-07:00,6.386,2019-04-12 13:40:10-07:00,America/Los_Angeles
5cc645a1f9af8b3da712a7a9,"[{'userID': 1236, 'milesRequested': 20, 'WhPerMile': 400, 'minutesAvailable': 71, 'modifiedAt': 'Fri, 12 Apr 2019 18:54:50 GMT', 'paymentRequired': True, 'requestedDeparture': 'Fri, 12 Apr 2019 20:02:02 GMT', 'kWhRequested': 8.0}]",000001236,2_39_123_23_2019-04-12 18:51:02.235842,2-39-123-23,CA-313,0002,0039,2019-04-12 11:51:02-07:00,2019-04-12 13:46:50-07:00,6.251,2019-04-12 13:46:45-07:00,America/Los_Angeles
5cc645a1f9af8b3da712a7aa,"[{'userID': 1082, 'milesRequested': 40, 'WhPerMile': 400, 'minutesAvailable': 291, 'modifiedAt': 'Fri, 12 Apr 2019 19:17:42 GMT', 'paymentRequired': True, 'requestedDeparture': 'Sat, 13 Apr 2019 00:08:15 GMT', 'kWhRequested': 16.0}]",000001082,2_39_131_30_2019-04-12 19:17:14.967177,2-39-131-30,CA-305,0002,0039,2019-04-12 12:17:15-07:00,2019-04-12 21:22:55-07:00,2.018,2019-04-12 13:17:32-07:00,America/Los_Angeles
5cc645a1f9af8b3da712a7ab,"[{'userID': 1124, 'milesRequested': 20, 'WhPerMile': 450, 'minutesAvailable': 60, 'modifiedAt': 'Fri, 12 Apr 2019 19:25:24 GMT', 'paymentRequired': True, 'requestedDeparture': 'Fri, 12 Apr 2019 20:24:52 GMT', 'kWhRequested': 9.0}]",000001124,2_39_78_360_2019-04-12 19:24:51.702716,2-39-78-360,CA-322,0002,0039,2019-04-12 12:24:52-07:00,2019-04-12 18:40:02-07:00,6.553,2019-04-12 14:25:38-07:00,America/Los_Angeles
5cc645a1f9af8b3da712a7ac,"[{'userID': 248, 'milesRequested': 100, 'WhPerMile': 250, 'minutesAvailable': 228, 'modifiedAt': 'Fri, 12 Apr 2019 19:48:09 GMT', 'paymentRequired': True, 'requestedDeparture': 'Fri, 12 Apr 2019 23:35:03 GMT', 'kWhRequested': 25.0}, {'userID': 248, 'milesRequested': 100, 'WhPerMile': 250, 'minutesAvailable': 343, 'modifiedAt': 'Fri, 12 Apr 2019 20:06:54 GMT', 'paymentRequired': True, 'requestedDeparture': 'Sat, 13 Apr 2019 01:30:03 GMT', 'kWhRequested': 25.0}]",000000248,2_39_78_367_2019-04-12 19:47:03.242359,2-39-78-367,CA-494,0002,0039,2019-04-12 12:47:03-07:00,2019-04-12 18:33:41-07:00,24.88,2019-04-12 16:50:28-07:00,America/Los_Angeles
5cc645a1f9af8b3da712a7ad,"[{'userID': 1225, 'milesRequested': 80, 'WhPerMile': 600, 'minutesAvailable': 459, 'modifiedAt': 'Fri, 12 Apr 2019 20:41:43 GMT', 'paymentRequired': True, 'requestedDeparture': 'Sat, 13 Apr 2019 04:20:21 GMT', 'kWhRequested': 48.0}]",000001225,2_39_90_26_2019-04-12 20:41:21.080920,2-39-90-26,CA-316,0002,0039,2019-04-12 13:41:21-07:00,2019-04-12 21:50:16-07:00,22.371,2019-04-12 17:18:21-07:00,America/Los_Angeles
5cc645a1f9af8b3da712a7ae,"[{'userID': 273, 'milesRequested': 300, 'WhPerMile': 267, 'minutesAvailable': 143, 'modifiedAt': 'Fri, 12 Apr 2019 20:52:02 GMT', 'paymentRequired': True, 'requestedDeparture': 'Fri, 12 Apr 2019 23:14:14 GMT', 'kWhRequested': 80.1}]",000000273,2_39_123_23_2019-04-12 20:51:13.690449,2-39-123-23,CA-313,0002,0039,2019-04-12 13:51:14-07:00,2019-04-12 15:59:34-07:00,14.116,2019-04-12 15:59:25-07:00,America/Los_Angeles
5cc645a1f9af8b3da712a7af,"[{'userID': 832, 'milesRequested': 60, 'WhPerMile': 300, 'minutesAvailable': 168, 'modifiedAt': 'Fri, 12 Apr 2019 21:15:41 GMT', 'paymentRequired': True, 'requestedDeparture': 'Sat, 13 Apr 2019 00:02:23 GMT', 'kWhRequested': 18.0}]",000000832,2_39_78_364_2019-04-12 21:14:22.962754,2-39-78-364,CA-495,0002,0039,2019-04-12 14:14:23-07:00,2019-04-12 17:13:48-07:00,17.75,2019-04-12 17:13:39-07:00,America/Los_Angeles
5cc645a1f9af8b3da712a7b0,"[{'userID': 1214, 'milesRequested': 150, 'WhPerMile': 250, 'minutesAvailable': 261, 'modifiedAt': 'Fri, 12 Apr 2019 21:36:17 GMT', 'paymentRequired': True, 'requestedDeparture': 'Sat, 13 Apr 2019 01:56:46 GMT', 'kWhRequested': 37.5}]",000001214,2_39_95_444_2019-04-12 21:35:45.621576,2-39-95-444,CA-497,0002,0039,2019-04-12 14:35:46-07:00,2019-04-12 16:50:20-07:00,14.915,2019-04-12 16:50:12-07:00,America/Los_Angeles
5cc645a1f9af8b3da712a7b1,"[{'userID': 1161, 'milesRequested': 40, 'WhPerMile': 400, 'minutesAvailable': 128, 'modifiedAt': 'Fri, 12 Apr 2019 21:51:32 GMT', 'paymentRequired': True, 'requestedDeparture': 'Fri, 12 Apr 2019 23:59:28 GMT', 'kWhRequested': 16.0}]",000001161,2_39_78_362_2019-04-12 21:51:27.894261,2-39-78-362,CA-496,0002,0039,2019-04-12 14:51:28-07:00,2019-04-12 15:02:43-07:00,0.614,2019-04-12 15:03:43-07:00,America/Los_Angeles
5cc645a1f9af8b3da712a7b2,"[{'userID': 676, 'milesRequested': 60, 'WhPerMile': 364, 'minutesAvailable': 473, 'modifiedAt': 'Fri, 12 Apr 2019 22:03:18 GMT', 'paymentRequired': True, 'requestedDeparture': 'Sat, 13 Apr 2019 05:55:36 GMT', 'kWhRequested': 21.84}]",000000676,2_39_88_24_2019-04-12 22:02:36.341292,2-39-88-24,CA-314,0002,0039,2019-04-12 15:02:36-07:00,2019-04-12 16:04:09-07:00,3.611,2019-04-12 16:04:04-07:00,America/Los_Angeles
5cc645a1f9af8b3da712a7b3,"[{'userID': 324, 'milesRequested': 20, 'WhPerMile': 600, 'minutesAvailable': 80, 'modifiedAt': 'Fri, 12 Apr 2019 22:56:49 GMT', 'paymentRequired': True, 'requestedDeparture': 'Sat, 13 Apr 2019 00:16:16 GMT', 'kWhRequested': 12.0}]",000000324,2_39_95_27_2019-04-12 22:56:15.530565,2-39-95-27,CA-319,0002,0039,2019-04-12 15:56:16-07:00,2019-04-12 22:02:17-07:00,0.969,2019-04-12 16:30:28-07:00,America/Los_Angeles
5cc645a1f9af8b3da712a7b4,"[{'userID': 1202, 'milesRequested': 40, 'WhPerMile': 375, 'minutesAvailable': 161, 'modifiedAt': 'Fri, 12 Apr 2019 23:17:12 GMT', 'paymentRequired': True, 'requestedDeparture': 'Sat, 13 Apr 2019 01:57:42 GMT', 'kWhRequested': 15.0}]",000001202,2_39_123_23_2019-04-12 23:16:42.244072,2-39-123-23,CA-313,0002,0039,2019-04-12 16:16:42-07:00,2019-04-12 18:40:56-07:00,6.26,2019-04-12 18:16:42-07:00,America/Los_Angeles
5cc645a1f9af8b3da712a7b5,"[{'userID': 1746, 'milesRequested': 60, 'WhPerMile': 458, 'minutesAvailable': 96, 'modifiedAt': 'Sat, 13 Apr 2019 00:04:42 GMT', 'paymentRequired': True, 'requestedDeparture': 'Sat, 13 Apr 2019 01:33:36 GMT', 'kWhRequested': 27.48}, {'userID': 1746, 'milesRequested': 60, 'WhPerMile': 458, 'minutesAvailable': 96, 'modifiedAt': 'Sat, 13 Apr 2019 02:02:45 GMT', 'paymentRequired': True, 'requestedDeparture': 'Sat, 13 Apr 2019 01:33:36 GMT', 'kWhRequested': 27.48}]",000001746,2_39_88_24_2019-04-12 23:57:36.342419,2-39-88-24,CA-314,0002,0039,2019-04-12 16:57:36-07:00,2019-04-12 19:03:07-07:00,2.02,2019-04-12 17:43:19-07:00,America/Los_Angeles
5cc645a1f9af8b3da712a7b6,"[{'userID': 1161, 'milesRequested': 40, 'WhPerMile': 400, 'minutesAvailable': 128, 'modifiedAt': 'Sat, 13 Apr 2019 00:59:33 GMT', 'paymentRequired': True, 'requestedDeparture': 'Sat, 13 Apr 2019 03:07:23 GMT', 'kWhRequested': 16.0}]",000001161,2_39_130_31_2019-04-13 00:59:23.158480,2-39-130-31,CA-306,0002,0039,2019-04-12 17:59:23-07:00,2019-04-12 19:04:01-07:00,3.541,2019-04-12 19:03:57-07:00,America/Los_Angeles
5cc645a1f9af8b3da712a7b7,"[{'userID': 563, 'milesRequested': 90, 'WhPerMile': 200, 'minutesAvailable': 289, 'modifiedAt': 'Sat, 13 Apr 2019 02:20:16 GMT', 'paymentRequired': True, 'requestedDeparture': 'Sat, 13 Apr 2019 07:08:47 GMT', 'kWhRequested': 18.0}]",000000563,2_39_139_28_2019-04-13 02:19:47.089122,2-39-139-28,CA-303,0002,0039,2019-04-12 19:19:47-07:00,2019-04-12 21:40:08-07:00,15.84,2019-04-12 21:40:04-07:00,America/Los_Angeles
5cc645a1f9af8b3da712a7b8,"[{'userID': 838, 'milesRequested': 80, 'WhPerMile': 433, 'minutesAvailable': 307, 'modifiedAt': 'Sat, 13 Apr 2019 02:53:42 GMT', 'paymentRequired': True, 'requestedDeparture': 'Sat, 13 Apr 2019 07:59:40 GMT', 'kWhRequested': 34.64}, {'userID': 838, 'milesRequested': 80, 'WhPerMile': 433, 'minutesAvailable': 307, 'modifiedAt': 'Sat, 13 Apr 2019 02:53:50 GMT', 'paymentRequired': True, 'requestedDeparture': 'Sat, 13 Apr 2019 07:59:40 GMT', 'kWhRequested': 34.64}]",000000838,2_39_129_17_2019-04-13 02:52:40.356817,2-39-129-17,CA-307,0002,0039,2019-04-12 19:52:40-07:00,2019-04-13 10:03:17-07:00,16.159,2019-04-13 00:31:44-07:00,America/Los_Angeles
5cc645a1f9af8b3da712a7b9,"[{'userID': 1135, 'milesRequested': 50, 'WhPerMile': 400, 'minutesAvailable': 150, 'modifiedAt': 'Sat, 13 Apr 2019 03:01:00 GMT', 'paymentRequired': True, 'requestedDeparture': 'Sat, 13 Apr 2019 05:30:57 GMT', 'kWhRequested': 20.0}]",000001135,2_39_79_376_2019-04-13 03:00:56.938958,2-39-79-376,CA-324,0002,0039,2019-04-12 20:00:57-07:00,2019-04-12 23:08:20-07:00,11.177,2019-04-12 23:08:15-07:00,America/Los_Angeles
5cc645a1f9af8b3da712a7ba,"[{'userID': 1816, 'milesRequested': 300, 'WhPerMile': 600, 'minutesAvailable': 720, 'modifiedAt': 'Sat, 13 Apr 2019 04:47:13 GMT', 'paymentRequired': True, 'requestedDeparture': 'Sat, 13 Apr 2019 16:46:12 GMT', 'kWhRequested': 180.0}]",000001816,2_39_88_24_2019-04-13 04:46:12.001957,2-39-88-24,CA-314,0002,0039,2019-04-12 21:46:12-07:00,2019-04-13 06:04:18-07:00,56.942,2019-04-13 06:05:17-07:00,America/Los_Angeles
5cc645a1f9af8b3da712a7bb,"[{'userID': 2247, 'milesRequested': 100, 'WhPerMile': 400, 'minutesAvailable': 720, 'modifiedAt': 'Sat, 13 Apr 2019 05:49:38 GMT', 'paymentRequired': True, 'requestedDeparture': 'Sat, 13 Apr 2019 17:43:20 GMT', 'kWhRequested': 40.0}, {'userID': 2247, 'milesRequested': 100, 'WhPerMile': 400, 'minutesAvailable': 720, 'modifiedAt': 'Sat, 13 Apr 2019 05:50:21 GMT', 'paymentRequired': True, 'requestedDeparture': 'Sat, 13 Apr 2019 17:43:20 GMT', 'kWhRequested': 40.0}, {'userID': 2247, 'milesRequested': 260, 'WhPerMile': 250, 'minutesAvailable': 720, 'modifiedAt': 'Sat, 13 Apr 2019 05:51:35 GMT', 'paymentRequired': True, 'requestedDeparture': 'Sat, 13 Apr 2019 17:43:20 GMT', 'kWhRequested': 65.0}]",000002247,2_39_95_27_2019-04-13 05:43:20.108973,2-39-95-27,CA-319,0002,0039,2019-04-12 22:43:20-07:00,2019-04-13 10:26:14-07:00,61.653,2019-04-13 07:49:27-07:00,America/Los_Angeles
5cc79711f9af8b411405817b,"[{'userID': 67, 'milesRequested': 240, 'WhPerMile': 250, 'minutesAvailable': 418, 'modifiedAt': 'Sat, 13 Apr 2019 09:39:49 GMT', 'paymentRequired': True, 'requestedDeparture': 'Sat, 13 Apr 2019 16:36:15 GMT', 'kWhRequested': 60.0}]",000000067,2_39_139_28_2019-04-13 09:38:14.812534,2-39-139-28,CA-303,0002,0039,2019-04-13 02:38:15-07:00,2019-04-13 17:42:03-07:00,43.959,2019-04-13 09:14:01-07:00,America/Los_Angeles
5cc79711f9af8b411405817c,,,2_39_88_24_2019-04-13 13:04:22.210526,2-39-88-24,CA-314,0002,0039,2019-04-13 06:04:22-07:00,2019-04-13 11:50:14-07:00,0.88,2019-04-13 06:34:50-07:00,America/Los_Angeles
5cc79711f9af8b411405817d,,,2_39_138_29_2019-04-13 14:29:46.498911,2-39-138-29,CA-304,0002,0039,2019-04-13 07:29:46-07:00,2019-04-13 07:47:42-07:00,0.518,2019-04-13 07:47:34-07:00,America/Los_Angeles
5cc79711f9af8b411405817e,"[{'userID': 675, 'milesRequested': 60, 'WhPerMile': 399, 'minutesAvailable': 108, 'modifiedAt': 'Sat, 13 Apr 2019 14:51:50 GMT', 'paymentRequired': True, 'requestedDeparture': 'Sat, 13 Apr 2019 16:39:16 GMT', 'kWhRequested': 23.94}]",000000675,2_39_131_30_2019-04-13 14:51:15.546685,2-39-131-30,CA-305,0002,0039,2019-04-13 07:51:16-07:00,2019-04-13 09:42:11-07:00,12.188,2019-04-13 09:42:07-07:00,America/Los_Angeles
5cc79711f9af8b411405817f,,,2_39_125_21_2019-04-13 15:41:35.379309,2-39-125-21,CA-311,0002,0039,2019-04-13 08:41:35-07:00,2019-04-13 12:03:17-07:00,0.959,2019-04-13 09:12:15-07:00,America/Los_Angeles
5cc79711f9af8b4114058180,,,2_39_83_386_2019-04-13 16:04:39.987437,2-39-83-386,CA-212,0002,0039,2019-04-13 09:04:40-07:00,2019-04-13 12:04:46-07:00,1.018,2019-04-13 09:35:44-07:00,America/Los_Angeles
5cc79711f9af8b4114058181,"[{'userID': 2087, 'milesRequested': 50, 'WhPerMile': 600, 'minutesAvailable': 250, 'modifiedAt': 'Sat, 13 Apr 2019 16:05:54 GMT', 'paymentRequired': True, 'requestedDeparture': 'Sat, 13 Apr 2019 20:15:43 GMT', 'kWhRequested': 30.0}, {'userID': 2087, 'milesRequested': 50, 'WhPerMile': 600, 'minutesAvailable': 250, 'modifiedAt': 'Sat, 13 Apr 2019 16:10:01 GMT', 'paymentRequired': True, 'requestedDeparture': 'Sat, 13 Apr 2019 20:15:43 GMT', 'kWhRequested': 30.0}]",000002087,2_39_89_25_2019-04-13 16:05:43.032689,2-39-89-25,CA-315,0002,0039,2019-04-13 09:05:43-07:00,2019-04-13 11:27:59-07:00,8.385,2019-04-13 11:27:54-07:00,America/Los_Angeles
5cc79711f9af8b4114058182,"[{'userID': 1083, 'milesRequested': 20, 'WhPerMile': 400, 'minutesAvailable': 131, 'modifiedAt': 'Sat, 13 Apr 2019 16:16:18 GMT', 'paymentRequired': True, 'requestedDeparture': 'Sat, 13 Apr 2019 18:26:57 GMT', 'kWhRequested': 8.0}]",000001083,2_39_79_379_2019-04-13 16:15:56.770937,2-39-79-379,CA-327,0002,0039,2019-04-13 09:15:57-07:00,2019-04-13 13:16:55-07:00,5.528,2019-04-13 11:24:16-07:00,America/Los_Angeles
5cc79711f9af8b4114058183,"[{'userID': 291, 'milesRequested': 80, 'WhPerMile': 250, 'minutesAvailable': 304, 'modifiedAt': 'Sat, 13 Apr 2019 16:52:09 GMT', 'paymentRequired': True, 'requestedDeparture': 'Sat, 13 Apr 2019 21:56:06 GMT', 'kWhRequested': 20.0}, {'userID': 291, 'milesRequested': 80, 'WhPerMile': 250, 'minutesAvailable': 304, 'modifiedAt': 'Sat, 13 Apr 2019 16:52:35 GMT', 'paymentRequired': True, 'requestedDeparture': 'Sat, 13 Apr 2019 21:56:06 GMT', 'kWhRequested': 20.0}, {'userID': 291, 'milesRequested': 80, 'WhPerMile': 250, 'minutesAvailable': 304, 'modifiedAt': 'Sat, 13 Apr 2019 16:53:01 GMT', 'paymentRequired': True, 'requestedDeparture': 'Sat, 13 Apr 2019 21:56:06 GMT', 'kWhRequested': 20.0}]",000000291,2_39_123_23_2019-04-13 16:52:05.754033,2-39-123-23,CA-313,0002,0039,2019-04-13 09:52:06-07:00,2019-04-13 16:13:45-07:00,12.1,2019-04-13 11:45:19-07:00,America/Los_Angeles
5cc79711f9af8b4114058184,"[{'userID': 1133, 'milesRequested': 20, 'WhPerMile': 400, 'minutesAvailable': 60, 'modifiedAt': 'Sat, 13 Apr 2019 17:02:21 GMT', 'paymentRequired': True, 'requestedDeparture': 'Sat, 13 Apr 2019 18:01:50 GMT', 'kWhRequested': 8.0}]",000001133,2_39_131_30_2019-04-13 17:01:49.548015,2-39-131-30,CA-305,0002,0039,2019-04-13 10:01:50-07:00,2019-04-13 11:45:13-07:00,7.874,2019-04-13 11:17:33-07:00,America/Los_Angeles
5cc79711f9af8b4114058185,"[{'userID': 1957, 'milesRequested': 30, 'WhPerMile': 400, 'minutesAvailable': 54, 'modifiedAt': 'Sat, 13 Apr 2019 18:24:50 GMT', 'paymentRequired': True, 'requestedDeparture': 'Sat, 13 Apr 2019 19:18:19 GMT', 'kWhRequested': 12.0}]",000001957,2_39_129_17_2019-04-13 18:24:19.431941,2-39-129-17,CA-307,0002,0039,2019-04-13 11:24:19-07:00,2019-04-13 12:19:18-07:00,6.068,2019-04-13 12:18:57-07:00,America/Los_Angeles
5cc79711f9af8b4114058186,,,2_39_79_381_2019-04-13 18:28:58.137678,2-39-79-381,CA-490,0002,0039,2019-04-13 11:28:58-07:00,2019-04-13 13:33:15-07:00,1.589,2019-04-13 13:14:54-07:00,America/Los_Angeles
5cc79711f9af8b4114058187,"[{'userID': 1746, 'milesRequested': 60, 'WhPerMile': 458, 'minutesAvailable': 96, 'modifiedAt': 'Sat, 13 Apr 2019 19:00:26 GMT', 'paymentRequired': True, 'requestedDeparture': 'Sat, 13 Apr 2019 20:36:10 GMT', 'kWhRequested': 27.48}, {'userID': 1746, 'milesRequested': 60, 'WhPerMile': 458, 'minutesAvailable': 96, 'modifiedAt': 'Sat, 13 Apr 2019 20:59:15 GMT', 'paymentRequired': True, 'requestedDeparture': 'Sat, 13 Apr 2019 20:36:10 GMT', 'kWhRequested': 27.48}]",000001746,2_39_89_25_2019-04-13 19:00:09.728282,2-39-89-25,CA-315,0002,0039,2019-04-13 12:00:10-07:00,2019-04-13 13:59:30-07:00,1.998,2019-04-13 12:41:51-07:00,America/Los_Angeles
5cc79711f9af8b4114058188,"[{'userID': 1214, 'milesRequested': 150, 'WhPerMile': 250, 'minutesAvailable': 261, 'modifiedAt': 'Sat, 13 Apr 2019 22:06:35 GMT', 'paymentRequired': True, 'requestedDeparture': 'Sun, 14 Apr 2019 02:27:26 GMT', 'kWhRequested': 37.5}]",000001214,2_39_79_376_2019-04-13 22:06:26.071503,2-39-79-376,CA-324,0002,0039,2019-04-13 15:06:26-07:00,2019-04-13 19:23:10-07:00,27.851,2019-04-13 19:23:02-07:00,America/Los_Angeles
5cc79711f9af8b4114058189,,,2_39_126_20_2019-04-13 23:59:14.520913,2-39-126-20,CA-310,0002,0039,2019-04-13 16:59:15-07:00,2019-04-13 17:52:15-07:00,0.87,2019-04-13 17:29:46-07:00,America/Los_Angeles
5cc79711f9af8b411405818a,"[{'userID': 292, 'milesRequested': 300, 'WhPerMile': 200, 'minutesAvailable': 720, 'modifiedAt': 'Sun, 14 Apr 2019 00:56:45 GMT', 'paymentRequired': True, 'requestedDeparture': 'Sun, 14 Apr 2019 12:55:48 GMT', 'kWhRequested': 60.0}]",000000292,2_39_95_27_2019-04-14 00:55:48.119540,2-39-95-27,CA-319,0002,0039,2019-04-13 17:55:48-07:00,2019-04-13 23:50:13-07:00,37.671,2019-04-13 23:49:40-07:00,America/Los_Angeles
5cc79711f9af8b411405818b,"[{'userID': 1726, 'milesRequested': 60, 'WhPerMile': 600, 'minutesAvailable': 720, 'modifiedAt': 'Sun, 14 Apr 2019 03:19:50 GMT', 'paymentRequired': True, 'requestedDeparture': 'Sun, 14 Apr 2019 15:18:02 GMT', 'kWhRequested': 36.0}]",000001726,2_39_139_28_2019-04-14 03:18:01.714617,2-39-139-28,CA-303,0002,0039,2019-04-13 20:18:02-07:00,2019-04-14 08:24:53-07:00,11.214,2019-04-13 23:39:11-07:00,America/Los_Angeles
5cc79711f9af8b411405818c,"[{'userID': 1286, 'milesRequested': 300, 'WhPerMile': 250, 'minutesAvailable': 392, 'modifiedAt': 'Sun, 14 Apr 2019 03:20:02 GMT', 'paymentRequired': True, 'requestedDeparture': 'Sun, 14 Apr 2019 09:50:45 GMT', 'kWhRequested': 75.0}]",000001286,2_39_79_383_2019-04-14 03:18:45.491198,2-39-79-383,CA-492,0002,0039,2019-04-13 20:18:45-07:00,2019-04-14 09:49:06-07:00,58.01,2019-04-14 05:03:35-07:00,America/Los_Angeles
5cc79711f9af8b411405818d,"[{'userID': 781, 'milesRequested': 40, 'WhPerMile': 357, 'minutesAvailable': 52, 'modifiedAt': 'Sun, 14 Apr 2019 04:50:40 GMT', 'paymentRequired': True, 'requestedDeparture': 'Sun, 14 Apr 2019 05:41:07 GMT', 'kWhRequested': 14.28}, {'userID': 781, 'milesRequested': 40, 'WhPerMile': 357, 'minutesAvailable': 52, 'modifiedAt': 'Sun, 14 Apr 2019 07:02:23 GMT', 'paymentRequired': True, 'requestedDeparture': 'Sun, 14 Apr 2019 05:41:07 GMT', 'kWhRequested': 14.28}]",000000781,2_39_131_30_2019-04-14 04:49:06.997343,2-39-131-30,CA-305,0002,0039,2019-04-13 21:49:07-07:00,2019-04-14 00:07:26-07:00,7.801,2019-04-14 00:02:26-07:00,America/Los_Angeles
5cc8e88ff9af8b45d975b80c,"[{'userID': 850, 'milesRequested': 100, 'WhPerMile': 300, 'minutesAvailable': 60, 'modifiedAt': 'Sun, 14 Apr 2019 09:56:49 GMT', 'paymentRequired': True, 'requestedDeparture': 'Sun, 14 Apr 2019 10:54:59 GMT', 'kWhRequested': 30.0}]",000000850,2_39_90_440_2019-04-14 09:54:59.414588,2-39-90-440,CA-500,0002,0039,2019-04-14 02:54:59-07:00,2019-04-14 06:04:09-07:00,17.594,2019-04-14 05:48:26-07:00,America/Los_Angeles
5cc8e88ff9af8b45d975b80d,"[{'userID': 743, 'milesRequested': 20, 'WhPerMile': 400, 'minutesAvailable': 63, 'modifiedAt': 'Sun, 14 Apr 2019 15:06:18 GMT', 'paymentRequired': True, 'requestedDeparture': 'Sun, 14 Apr 2019 16:08:21 GMT', 'kWhRequested': 8.0}, {'userID': 743, 'milesRequested': 20, 'WhPerMile': 400, 'minutesAvailable': 104, 'modifiedAt': 'Sun, 14 Apr 2019 16:21:45 GMT', 'paymentRequired': True, 'requestedDeparture': 'Sun, 14 Apr 2019 16:49:21 GMT', 'kWhRequested': 8.0}]",000000743,2_39_89_25_2019-04-14 15:05:20.937387,2-39-89-25,CA-315,0002,0039,2019-04-14 08:05:21-07:00,2019-04-14 09:22:31-07:00,4.244,2019-04-14 09:22:27-07:00,America/Los_Angeles
5cc8e88ff9af8b45d975b80e,"[{'userID': 1135, 'milesRequested': 50, 'WhPerMile': 400, 'minutesAvailable': 150, 'modifiedAt': 'Sun, 14 Apr 2019 15:50:51 GMT', 'paymentRequired': True, 'requestedDeparture': 'Sun, 14 Apr 2019 18:20:33 GMT', 'kWhRequested': 20.0}]",000001135,2_39_79_378_2019-04-14 15:50:33.475554,2-39-79-378,CA-326,0002,0039,2019-04-14 08:50:33-07:00,2019-04-14 11:52:29-07:00,10.687,2019-04-14 11:52:25-07:00,America/Los_Angeles
5cc8e88ff9af8b45d975b80f,"[{'userID': 1346, 'milesRequested': 80, 'WhPerMile': 400, 'minutesAvailable': 60, 'modifiedAt': 'Sun, 14 Apr 2019 16:29:19 GMT', 'paymentRequired': True, 'requestedDeparture': 'Sun, 14 Apr 2019 17:28:20 GMT', 'kWhRequested': 32.0}, {'userID': 1346, 'milesRequested': 80, 'WhPerMile': 400, 'minutesAvailable': 60, 'modifiedAt': 'Sun, 14 Apr 2019 16:29:26 GMT', 'paymentRequired': True, 'requestedDeparture': 'Sun, 14 Apr 2019 17:28:20 GMT', 'kWhRequested': 32.0}]",000001346,2_39_131_30_2019-04-14 16:28:19.882456,2-39-131-30,CA-305,0002,0039,2019-04-14 09:28:20-07:00,2019-04-14 11:34:42-07:00,11.49,2019-04-14 11:17:37-07:00,America/Los_Angeles
5cc8e88ff9af8b45d975b810,,,2_39_139_28_2019-04-14 18:09:01.036314,2-39-139-28,CA-303,0002,0039,2019-04-14 11:09:01-07:00,2019-04-14 15:24:58-07:00,0.875,2019-04-14 11:40:00-07:00,America/Los_Angeles
5cc8e88ff9af8b45d975b811,,,2_39_83_386_2019-04-14 19:22:53.161776,2-39-83-386,CA-212,0002,0039,2019-04-14 12:22:53-07:00,2019-04-14 13:46:53-07:00,0.874,2019-04-14 12:53:09-07:00,America/Los_Angeles
5cc8e88ff9af8b45d975b812,"[{'userID': 1083, 'milesRequested': 20, 'WhPerMile': 400, 'minutesAvailable': 201, 'modifiedAt': 'Sun, 14 Apr 2019 19:48:56 GMT', 'paymentRequired': True, 'requestedDeparture': 'Sun, 14 Apr 2019 23:09:36 GMT', 'kWhRequested': 8.0}]",000001083,2_39_79_379_2019-04-14 19:48:35.683535,2-39-79-379,CA-327,0002,0039,2019-04-14 12:48:36-07:00,2019-04-14 18:30:43-07:00,4.762,2019-04-14 16:06:44-07:00,America/Los_Angeles
5cc8e88ff9af8b45d975b813,,,2_39_79_377_2019-04-14 20:00:25.305132,2-39-79-377,CA-325,0002,0039,2019-04-14 13:00:25-07:00,2019-04-14 16:52:51-07:00,0.869,2019-04-14 13:30:45-07:00,America/Los_Angeles
5cc8e88ff9af8b45d975b814,"[{'userID': 1214, 'milesRequested': 40, 'WhPerMile': 250, 'minutesAvailable': 126, 'modifiedAt': 'Sun, 14 Apr 2019 20:22:58 GMT', 'paymentRequired': True, 'requestedDeparture': 'Sun, 14 Apr 2019 22:26:58 GMT', 'kWhRequested': 10.0}]",000001214,2_39_91_437_2019-04-14 20:20:58.473932,2-39-91-437,CA-317,0002,0039,2019-04-14 13:20:58-07:00,2019-04-14 15:10:36-07:00,6.042,2019-04-14 15:11:34-07:00,America/Los_Angeles
5cc8e88ff9af8b45d975b815,"[{'userID': 724, 'milesRequested': 40, 'WhPerMile': 288, 'minutesAvailable': 124, 'modifiedAt': 'Sun, 14 Apr 2019 20:27:31 GMT', 'paymentRequired': True, 'requestedDeparture': 'Sun, 14 Apr 2019 22:31:08 GMT', 'kWhRequested': 11.52}]",000000724,2_39_123_557_2019-04-14 20:27:08.112987,2-39-123-557,CA-503,0002,0039,2019-04-14 13:27:08-07:00,2019-04-14 15:25:21-07:00,11.396,2019-04-14 15:18:39-07:00,America/Los_Angeles
5cc8e88ff9af8b45d975b816,"[{'userID': 248, 'milesRequested': 70, 'WhPerMile': 250, 'minutesAvailable': 191, 'modifiedAt': 'Sun, 14 Apr 2019 21:52:04 GMT', 'paymentRequired': True, 'requestedDeparture': 'Mon, 15 Apr 2019 01:02:36 GMT', 'kWhRequested': 17.5}]",000000248,2_39_78_366_2019-04-14 21:51:35.832276,2-39-78-366,CA-323,0002,0039,2019-04-14 14:51:36-07:00,2019-04-14 17:38:08-07:00,16.409,2019-04-14 17:38:07-07:00,America/Los_Angeles
5cc8e88ff9af8b45d975b817,"[{'userID': 1126, 'milesRequested': 80, 'WhPerMile': 250, 'minutesAvailable': 418, 'modifiedAt': 'Mon, 15 Apr 2019 00:40:55 GMT', 'paymentRequired': True, 'requestedDeparture': 'Mon, 15 Apr 2019 07:37:36 GMT', 'kWhRequested': 20.0}]",000001126,2_39_79_380_2019-04-15 00:39:36.387493,2-39-79-380,CA-489,0002,0039,2019-04-14 17:39:36-07:00,2019-04-14 21:32:10-07:00,4.172,2019-04-14 18:48:45-07:00,America/Los_Angeles
5cc8e88ff9af8b45d975b818,"[{'userID': 300, 'milesRequested': 80, 'WhPerMile': 400, 'minutesAvailable': 336, 'modifiedAt': 'Mon, 15 Apr 2019 01:41:45 GMT', 'paymentRequired': True, 'requestedDeparture': 'Mon, 15 Apr 2019 07:14:03 GMT', 'kWhRequested': 32.0}]",000000300,2_39_79_378_2019-04-15 01:38:02.956174,2-39-79-378,CA-326,0002,0039,2019-04-14 18:38:03-07:00,2019-04-15 06:16:56-07:00,15.004,2019-04-14 21:54:33-07:00,America/Los_Angeles
5cca3a22f9af8b49aaa4cb83,"[{'userID': 560, 'milesRequested': 80, 'WhPerMile': 273, 'minutesAvailable': 281, 'modifiedAt': 'Mon, 15 Apr 2019 13:28:38 GMT', 'paymentRequired': True, 'requestedDeparture': 'Mon, 15 Apr 2019 18:09:32 GMT', 'kWhRequested': 21.84}, {'userID': 560, 'milesRequested': 80, 'WhPerMile': 273, 'minutesAvailable': 281, 'modifiedAt': 'Mon, 15 Apr 2019 13:34:38 GMT', 'paymentRequired': True, 'requestedDeparture': 'Mon, 15 Apr 2019 18:09:32 GMT', 'kWhRequested': 21.84}]",000000560,2_39_90_26_2019-04-15 13:28:31.930397,2-39-90-26,CA-316,0002,0039,2019-04-15 06:28:32-07:00,2019-04-15 12:16:43-07:00,19.375,2019-04-15 10:22:36-07:00,America/Los_Angeles
5cca3a22f9af8b49aaa4cb84,"[{'userID': 743, 'milesRequested': 20, 'WhPerMile': 400, 'minutesAvailable': 64, 'modifiedAt': 'Mon, 15 Apr 2019 13:29:47 GMT', 'paymentRequired': True, 'requestedDeparture': 'Mon, 15 Apr 2019 14:32:36 GMT', 'kWhRequested': 8.0}]",000000743,2_39_89_25_2019-04-15 13:28:35.774913,2-39-89-25,CA-315,0002,0039,2019-04-15 06:28:36-07:00,2019-04-15 07:51:14-07:00,4.558,2019-04-15 07:51:09-07:00,America/Los_Angeles
5cca3a22f9af8b49aaa4cb85,"[{'userID': 676, 'milesRequested': 60, 'WhPerMile': 364, 'minutesAvailable': 473, 'modifiedAt': 'Mon, 15 Apr 2019 13:44:49 GMT', 'paymentRequired': True, 'requestedDeparture': 'Mon, 15 Apr 2019 21:37:24 GMT', 'kWhRequested': 21.84}]",000000676,2_39_79_379_2019-04-15 13:44:23.907180,2-39-79-379,CA-327,0002,0039,2019-04-15 06:44:24-07:00,2019-04-15 20:32:57-07:00,16.017,2019-04-15 11:50:35-07:00,America/Los_Angeles
5cca3a22f9af8b49aaa4cb86,"[{'userID': 569, 'milesRequested': 140, 'WhPerMile': 300, 'minutesAvailable': 529, 'modifiedAt': 'Mon, 15 Apr 2019 14:13:47 GMT', 'paymentRequired': True, 'requestedDeparture': 'Mon, 15 Apr 2019 23:02:26 GMT', 'kWhRequested': 42.0}]",000000569,2_39_78_366_2019-04-15 14:13:26.203570,2-39-78-366,CA-323,0002,0039,2019-04-15 07:13:26-07:00,2019-04-15 18:32:57-07:00,38.317,2019-04-15 16:29:04-07:00,America/Los_Angeles
5cca3a22f9af8b49aaa4cb87,"[{'userID': 945, 'milesRequested': 50, 'WhPerMile': 600, 'minutesAvailable': 555, 'modifiedAt': 'Mon, 15 Apr 2019 14:33:39 GMT', 'paymentRequired': True, 'requestedDeparture': 'Mon, 15 Apr 2019 23:48:21 GMT', 'kWhRequested': 30.0}]",000000945,2_39_78_365_2019-04-15 14:33:20.886144,2-39-78-365,CA-321,0002,0039,2019-04-15 07:33:21-07:00,2019-04-15 18:01:11-07:00,14.139,2019-04-15 17:25:17-07:00,America/Los_Angeles
5cca3a22f9af8b49aaa4cb88,"[{'userID': 632, 'milesRequested': 40, 'WhPerMile': 400, 'minutesAvailable': 575, 'modifiedAt': 'Mon, 15 Apr 2019 14:51:52 GMT', 'paymentRequired': True, 'requestedDeparture': 'Tue, 16 Apr 2019 00:26:18 GMT', 'kWhRequested': 16.0}]",000000632,2_39_79_382_2019-04-15 14:51:18.306209,2-39-79-382,CA-491,0002,0039,2019-04-15 07:51:18-07:00,2019-04-15 18:30:56-07:00,11.791,2019-04-15 12:02:03-07:00,America/Los_Angeles
5cca3a22f9af8b49aaa4cb89,"[{'userID': 1524, 'milesRequested': 50, 'WhPerMile': 400, 'minutesAvailable': 204, 'modifiedAt': 'Mon, 15 Apr 2019 15:15:43 GMT', 'paymentRequired': True, 'requestedDeparture': 'Mon, 15 Apr 2019 18:34:38 GMT', 'kWhRequested': 20.0}]",000001524,2_39_78_362_2019-04-15 15:10:38.116590,2-39-78-362,CA-496,0002,0039,2019-04-15 08:10:38-07:00,2019-04-15 18:01:29-07:00,16.565,2019-04-15 18:02:28-07:00,America/Los_Angeles
5cca3a22f9af8b49aaa4cb8a,"[{'userID': 1470, 'milesRequested': 80, 'WhPerMile': 292, 'minutesAvailable': 441, 'modifiedAt': 'Mon, 15 Apr 2019 16:00:32 GMT', 'paymentRequired': True, 'requestedDeparture': 'Mon, 15 Apr 2019 22:40:59 GMT', 'kWhRequested': 23.36}, {'userID': 1470, 'milesRequested': 80, 'WhPerMile': 292, 'minutesAvailable': 441, 'modifiedAt': 'Mon, 15 Apr 2019 16:01:07 GMT', 'paymentRequired': True, 'requestedDeparture': 'Mon, 15 Apr 2019 22:40:59 GMT', 'kWhRequested': 23.36}]",000001470,2_39_89_25_2019-04-15 15:19:59.304805,2-39-89-25,CA-315,0002,0039,2019-04-15 08:19:59-07:00,2019-04-15 17:04:10-07:00,15.28,2019-04-15 11:27:37-07:00,America/Los_Angeles
5cca3a22f9af8b49aaa4cb8b,"[{'userID': 850, 'milesRequested': 100, 'WhPerMile': 300, 'minutesAvailable': 60, 'modifiedAt': 'Mon, 15 Apr 2019 15:29:01 GMT', 'paymentRequired': True, 'requestedDeparture': 'Mon, 15 Apr 2019 16:27:56 GMT', 'kWhRequested': 30.0}]",000000850,2_39_126_560_2019-04-15 15:27:56.283502,2-39-126-560,CA-506,0002,0039,2019-04-15 08:27:56-07:00,2019-04-15 20:19:42-07:00,22.536,2019-04-15 12:18:00-07:00,America/Los_Angeles
5cca3a22f9af8b49aaa4cb8c,"[{'userID': 559, 'milesRequested': 40, 'WhPerMile': 313, 'minutesAvailable': 537, 'modifiedAt': 'Mon, 15 Apr 2019 15:37:45 GMT', 'paymentRequired': True, 'requestedDeparture': 'Tue, 16 Apr 2019 00:34:30 GMT', 'kWhRequested': 12.52}]",000000559,2_39_138_29_2019-04-15 15:37:30.032139,2-39-138-29,CA-304,0002,0039,2019-04-15 08:37:30-07:00,2019-04-15 17:33:54-07:00,10.277,2019-04-15 11:20:03-07:00,America/Los_Angeles
5cca3a22f9af8b49aaa4cb8d,"[{'userID': 712, 'milesRequested': 20, 'WhPerMile': 600, 'minutesAvailable': 257, 'modifiedAt': 'Mon, 15 Apr 2019 15:38:10 GMT', 'paymentRequired': True, 'requestedDeparture': 'Mon, 15 Apr 2019 19:55:05 GMT', 'kWhRequested': 12.0}, {'userID': 712, 'milesRequested': 50, 'WhPerMile': 600, 'minutesAvailable': 257, 'modifiedAt': 'Mon, 15 Apr 2019 15:38:26 GMT', 'paymentRequired': True, 'requestedDeparture': 'Mon, 15 Apr 2019 19:55:05 GMT', 'kWhRequested': 30.0}, {'userID': 712, 'milesRequested': 50, 'WhPerMile': 600, 'minutesAvailable': 355, 'modifiedAt': 'Mon, 15 Apr 2019 15:38:36 GMT', 'paymentRequired': True, 'requestedDeparture': 'Mon, 15 Apr 2019 21:33:05 GMT', 'kWhRequested': 30.0}]",000000712,2_39_131_30_2019-04-15 15:38:05.474697,2-39-131-30,CA-305,0002,0039,2019-04-15 08:38:05-07:00,2019-04-15 17:58:55-07:00,14.236,2019-04-15 12:47:08-07:00,America/Los_Angeles
5cca3a22f9af8b49aaa4cb8e,"[{'userID': 1957, 'milesRequested': 90, 'WhPerMile': 400, 'minutesAvailable': 521, 'modifiedAt': 'Mon, 15 Apr 2019 15:46:17 GMT', 'paymentRequired': True, 'requestedDeparture': 'Tue, 16 Apr 2019 00:26:41 GMT', 'kWhRequested': 36.0}]",000001957,2_39_78_364_2019-04-15 15:45:41.315615,2-39-78-364,CA-495,0002,0039,2019-04-15 08:45:41-07:00,2019-04-15 17:35:30-07:00,25.694,2019-04-15 17:23:33-07:00,America/Los_Angeles
5cca3a22f9af8b49aaa4cb8f,"[{'userID': 1104, 'milesRequested': 120, 'WhPerMile': 250, 'minutesAvailable': 428, 'modifiedAt': 'Mon, 15 Apr 2019 15:48:41 GMT', 'paymentRequired': True, 'requestedDeparture': 'Mon, 15 Apr 2019 22:56:08 GMT', 'kWhRequested': 30.0}]",000001104,2_39_79_377_2019-04-15 15:48:07.821058,2-39-79-377,CA-325,0002,0039,2019-04-15 08:48:08-07:00,2019-04-15 17:01:30-07:00,19.638,2019-04-15 12:01:52-07:00,America/Los_Angeles
5cca3a22f9af8b49aaa4cb90,,,2_39_79_380_2019-04-15 15:53:11.307833,2-39-79-380,CA-489,0002,0039,2019-04-15 08:53:11-07:00,2019-04-15 18:00:29-07:00,6.95,2019-04-15 16:20:51-07:00,America/Los_Angeles
5cca3a22f9af8b49aaa4cb91,"[{'userID': 743, 'milesRequested': 20, 'WhPerMile': 400, 'minutesAvailable': 362, 'modifiedAt': 'Mon, 15 Apr 2019 16:44:54 GMT', 'paymentRequired': True, 'requestedDeparture': 'Mon, 15 Apr 2019 22:46:32 GMT', 'kWhRequested': 8.0}]",000000743,2_39_89_439_2019-04-15 16:44:31.872255,2-39-89-439,CA-501,0002,0039,2019-04-15 09:44:32-07:00,2019-04-15 16:28:16-07:00,5.472,2019-04-15 11:58:30-07:00,America/Los_Angeles
5cca3a22f9af8b49aaa4cb92,"[{'userID': 620, 'milesRequested': 30, 'WhPerMile': 500, 'minutesAvailable': 508, 'modifiedAt': 'Mon, 15 Apr 2019 16:46:23 GMT', 'paymentRequired': True, 'requestedDeparture': 'Tue, 16 Apr 2019 01:13:56 GMT', 'kWhRequested': 15.0}]",000000620,2_39_123_23_2019-04-15 16:45:55.887332,2-39-123-23,CA-313,0002,0039,2019-04-15 09:45:56-07:00,2019-04-15 18:56:15-07:00,6.758,2019-04-15 11:53:20-07:00,America/Los_Angeles
5cca3a22f9af8b49aaa4cb93,"[{'userID': 324, 'milesRequested': 20, 'WhPerMile': 600, 'minutesAvailable': 136, 'modifiedAt': 'Mon, 15 Apr 2019 16:49:41 GMT', 'paymentRequired': True, 'requestedDeparture': 'Mon, 15 Apr 2019 19:05:30 GMT', 'kWhRequested': 12.0}]",000000324,2_39_91_437_2019-04-15 16:49:29.639144,2-39-91-437,CA-317,0002,0039,2019-04-15 09:49:30-07:00,2019-04-15 20:12:00-07:00,1.355,2019-04-15 10:34:16-07:00,America/Los_Angeles
5cca3a22f9af8b49aaa4cb94,"[{'userID': 668, 'milesRequested': 40, 'WhPerMile': 400, 'minutesAvailable': 199, 'modifiedAt': 'Mon, 15 Apr 2019 16:57:29 GMT', 'paymentRequired': True, 'requestedDeparture': 'Mon, 15 Apr 2019 20:15:10 GMT', 'kWhRequested': 16.0}]",000000668,2_39_91_441_2019-04-15 16:56:10.049336,2-39-91-441,CA-499,0002,0039,2019-04-15 09:56:10-07:00,2019-04-15 11:57:29-07:00,5.514,2019-04-15 10:52:15-07:00,America/Los_Angeles
5cca3a22f9af8b49aaa4cb95,"[{'userID': 818, 'milesRequested': 170, 'WhPerMile': 250, 'minutesAvailable': 411, 'modifiedAt': 'Mon, 15 Apr 2019 16:57:37 GMT', 'paymentRequired': True, 'requestedDeparture': 'Mon, 15 Apr 2019 23:47:54 GMT', 'kWhRequested': 42.5}]",000000818,2_39_95_444_2019-04-15 16:56:53.964684,2-39-95-444,CA-497,0002,0039,2019-04-15 09:56:54-07:00,2019-04-15 16:31:22-07:00,42.184,2019-04-15 16:26:30-07:00,America/Los_Angeles
5cca3a22f9af8b49aaa4cb96,"[{'userID': 558, 'milesRequested': 60, 'WhPerMile': 200, 'minutesAvailable': 539, 'modifiedAt': 'Mon, 15 Apr 2019 17:08:29 GMT', 'paymentRequired': True, 'requestedDeparture': 'Tue, 16 Apr 2019 02:07:26 GMT', 'kWhRequested': 12.0}]",000000558,2_39_79_376_2019-04-15 17:08:25.934758,2-39-79-376,CA-324,0002,0039,2019-04-15 10:08:26-07:00,2019-04-15 19:13:26-07:00,11.859,2019-04-15 13:16:28-07:00,America/Los_Angeles
5cca3a22f9af8b49aaa4cb97,"[{'userID': 1095, 'milesRequested': 30, 'WhPerMile': 469, 'minutesAvailable': 432, 'modifiedAt': 'Mon, 15 Apr 2019 17:10:51 GMT', 'paymentRequired': True, 'requestedDeparture': 'Tue, 16 Apr 2019 00:22:48 GMT', 'kWhRequested': 14.07}]",000001095,2_39_95_27_2019-04-15 17:10:48.501981,2-39-95-27,CA-319,0002,0039,2019-04-15 10:10:48-07:00,2019-04-15 17:52:39-07:00,9.181,2019-04-15 11:49:43-07:00,America/Los_Angeles
5cca3a22f9af8b49aaa4cb98,"[{'userID': 1953, 'milesRequested': 20, 'WhPerMile': 400, 'minutesAvailable': 280, 'modifiedAt': 'Mon, 15 Apr 2019 17:35:37 GMT', 'paymentRequired': True, 'requestedDeparture': 'Mon, 15 Apr 2019 22:15:36 GMT', 'kWhRequested': 8.0}]",000001953,2_39_90_440_2019-04-15 17:35:36.051044,2-39-90-440,CA-500,0002,0039,2019-04-15 10:35:36-07:00,2019-04-15 17:53:01-07:00,4.078,2019-04-15 11:57:33-07:00,America/Los_Angeles
5cca3a22f9af8b49aaa4cb99,"[{'userID': 1123, 'milesRequested': 60, 'WhPerMile': 346, 'minutesAvailable': 189, 'modifiedAt': 'Mon, 15 Apr 2019 22:37:20 GMT', 'paymentRequired': True, 'requestedDeparture': 'Mon, 15 Apr 2019 20:55:32 GMT', 'kWhRequested': 20.76}]",000001123,2_39_79_378_2019-04-15 17:46:32.417650,2-39-79-378,CA-326,0002,0039,2019-04-15 10:46:32-07:00,2019-04-15 15:56:44-07:00,8.774,2019-04-15 15:56:39-07:00,America/Los_Angeles
5cca3a22f9af8b49aaa4cb9a,"[{'userID': 891, 'milesRequested': 20, 'WhPerMile': 300, 'minutesAvailable': 310, 'modifiedAt': 'Mon, 15 Apr 2019 17:51:45 GMT', 'paymentRequired': True, 'requestedDeparture': 'Mon, 15 Apr 2019 23:00:04 GMT', 'kWhRequested': 6.0}]",000000891,2_39_124_22_2019-04-15 17:50:04.471722,2-39-124-22,CA-312,0002,0039,2019-04-15 10:50:04-07:00,2019-04-15 17:35:27-07:00,2.492,2019-04-15 11:48:51-07:00,America/Los_Angeles
5cca3a22f9af8b49aaa4cb9b,"[{'userID': 1309, 'milesRequested': 60, 'WhPerMile': 450, 'minutesAvailable': 60, 'modifiedAt': 'Mon, 15 Apr 2019 18:27:47 GMT', 'paymentRequired': True, 'requestedDeparture': 'Mon, 15 Apr 2019 18:56:05 GMT', 'kWhRequested': 27.0}]",000001309,2_39_79_383_2019-04-15 17:56:05.379589,2-39-79-383,CA-492,0002,0039,2019-04-15 10:56:05-07:00,2019-04-15 11:44:21-07:00,2.344,2019-04-15 11:44:17-07:00,America/Los_Angeles
5cca3a22f9af8b49aaa4cb9c,"[{'userID': 2259, 'milesRequested': 20, 'WhPerMile': 400, 'minutesAvailable': 146, 'modifiedAt': 'Mon, 15 Apr 2019 19:58:28 GMT', 'paymentRequired': True, 'requestedDeparture': 'Mon, 15 Apr 2019 20:27:59 GMT', 'kWhRequested': 8.0}]",000002259,2_39_79_381_2019-04-15 18:01:59.460819,2-39-79-381,CA-490,0002,0039,2019-04-15 11:01:59-07:00,2019-04-15 14:13:07-07:00,3.604,2019-04-15 14:13:02-07:00,America/Los_Angeles
5cca3a22f9af8b49aaa4cb9d,"[{'userID': 1912, 'milesRequested': 40, 'WhPerMile': 400, 'minutesAvailable': 190, 'modifiedAt': 'Mon, 15 Apr 2019 19:33:55 GMT', 'paymentRequired': True, 'requestedDeparture': 'Mon, 15 Apr 2019 22:43:27 GMT', 'kWhRequested': 16.0}]",000001912,2_39_90_26_2019-04-15 19:33:26.615262,2-39-90-26,CA-316,0002,0039,2019-04-15 12:33:27-07:00,2019-04-15 16:27:27-07:00,7.641,2019-04-15 13:49:53-07:00,America/Los_Angeles
5cca3a22f9af8b49aaa4cb9e,"[{'userID': 560, 'milesRequested': 20, 'WhPerMile': 273, 'minutesAvailable': 281, 'modifiedAt': 'Mon, 15 Apr 2019 19:49:58 GMT', 'paymentRequired': True, 'requestedDeparture': 'Tue, 16 Apr 2019 00:30:52 GMT', 'kWhRequested': 5.46}]",000000560,2_39_88_24_2019-04-15 19:49:51.784134,2-39-88-24,CA-314,0002,0039,2019-04-15 12:49:52-07:00,2019-04-15 14:54:43-07:00,2.125,2019-04-15 13:51:16-07:00,America/Los_Angeles
5cca3a22f9af8b49aaa4cb9f,,,2_39_79_383_2019-04-15 19:55:05.543018,2-39-79-383,CA-492,0002,0039,2019-04-15 12:55:06-07:00,2019-04-16 10:08:05-07:00,0.843,2019-04-15 13:25:29-07:00,America/Los_Angeles
5cca3a22f9af8b49aaa4cba0,"[{'userID': 1154, 'milesRequested': 30, 'WhPerMile': 308, 'minutesAvailable': 353, 'modifiedAt': 'Mon, 15 Apr 2019 20:24:51 GMT', 'paymentRequired': True, 'requestedDeparture': 'Tue, 16 Apr 2019 02:17:13 GMT', 'kWhRequested': 9.24}, {'userID': 1154, 'milesRequested': 30, 'WhPerMile': 308, 'minutesAvailable': 353, 'modifiedAt': 'Mon, 15 Apr 2019 20:24:57 GMT', 'paymentRequired': True, 'requestedDeparture': 'Tue, 16 Apr 2019 02:17:13 GMT', 'kWhRequested': 9.24}, {'userID': 1154, 'milesRequested': 30, 'WhPerMile': 308, 'minutesAvailable': 224, 'modifiedAt': 'Mon, 15 Apr 2019 20:25:05 GMT', 'paymentRequired': True, 'requestedDeparture': 'Tue, 16 Apr 2019 00:08:13 GMT', 'kWhRequested': 9.24}, {'userID': 1154, 'milesRequested': 30, 'WhPerMile': 308, 'minutesAvailable': 224, 'modifiedAt': 'Mon, 15 Apr 2019 20:25:23 GMT', 'paymentRequired': True, 'requestedDeparture': 'Tue, 16 Apr 2019 00:08:13 GMT', 'kWhRequested': 9.24}]",000001154,2_39_78_367_2019-04-15 20:24:13.365605,2-39-78-367,CA-494,0002,0039,2019-04-15 13:24:13-07:00,2019-04-15 16:39:04-07:00,0.635277777777474,2019-04-15 13:23:14-07:00,America/Los_Angeles
5cca3a22f9af8b49aaa4cba1,"[{'userID': 1124, 'milesRequested': 20, 'WhPerMile': 450, 'minutesAvailable': 60, 'modifiedAt': 'Mon, 15 Apr 2019 21:00:23 GMT', 'paymentRequired': True, 'requestedDeparture': 'Mon, 15 Apr 2019 22:00:07 GMT', 'kWhRequested': 9.0}]",000001124,2_39_92_436_2019-04-15 21:00:06.705275,2-39-92-436,CA-318,0002,0039,2019-04-15 14:00:07-07:00,2019-04-15 19:19:03-07:00,6.437,2019-04-15 15:58:31-07:00,America/Los_Angeles
5cca3a22f9af8b49aaa4cba2,"[{'userID': 1091, 'milesRequested': 33, 'WhPerMile': 300, 'minutesAvailable': 157, 'modifiedAt': 'Mon, 15 Apr 2019 23:02:03 GMT', 'paymentRequired': True, 'requestedDeparture': 'Tue, 16 Apr 2019 01:36:22 GMT', 'kWhRequested': 9.9}]",000001091,2_39_79_378_2019-04-15 22:59:21.530551,2-39-79-378,CA-326,0002,0039,2019-04-15 15:59:22-07:00,2019-04-15 19:25:00-07:00,5.37,2019-04-15 18:54:15-07:00,America/Los_Angeles
5cca3a22f9af8b49aaa4cba3,"[{'userID': 774, 'milesRequested': 20, 'WhPerMile': 400, 'minutesAvailable': 60, 'modifiedAt': 'Mon, 15 Apr 2019 23:33:06 GMT', 'paymentRequired': True, 'requestedDeparture': 'Tue, 16 Apr 2019 00:32:50 GMT', 'kWhRequested': 8.0}]",000000774,2_39_125_21_2019-04-15 23:32:50.485777,2-39-125-21,CA-311,0002,0039,2019-04-15 16:32:50-07:00,2019-04-15 17:59:05-07:00,4.896,2019-04-15 17:59:00-07:00,America/Los_Angeles
5cca3a22f9af8b49aaa4cba4,"[{'userID': 1626, 'milesRequested': 180, 'WhPerMile': 200, 'minutesAvailable': 364, 'modifiedAt': 'Tue, 16 Apr 2019 00:01:06 GMT', 'paymentRequired': True, 'requestedDeparture': 'Tue, 16 Apr 2019 06:05:07 GMT', 'kWhRequested': 36.0}]",000001626,2_39_79_381_2019-04-16 00:01:06.669853,2-39-79-381,CA-490,0002,0039,2019-04-15 17:01:07-07:00,2019-04-15 19:00:04-07:00,11.249,2019-04-15 18:59:55-07:00,America/Los_Angeles
5cca3a22f9af8b49aaa4cba5,"[{'userID': 1135, 'milesRequested': 50, 'WhPerMile': 400, 'minutesAvailable': 150, 'modifiedAt': 'Tue, 16 Apr 2019 00:17:20 GMT', 'paymentRequired': True, 'requestedDeparture': 'Tue, 16 Apr 2019 02:47:12 GMT', 'kWhRequested': 20.0}]",000001135,2_39_79_377_2019-04-16 00:17:12.002740,2-39-79-377,CA-325,0002,0039,2019-04-15 17:17:12-07:00,2019-04-16 12:54:04-07:00,15.772,2019-04-15 21:56:27-07:00,America/Los_Angeles
5cca3a22f9af8b49aaa4cba6,"[{'userID': 1164, 'milesRequested': 20, 'WhPerMile': 525, 'minutesAvailable': 226, 'modifiedAt': 'Tue, 16 Apr 2019 01:15:15 GMT', 'paymentRequired': True, 'requestedDeparture': 'Tue, 16 Apr 2019 05:00:49 GMT', 'kWhRequested': 10.5}]",000001164,2_39_138_29_2019-04-16 01:14:48.910440,2-39-138-29,CA-304,0002,0039,2019-04-15 18:14:49-07:00,2019-04-15 19:18:08-07:00,3.446,2019-04-15 19:18:03-07:00,America/Los_Angeles
5ccb8ba6f9af8b4d9721deef,"[{'userID': 560, 'milesRequested': 80, 'WhPerMile': 273, 'minutesAvailable': 281, 'modifiedAt': 'Tue, 16 Apr 2019 13:31:24 GMT', 'paymentRequired': True, 'requestedDeparture': 'Tue, 16 Apr 2019 18:12:14 GMT', 'kWhRequested': 21.84}, {'userID': 560, 'milesRequested': 80, 'WhPerMile': 273, 'minutesAvailable': 281, 'modifiedAt': 'Tue, 16 Apr 2019 16:59:18 GMT', 'paymentRequired': True, 'requestedDeparture': 'Tue, 16 Apr 2019 18:12:14 GMT', 'kWhRequested': 21.84}]",000000560,2_39_88_24_2019-04-16 13:31:13.574288,2-39-88-24,CA-314,0002,0039,2019-04-16 06:31:14-07:00,2019-04-16 15:57:31-07:00,18.169,2019-04-16 10:07:22-07:00,America/Los_Angeles
5ccb8ba6f9af8b4d9721def0,"[{'userID': 676, 'milesRequested': 60, 'WhPerMile': 364, 'minutesAvailable': 473, 'modifiedAt': 'Tue, 16 Apr 2019 13:37:38 GMT', 'paymentRequired': True, 'requestedDeparture': 'Tue, 16 Apr 2019 21:30:21 GMT', 'kWhRequested': 21.84}]",000000676,2_39_79_379_2019-04-16 13:37:21.417244,2-39-79-379,CA-327,0002,0039,2019-04-16 06:37:21-07:00,2019-04-16 20:03:53-07:00,14.587,2019-04-16 20:03:25-07:00,America/Los_Angeles
5ccb8ba6f9af8b4d9721def1,"[{'userID': 569, 'milesRequested': 40, 'WhPerMile': 300, 'minutesAvailable': 529, 'modifiedAt': 'Tue, 16 Apr 2019 14:05:26 GMT', 'paymentRequired': True, 'requestedDeparture': 'Tue, 16 Apr 2019 22:54:17 GMT', 'kWhRequested': 12.0}]",000000569,2_39_78_366_2019-04-16 14:05:16.697456,2-39-78-366,CA-323,0002,0039,2019-04-16 07:05:17-07:00,2019-04-16 17:21:51-07:00,5.454,2019-04-16 16:05:50-07:00,America/Los_Angeles
5ccb8ba6f9af8b4d9721def2,"[{'userID': 2183, 'milesRequested': 50, 'WhPerMile': 400, 'minutesAvailable': 244, 'modifiedAt': 'Tue, 16 Apr 2019 15:58:31 GMT', 'paymentRequired': True, 'requestedDeparture': 'Tue, 16 Apr 2019 18:46:18 GMT', 'kWhRequested': 20.0}]",000002183,2_39_95_27_2019-04-16 14:42:18.448987,2-39-95-27,CA-319,0002,0039,2019-04-16 07:42:18-07:00,2019-04-16 14:52:18-07:00,14.414,2019-04-16 11:25:56-07:00,America/Los_Angeles
5ccb8ba6f9af8b4d9721def3,"[{'userID': 440, 'milesRequested': 20, 'WhPerMile': 500, 'minutesAvailable': 475, 'modifiedAt': 'Tue, 16 Apr 2019 14:51:51 GMT', 'paymentRequired': True, 'requestedDeparture': 'Tue, 16 Apr 2019 22:41:05 GMT', 'kWhRequested': 10.0}]",000000440,2_39_138_29_2019-04-16 14:46:04.595018,2-39-138-29,CA-304,0002,0039,2019-04-16 07:46:05-07:00,2019-04-16 18:26:11-07:00,1.587,2019-04-16 08:25:09-07:00,America/Los_Angeles
5ccb8ba6f9af8b4d9721def4,"[{'userID': 710, 'milesRequested': 150, 'WhPerMile': 261, 'minutesAvailable': 509, 'modifiedAt': 'Tue, 16 Apr 2019 14:54:33 GMT', 'paymentRequired': True, 'requestedDeparture': 'Tue, 16 Apr 2019 23:16:27 GMT', 'kWhRequested': 39.15}]",000000710,2_39_129_17_2019-04-16 14:47:27.484181,2-39-129-17,CA-307,0002,0039,2019-04-16 07:47:27-07:00,2019-04-16 17:23:55-07:00,30.99,2019-04-16 12:48:59-07:00,America/Los_Angeles
5ccb8ba6f9af8b4d9721def5,"[{'userID': 1083, 'milesRequested': 20, 'WhPerMile': 400, 'minutesAvailable': 201, 'modifiedAt': 'Tue, 16 Apr 2019 14:59:57 GMT', 'paymentRequired': True, 'requestedDeparture': 'Tue, 16 Apr 2019 18:20:22 GMT', 'kWhRequested': 8.0}]",000001083,2_39_79_378_2019-04-16 14:59:22.368160,2-39-79-378,CA-326,0002,0039,2019-04-16 07:59:22-07:00,2019-04-16 17:12:39-07:00,5.687,2019-04-16 10:31:13-07:00,America/Los_Angeles
5ccb8ba6f9af8b4d9721def6,"[{'userID': 858, 'milesRequested': 20, 'WhPerMile': 400, 'minutesAvailable': 223, 'modifiedAt': 'Tue, 16 Apr 2019 15:04:29 GMT', 'paymentRequired': True, 'requestedDeparture': 'Tue, 16 Apr 2019 18:44:53 GMT', 'kWhRequested': 8.0}]",000000858,2_39_78_365_2019-04-16 15:01:52.663183,2-39-78-365,CA-321,0002,0039,2019-04-16 08:01:53-07:00,2019-04-16 16:34:02-07:00,5.628,2019-04-16 10:08:12-07:00,America/Los_Angeles
5ccb8ba6f9af8b4d9721def7,,,2_39_79_380_2019-04-16 15:21:27.409150,2-39-79-380,CA-489,0002,0039,2019-04-16 08:21:27-07:00,2019-04-16 16:48:33-07:00,2.863,2019-04-16 16:39:42-07:00,America/Los_Angeles
5ccb8ba6f9af8b4d9721def8,"[{'userID': 559, 'milesRequested': 20, 'WhPerMile': 313, 'minutesAvailable': 537, 'modifiedAt': 'Tue, 16 Apr 2019 15:23:51 GMT', 'paymentRequired': True, 'requestedDeparture': 'Wed, 17 Apr 2019 00:20:45 GMT', 'kWhRequested': 6.26}]",000000559,2_39_139_28_2019-04-16 15:23:45.030233,2-39-139-28,CA-303,0002,0039,2019-04-16 08:23:45-07:00,2019-04-16 17:30:08-07:00,5.219,2019-04-16 10:10:04-07:00,America/Los_Angeles
5ccb8ba6f9af8b4d9721def9,,,2_39_125_21_2019-04-16 15:23:55.926114,2-39-125-21,CA-311,0002,0039,2019-04-16 08:23:56-07:00,2019-04-16 17:57:23-07:00,1.003,2019-04-16 16:14:00-07:00,America/Los_Angeles
5ccb8ba6f9af8b4d9721defa,"[{'userID': 1126, 'milesRequested': 80, 'WhPerMile': 250, 'minutesAvailable': 418, 'modifiedAt': 'Tue, 16 Apr 2019 15:30:36 GMT', 'paymentRequired': True, 'requestedDeparture': 'Tue, 16 Apr 2019 22:26:56 GMT', 'kWhRequested': 20.0}]",000001126,2_39_79_381_2019-04-16 15:28:56.440726,2-39-79-381,CA-490,0002,0039,2019-04-16 08:28:56-07:00,2019-04-16 17:34:51-07:00,3.518,2019-04-16 09:40:23-07:00,America/Los_Angeles
5ccb8ba6f9af8b4d9721defb,"[{'userID': 945, 'milesRequested': 50, 'WhPerMile': 600, 'minutesAvailable': 555, 'modifiedAt': 'Tue, 16 Apr 2019 15:31:46 GMT', 'paymentRequired': True, 'requestedDeparture': 'Wed, 17 Apr 2019 00:46:36 GMT', 'kWhRequested': 30.0}]",000000945,2_39_91_437_2019-04-16 15:31:35.755884,2-39-91-437,CA-317,0002,0039,2019-04-16 08:31:36-07:00,2019-04-16 16:35:55-07:00,13.665,2019-04-16 10:40:15-07:00,America/Los_Angeles
5ccb8ba6f9af8b4d9721defc,"[{'userID': 1104, 'milesRequested': 120, 'WhPerMile': 250, 'minutesAvailable': 428, 'modifiedAt': 'Tue, 16 Apr 2019 15:43:57 GMT', 'paymentRequired': True, 'requestedDeparture': 'Tue, 16 Apr 2019 22:51:37 GMT', 'kWhRequested': 30.0}]",000001104,2_39_79_382_2019-04-16 15:43:37.281749,2-39-79-382,CA-491,0002,0039,2019-04-16 08:43:37-07:00,2019-04-16 16:15:11-07:00,20.113,2019-04-16 12:56:14-07:00,America/Los_Angeles
5ccb8ba6f9af8b4d9721defd,"[{'userID': 1957, 'milesRequested': 30, 'WhPerMile': 400, 'minutesAvailable': 60, 'modifiedAt': 'Tue, 16 Apr 2019 15:49:39 GMT', 'paymentRequired': True, 'requestedDeparture': 'Tue, 16 Apr 2019 16:48:58 GMT', 'kWhRequested': 12.0}]",000001957,2_39_124_22_2019-04-16 15:48:57.932420,2-39-124-22,CA-312,0002,0039,2019-04-16 08:48:58-07:00,2019-04-16 09:43:33-07:00,5.751,2019-04-16 09:43:12-07:00,America/Los_Angeles
5ccb8ba6f9af8b4d9721defe,"[{'userID': 712, 'milesRequested': 30, 'WhPerMile': 600, 'minutesAvailable': 355, 'modifiedAt': 'Tue, 16 Apr 2019 15:51:50 GMT', 'paymentRequired': True, 'requestedDeparture': 'Tue, 16 Apr 2019 21:46:32 GMT', 'kWhRequested': 18.0}]",000000712,2_39_130_31_2019-04-16 15:51:31.810511,2-39-130-31,CA-306,0002,0039,2019-04-16 08:51:32-07:00,2019-04-16 15:28:14-07:00,4.668,2019-04-16 10:15:20-07:00,America/Los_Angeles
5ccb8ba6f9af8b4d9721deff,"[{'userID': 714, 'milesRequested': 90, 'WhPerMile': 200, 'minutesAvailable': 364, 'modifiedAt': 'Tue, 16 Apr 2019 15:52:28 GMT', 'paymentRequired': True, 'requestedDeparture': 'Tue, 16 Apr 2019 21:55:55 GMT', 'kWhRequested': 18.0}]",000000714,2_39_92_442_2019-04-16 15:51:55.216471,2-39-92-442,CA-498,0002,0039,2019-04-16 08:51:55-07:00,2019-04-16 17:55:17-07:00,7.115,2019-04-16 09:57:47-07:00,America/Los_Angeles
5ccb8ba6f9af8b4d9721df00,"[{'userID': 1154, 'milesRequested': 20, 'WhPerMile': 308, 'minutesAvailable': 224, 'modifiedAt': 'Tue, 16 Apr 2019 16:11:27 GMT', 'paymentRequired': True, 'requestedDeparture': 'Tue, 16 Apr 2019 19:55:08 GMT', 'kWhRequested': 6.16}]",000001154,2_39_78_367_2019-04-16 16:11:07.939710,2-39-78-367,CA-494,0002,0039,2019-04-16 09:11:08-07:00,2019-04-16 12:10:48-07:00,0.5859767025086792,2019-04-16 09:10:11-07:00,America/Los_Angeles
5ccb8ba6f9af8b4d9721df01,"[{'userID': 743, 'milesRequested': 20, 'WhPerMile': 400, 'minutesAvailable': 200, 'modifiedAt': 'Tue, 16 Apr 2019 16:22:39 GMT', 'paymentRequired': True, 'requestedDeparture': 'Tue, 16 Apr 2019 19:42:03 GMT', 'kWhRequested': 8.0}]",000000743,2_39_89_25_2019-04-16 16:22:02.685410,2-39-89-25,CA-315,0002,0039,2019-04-16 09:22:03-07:00,2019-04-16 12:17:28-07:00,3.717,2019-04-16 10:44:36-07:00,America/Los_Angeles
5ccb8ba6f9af8b4d9721df02,"[{'userID': 1274, 'milesRequested': 30, 'WhPerMile': 333, 'minutesAvailable': 334, 'modifiedAt': 'Tue, 16 Apr 2019 16:24:43 GMT', 'paymentRequired': True, 'requestedDeparture': 'Tue, 16 Apr 2019 21:57:32 GMT', 'kWhRequested': 9.99}]",000001274,2_39_78_360_2019-04-16 16:23:31.829208,2-39-78-360,CA-322,0002,0039,2019-04-16 09:23:32-07:00,2019-04-16 19:19:21-07:00,9.891,2019-04-16 18:15:25-07:00,America/Los_Angeles
5ccb8ba6f9af8b4d9721df03,"[{'userID': 1137, 'milesRequested': 40, 'WhPerMile': 400, 'minutesAvailable': 250, 'modifiedAt': 'Tue, 16 Apr 2019 16:34:47 GMT', 'paymentRequired': True, 'requestedDeparture': 'Tue, 16 Apr 2019 20:43:40 GMT', 'kWhRequested': 16.0}]",000001137,2_39_78_363_2019-04-16 16:33:39.679194,2-39-78-363,CA-320,0002,0039,2019-04-16 09:33:40-07:00,2019-04-16 17:42:40-07:00,16.106,2019-04-16 17:39:06-07:00,America/Los_Angeles
5ccb8ba6f9af8b4d9721df04,"[{'userID': 620, 'milesRequested': 20, 'WhPerMile': 500, 'minutesAvailable': 432, 'modifiedAt': 'Tue, 16 Apr 2019 16:37:59 GMT', 'paymentRequired': True, 'requestedDeparture': 'Tue, 16 Apr 2019 23:49:31 GMT', 'kWhRequested': 10.0}]",000000620,2_39_89_439_2019-04-16 16:37:31.455352,2-39-89-439,CA-501,0002,0039,2019-04-16 09:37:31-07:00,2019-04-16 17:13:24-07:00,3.502,2019-04-16 11:13:09-07:00,America/Los_Angeles
5ccb8ba6f9af8b4d9721df05,"[{'userID': 850, 'milesRequested': 100, 'WhPerMile': 300, 'minutesAvailable': 60, 'modifiedAt': 'Tue, 16 Apr 2019 16:52:27 GMT', 'paymentRequired': True, 'requestedDeparture': 'Tue, 16 Apr 2019 17:51:59 GMT', 'kWhRequested': 30.0}]",000000850,2_39_78_362_2019-04-16 16:51:59.327693,2-39-78-362,CA-496,0002,0039,2019-04-16 09:51:59-07:00,2019-04-17 00:42:03-07:00,18.432,2019-04-17 00:43:03-07:00,America/Los_Angeles
5ccb8ba6f9af8b4d9721df06,"[{'userID': 515, 'milesRequested': 40, 'WhPerMile': 250, 'minutesAvailable': 258, 'modifiedAt': 'Tue, 16 Apr 2019 16:58:59 GMT', 'paymentRequired': True, 'requestedDeparture': 'Tue, 16 Apr 2019 21:16:21 GMT', 'kWhRequested': 10.0}]",000000515,2_39_92_436_2019-04-16 16:58:20.973374,2-39-92-436,CA-318,0002,0039,2019-04-16 09:58:21-07:00,2019-04-16 12:12:48-07:00,5.514,2019-04-16 11:42:07-07:00,America/Los_Angeles
5ccb8ba6f9af8b4d9721df07,"[{'userID': 324, 'milesRequested': 20, 'WhPerMile': 600, 'minutesAvailable': 120, 'modifiedAt': 'Tue, 16 Apr 2019 17:05:18 GMT', 'paymentRequired': True, 'requestedDeparture': 'Tue, 16 Apr 2019 19:04:57 GMT', 'kWhRequested': 12.0}]",000000324,2_39_90_26_2019-04-16 17:04:56.686453,2-39-90-26,CA-316,0002,0039,2019-04-16 10:04:57-07:00,2019-04-16 19:03:50-07:00,1.977,2019-04-16 11:07:49-07:00,America/Los_Angeles
5ccb8ba6f9af8b4d9721df08,"[{'userID': 558, 'milesRequested': 60, 'WhPerMile': 200, 'minutesAvailable': 539, 'modifiedAt': 'Tue, 16 Apr 2019 17:09:07 GMT', 'paymentRequired': True, 'requestedDeparture': 'Wed, 17 Apr 2019 02:08:06 GMT', 'kWhRequested': 12.0}]",000000558,2_39_88_438_2019-04-16 17:09:06.227643,2-39-88-438,CA-502,0002,0039,2019-04-16 10:09:06-07:00,2019-04-16 19:08:39-07:00,11.864,2019-04-16 12:18:33-07:00,America/Los_Angeles
5ccb8ba6f9af8b4d9721df09,,,2_39_79_376_2019-04-16 17:10:11.727285,2-39-79-376,CA-324,0002,0039,2019-04-16 10:10:12-07:00,2019-04-16 20:47:28-07:00,0.861,2019-04-16 10:41:39-07:00,America/Los_Angeles
5ccb8ba6f9af8b4d9721df0a,"[{'userID': 1095, 'milesRequested': 30, 'WhPerMile': 469, 'minutesAvailable': 432, 'modifiedAt': 'Tue, 16 Apr 2019 17:23:42 GMT', 'paymentRequired': True, 'requestedDeparture': 'Wed, 17 Apr 2019 00:35:30 GMT', 'kWhRequested': 14.07}]",000001095,2_39_91_441_2019-04-16 17:23:29.893722,2-39-91-441,CA-499,0002,0039,2019-04-16 10:23:30-07:00,2019-04-16 17:58:16-07:00,8.826,2019-04-16 11:58:28-07:00,America/Los_Angeles
5ccb8ba6f9af8b4d9721df0b,"[{'userID': 744, 'milesRequested': 20, 'WhPerMile': 450, 'minutesAvailable': 70, 'modifiedAt': 'Tue, 16 Apr 2019 17:26:33 GMT', 'paymentRequired': True, 'requestedDeparture': 'Tue, 16 Apr 2019 18:36:30 GMT', 'kWhRequested': 9.0}]",000000744,2_39_124_22_2019-04-16 17:26:29.858227,2-39-124-22,CA-312,0002,0039,2019-04-16 10:26:30-07:00,2019-04-16 11:01:07-07:00,3.404,2019-04-16 11:00:58-07:00,America/Los_Angeles
5ccb8ba6f9af8b4d9721df0c,"[{'userID': 891, 'milesRequested': 20, 'WhPerMile': 300, 'minutesAvailable': 310, 'modifiedAt': 'Tue, 16 Apr 2019 17:32:41 GMT', 'paymentRequired': True, 'requestedDeparture': 'Tue, 16 Apr 2019 22:42:35 GMT', 'kWhRequested': 6.0}]",000000891,2_39_90_440_2019-04-16 17:32:34.851126,2-39-90-440,CA-500,0002,0039,2019-04-16 10:32:35-07:00,2019-04-16 15:30:18-07:00,3.288,2019-04-16 11:48:42-07:00,America/Los_Angeles
5ccb8ba6f9af8b4d9721df0d,"[{'userID': 629, 'milesRequested': 100, 'WhPerMile': 200, 'minutesAvailable': 181, 'modifiedAt': 'Tue, 16 Apr 2019 18:08:48 GMT', 'paymentRequired': True, 'requestedDeparture': 'Tue, 16 Apr 2019 21:08:33 GMT', 'kWhRequested': 20.0}]",000000629,2_39_78_361_2019-04-16 18:07:32.950178,2-39-78-361,CA-493,0002,0039,2019-04-16 11:07:33-07:00,2019-04-16 11:20:44-07:00,0.775,2019-04-16 11:20:38-07:00,America/Los_Angeles
5ccb8ba6f9af8b4d9721df0e,"[{'userID': 1082, 'milesRequested': 40, 'WhPerMile': 400, 'minutesAvailable': 291, 'modifiedAt': 'Tue, 16 Apr 2019 18:14:48 GMT', 'paymentRequired': True, 'requestedDeparture': 'Tue, 16 Apr 2019 23:05:22 GMT', 'kWhRequested': 16.0}]",000001082,2_39_123_23_2019-04-16 18:14:21.662895,2-39-123-23,CA-313,0002,0039,2019-04-16 11:14:22-07:00,2019-04-17 00:02:19-07:00,1.915,2019-04-16 12:12:19-07:00,America/Los_Angeles
5ccb8ba6f9af8b4d9721df0f,,,2_39_78_361_2019-04-16 18:38:10.168557,2-39-78-361,CA-493,0002,0039,2019-04-16 11:38:10-07:00,2019-04-16 14:02:37-07:00,0.853,2019-04-16 12:10:12-07:00,America/Los_Angeles
5ccb8ba6f9af8b4d9721df10,"[{'userID': 1124, 'milesRequested': 20, 'WhPerMile': 450, 'minutesAvailable': 60, 'modifiedAt': 'Tue, 16 Apr 2019 19:15:12 GMT', 'paymentRequired': True, 'requestedDeparture': 'Tue, 16 Apr 2019 20:14:40 GMT', 'kWhRequested': 9.0}]",000001124,2_39_78_367_2019-04-16 19:14:39.781724,2-39-78-367,CA-494,0002,0039,2019-04-16 12:14:40-07:00,2019-04-16 19:41:13-07:00,6.654,2019-04-16 14:20:00-07:00,America/Los_Angeles
5ccb8ba6f9af8b4d9721df11,"[{'userID': 1470, 'milesRequested': 50, 'WhPerMile': 292, 'minutesAvailable': 241, 'modifiedAt': 'Tue, 16 Apr 2019 20:04:03 GMT', 'paymentRequired': True, 'requestedDeparture': 'Wed, 17 Apr 2019 00:04:31 GMT', 'kWhRequested': 14.6}, {'userID': 1470, 'milesRequested': 50, 'WhPerMile': 292, 'minutesAvailable': 241, 'modifiedAt': 'Tue, 16 Apr 2019 20:05:28 GMT', 'paymentRequired': True, 'requestedDeparture': 'Wed, 17 Apr 2019 00:04:31 GMT', 'kWhRequested': 14.6}, {'userID': 1470, 'milesRequested': 50, 'WhPerMile': 292, 'minutesAvailable': 241, 'modifiedAt': 'Tue, 16 Apr 2019 20:05:48 GMT', 'paymentRequired': True, 'requestedDeparture': 'Wed, 17 Apr 2019 00:04:31 GMT', 'kWhRequested': 14.6}]",000001470,2_39_79_377_2019-04-16 20:03:31.456588,2-39-79-377,CA-325,0002,0039,2019-04-16 13:03:31-07:00,2019-04-16 17:13:33-07:00,8.401,2019-04-16 14:21:20-07:00,America/Los_Angeles
5ccb8ba6f9af8b4d9721df12,"[{'userID': 1091, 'milesRequested': 33, 'WhPerMile': 300, 'minutesAvailable': 157, 'modifiedAt': 'Tue, 16 Apr 2019 20:41:37 GMT', 'paymentRequired': True, 'requestedDeparture': 'Tue, 16 Apr 2019 23:18:05 GMT', 'kWhRequested': 9.9}, {'userID': 1091, 'milesRequested': 33, 'WhPerMile': 300, 'minutesAvailable': 381, 'modifiedAt': 'Tue, 16 Apr 2019 20:44:17 GMT', 'paymentRequired': True, 'requestedDeparture': 'Wed, 17 Apr 2019 03:02:05 GMT', 'kWhRequested': 9.9}]",000001091,2_39_89_25_2019-04-16 20:41:04.884750,2-39-89-25,CA-315,0002,0039,2019-04-16 13:41:05-07:00,2019-04-16 20:20:44-07:00,5.986,2019-04-16 15:25:54-07:00,America/Los_Angeles
5ccb8ba6f9af8b4d9721df13,"[{'userID': 752, 'milesRequested': 30, 'WhPerMile': 425, 'minutesAvailable': 440, 'modifiedAt': 'Tue, 16 Apr 2019 21:06:56 GMT', 'paymentRequired': True, 'requestedDeparture': 'Wed, 17 Apr 2019 04:26:20 GMT', 'kWhRequested': 12.75}]",000000752,2_39_83_386_2019-04-16 21:06:19.684621,2-39-83-386,CA-212,0002,0039,2019-04-16 14:06:20-07:00,2019-04-16 16:47:38-07:00,4.622,2019-04-16 15:39:04-07:00,America/Los_Angeles
5ccb8ba6f9af8b4d9721df14,"[{'userID': 1912, 'milesRequested': 40, 'WhPerMile': 400, 'minutesAvailable': 190, 'modifiedAt': 'Tue, 16 Apr 2019 21:21:56 GMT', 'paymentRequired': True, 'requestedDeparture': 'Wed, 17 Apr 2019 00:31:15 GMT', 'kWhRequested': 16.0}]",000001912,2_39_78_361_2019-04-16 21:21:14.774788,2-39-78-361,CA-493,0002,0039,2019-04-16 14:21:15-07:00,2019-04-16 16:18:38-07:00,11.462,2019-04-16 16:18:36-07:00,America/Los_Angeles
5ccb8ba6f9af8b4d9721df15,"[{'userID': 1093, 'milesRequested': 30, 'WhPerMile': 333, 'minutesAvailable': 272, 'modifiedAt': 'Tue, 16 Apr 2019 21:25:54 GMT', 'paymentRequired': True, 'requestedDeparture': 'Wed, 17 Apr 2019 01:57:36 GMT', 'kWhRequested': 9.99}]",000001093,2_39_78_364_2019-04-16 21:25:35.575648,2-39-78-364,CA-495,0002,0039,2019-04-16 14:25:36-07:00,2019-04-16 15:04:22-07:00,1.794,2019-04-16 15:04:12-07:00,America/Los_Angeles
5ccb8ba6f9af8b4d9721df16,"[{'userID': 515, 'milesRequested': 40, 'WhPerMile': 250, 'minutesAvailable': 258, 'modifiedAt': 'Tue, 16 Apr 2019 21:55:28 GMT', 'paymentRequired': True, 'requestedDeparture': 'Wed, 17 Apr 2019 02:12:44 GMT', 'kWhRequested': 10.0}, {'userID': 515, 'milesRequested': 40, 'WhPerMile': 250, 'minutesAvailable': 258, 'modifiedAt': 'Wed, 17 Apr 2019 01:15:00 GMT', 'paymentRequired': True, 'requestedDeparture': 'Wed, 17 Apr 2019 02:12:44 GMT', 'kWhRequested': 10.0}, {'userID': 515, 'milesRequested': 20, 'WhPerMile': 250, 'minutesAvailable': 258, 'modifiedAt': 'Wed, 17 Apr 2019 01:15:27 GMT', 'paymentRequired': True, 'requestedDeparture': 'Wed, 17 Apr 2019 02:12:44 GMT', 'kWhRequested': 5.0}]",000000515,2_39_95_27_2019-04-16 21:54:44.286692,2-39-95-27,CA-319,0002,0039,2019-04-16 14:54:44-07:00,2019-04-16 19:13:23-07:00,4.388,2019-04-16 16:15:59-07:00,America/Los_Angeles
5ccb8ba6f9af8b4d9721df17,"[{'userID': 1746, 'milesRequested': 60, 'WhPerMile': 458, 'minutesAvailable': 96, 'modifiedAt': 'Tue, 16 Apr 2019 23:38:04 GMT', 'paymentRequired': True, 'requestedDeparture': 'Wed, 17 Apr 2019 01:13:50 GMT', 'kWhRequested': 27.48}, {'userID': 1746, 'milesRequested': 60, 'WhPerMile': 458, 'minutesAvailable': 96, 'modifiedAt': 'Wed, 17 Apr 2019 01:12:02 GMT', 'paymentRequired': True, 'requestedDeparture': 'Wed, 17 Apr 2019 01:13:50 GMT', 'kWhRequested': 27.48}]",000001746,2_39_88_24_2019-04-16 23:37:50.063279,2-39-88-24,CA-314,0002,0039,2019-04-16 16:37:50-07:00,2019-04-16 18:12:29-07:00,2.673,2019-04-16 17:33:31-07:00,America/Los_Angeles
5ccb8ba6f9af8b4d9721df18,,,2_39_91_437_2019-04-16 23:52:35.477123,2-39-91-437,CA-317,0002,0039,2019-04-16 16:52:35-07:00,2019-04-16 17:24:09-07:00,0.846,2019-04-16 17:25:09-07:00,America/Los_Angeles
5ccb8ba6f9af8b4d9721df19,,,2_39_91_437_2019-04-17 00:24:38.461396,2-39-91-437,CA-317,0002,0039,2019-04-16 17:24:38-07:00,2019-04-16 17:44:52-07:00,0.545,2019-04-16 17:44:48-07:00,America/Los_Angeles
5ccb8ba6f9af8b4d9721df1a,"[{'userID': 1202, 'milesRequested': 40, 'WhPerMile': 375, 'minutesAvailable': 161, 'modifiedAt': 'Wed, 17 Apr 2019 04:07:21 GMT', 'paymentRequired': True, 'requestedDeparture': 'Wed, 17 Apr 2019 06:47:54 GMT', 'kWhRequested': 15.0}]",000001202,2_39_131_30_2019-04-17 04:06:53.543187,2-39-131-30,CA-305,0002,0039,2019-04-16 21:06:54-07:00,2019-04-17 22:35:49-07:00,9.297,2019-04-17 14:19:25-07:00,America/Los_Angeles
5cce2ea4f9af8b558e49f3bd,"[{'userID': 560, 'milesRequested': 80, 'WhPerMile': 273, 'minutesAvailable': 281, 'modifiedAt': 'Wed, 17 Apr 2019 13:42:28 GMT', 'paymentRequired': True, 'requestedDeparture': 'Wed, 17 Apr 2019 18:23:19 GMT', 'kWhRequested': 21.84}]",000000560,2_39_88_24_2019-04-17 13:42:19.437693,2-39-88-24,CA-314,0002,0039,2019-04-17 06:42:19-07:00,2019-04-17 12:09:00-07:00,18.813,2019-04-17 10:57:48-07:00,America/Los_Angeles
5cce2ea4f9af8b558e49f3be,"[{'userID': 850, 'milesRequested': 100, 'WhPerMile': 300, 'minutesAvailable': 60, 'modifiedAt': 'Wed, 17 Apr 2019 13:54:39 GMT', 'paymentRequired': True, 'requestedDeparture': 'Wed, 17 Apr 2019 14:53:53 GMT', 'kWhRequested': 30.0}]",000000850,2_39_90_26_2019-04-17 13:53:53.345013,2-39-90-26,CA-316,0002,0039,2019-04-17 06:53:53-07:00,2019-04-17 16:46:22-07:00,22.672,2019-04-17 10:42:03-07:00,America/Los_Angeles
5cce2ea4f9af8b558e49f3bf,"[{'userID': 569, 'milesRequested': 60, 'WhPerMile': 300, 'minutesAvailable': 529, 'modifiedAt': 'Wed, 17 Apr 2019 14:09:48 GMT', 'paymentRequired': True, 'requestedDeparture': 'Wed, 17 Apr 2019 22:58:26 GMT', 'kWhRequested': 18.0}]",000000569,2_39_78_366_2019-04-17 14:09:25.657318,2-39-78-366,CA-323,0002,0039,2019-04-17 07:09:26-07:00,2019-04-17 17:07:27-07:00,13.088,2019-04-17 16:15:21-07:00,America/Los_Angeles
5cce2ea4f9af8b558e49f3c0,"[{'userID': 828, 'milesRequested': 20, 'WhPerMile': 400, 'minutesAvailable': 403, 'modifiedAt': 'Wed, 17 Apr 2019 14:38:06 GMT', 'paymentRequired': True, 'requestedDeparture': 'Wed, 17 Apr 2019 21:17:38 GMT', 'kWhRequested': 8.0}]",000000828,2_39_79_380_2019-04-17 14:34:37.514095,2-39-79-380,CA-489,0002,0039,2019-04-17 07:34:38-07:00,2019-04-17 16:04:52-07:00,8.18,2019-04-17 14:31:44-07:00,America/Los_Angeles
5cce2ea4f9af8b558e49f3c1,"[{'userID': 1083, 'milesRequested': 20, 'WhPerMile': 400, 'minutesAvailable': 201, 'modifiedAt': 'Wed, 17 Apr 2019 14:53:04 GMT', 'paymentRequired': True, 'requestedDeparture': 'Wed, 17 Apr 2019 18:13:56 GMT', 'kWhRequested': 8.0}]",000001083,2_39_79_379_2019-04-17 14:52:56.386692,2-39-79-379,CA-327,0002,0039,2019-04-17 07:52:56-07:00,2019-04-17 19:07:51-07:00,5.12,2019-04-17 18:00:59-07:00,America/Los_Angeles
5cce2ea4f9af8b558e49f3c2,"[{'userID': 632, 'milesRequested': 40, 'WhPerMile': 400, 'minutesAvailable': 575, 'modifiedAt': 'Wed, 17 Apr 2019 15:05:07 GMT', 'paymentRequired': True, 'requestedDeparture': 'Thu, 18 Apr 2019 00:40:01 GMT', 'kWhRequested': 16.0}]",000000632,2_39_79_382_2019-04-17 15:05:00.537965,2-39-79-382,CA-491,0002,0039,2019-04-17 08:05:01-07:00,2019-04-17 20:20:52-07:00,13.803,2019-04-17 12:14:22-07:00,America/Los_Angeles
5cce2ea4f9af8b558e49f3c3,"[{'userID': 440, 'milesRequested': 20, 'WhPerMile': 500, 'minutesAvailable': 475, 'modifiedAt': 'Wed, 17 Apr 2019 15:08:21 GMT', 'paymentRequired': True, 'requestedDeparture': 'Wed, 17 Apr 2019 23:03:19 GMT', 'kWhRequested': 10.0}]",000000440,2_39_139_28_2019-04-17 15:08:18.590283,2-39-139-28,CA-303,0002,0039,2019-04-17 08:08:19-07:00,2019-04-17 15:45:06-07:00,2.058,2019-04-17 08:54:52-07:00,America/Los_Angeles
5cce2ea4f9af8b558e49f3c4,"[{'userID': 2183, 'milesRequested': 50, 'WhPerMile': 400, 'minutesAvailable': 244, 'modifiedAt': 'Wed, 17 Apr 2019 15:25:10 GMT', 'paymentRequired': True, 'requestedDeparture': 'Wed, 17 Apr 2019 19:27:54 GMT', 'kWhRequested': 20.0}]",000002183,2_39_78_361_2019-04-17 15:23:53.858517,2-39-78-361,CA-493,0002,0039,2019-04-17 08:23:54-07:00,2019-04-17 14:52:07-07:00,14.927,2019-04-17 14:44:22-07:00,America/Los_Angeles
5cce2ea4f9af8b558e49f3c5,,,2_39_79_381_2019-04-17 15:26:09.601573,2-39-79-381,CA-490,0002,0039,2019-04-17 08:26:10-07:00,2019-04-17 17:44:33-07:00,1.068,2019-04-17 16:49:34-07:00,America/Los_Angeles
5cce2ea4f9af8b558e49f3c6,"[{'userID': 1001, 'milesRequested': 20, 'WhPerMile': 600, 'minutesAvailable': 129, 'modifiedAt': 'Wed, 17 Apr 2019 15:30:19 GMT', 'paymentRequired': True, 'requestedDeparture': 'Wed, 17 Apr 2019 17:39:13 GMT', 'kWhRequested': 12.0}]",000001001,2_39_91_437_2019-04-17 15:30:13.286331,2-39-91-437,CA-317,0002,0039,2019-04-17 08:30:13-07:00,2019-04-17 17:14:55-07:00,6.284,2019-04-17 09:32:13-07:00,America/Los_Angeles
5cce2ea4f9af8b558e49f3c7,"[{'userID': 1470, 'milesRequested': 40, 'WhPerMile': 292, 'minutesAvailable': 339, 'modifiedAt': 'Wed, 17 Apr 2019 15:31:19 GMT', 'paymentRequired': True, 'requestedDeparture': 'Wed, 17 Apr 2019 21:09:56 GMT', 'kWhRequested': 11.68}]",000001470,2_39_79_377_2019-04-17 15:30:56.490617,2-39-79-377,CA-325,0002,0039,2019-04-17 08:30:56-07:00,2019-04-17 16:47:08-07:00,9.117,2019-04-17 11:19:47-07:00,America/Los_Angeles
5cce2ea4f9af8b558e49f3c8,"[{'userID': 712, 'milesRequested': 30, 'WhPerMile': 600, 'minutesAvailable': 355, 'modifiedAt': 'Wed, 17 Apr 2019 15:40:14 GMT', 'paymentRequired': True, 'requestedDeparture': 'Wed, 17 Apr 2019 21:35:08 GMT', 'kWhRequested': 18.0}]",000000712,2_39_129_17_2019-04-17 15:40:08.391369,2-39-129-17,CA-307,0002,0039,2019-04-17 08:40:08-07:00,2019-04-17 17:38:19-07:00,6.298,2019-04-17 10:29:49-07:00,America/Los_Angeles
5cce2ea4f9af8b558e49f3c9,"[{'userID': 431, 'milesRequested': 80, 'WhPerMile': 300, 'minutesAvailable': 251, 'modifiedAt': 'Wed, 17 Apr 2019 15:43:19 GMT', 'paymentRequired': True, 'requestedDeparture': 'Wed, 17 Apr 2019 19:53:56 GMT', 'kWhRequested': 24.0}]",000000431,2_39_95_27_2019-04-17 15:42:56.475564,2-39-95-27,CA-319,0002,0039,2019-04-17 08:42:56-07:00,2019-04-17 18:44:02-07:00,19.246,2019-04-17 11:59:34-07:00,America/Los_Angeles
5cce2ea4f9af8b558e49f3ca,"[{'userID': 1222, 'milesRequested': 20, 'WhPerMile': 400, 'minutesAvailable': 72, 'modifiedAt': 'Wed, 17 Apr 2019 15:44:53 GMT', 'paymentRequired': True, 'requestedDeparture': 'Wed, 17 Apr 2019 16:56:36 GMT', 'kWhRequested': 8.0}]",000001222,2_39_89_25_2019-04-17 15:44:36.491655,2-39-89-25,CA-315,0002,0039,2019-04-17 08:44:36-07:00,2019-04-17 12:46:57-07:00,6.233,2019-04-17 10:50:06-07:00,America/Los_Angeles
5cce2ea4f9af8b558e49f3cb,,,2_39_78_363_2019-04-17 15:46:16.462247,2-39-78-363,CA-320,0002,0039,2019-04-17 08:46:16-07:00,2019-04-17 09:18:26-07:00,0.925,2019-04-17 09:16:50-07:00,America/Los_Angeles
5cce2ea4f9af8b558e49f3cc,"[{'userID': 1524, 'milesRequested': 10, 'WhPerMile': 400, 'minutesAvailable': 204, 'modifiedAt': 'Wed, 17 Apr 2019 15:53:18 GMT', 'paymentRequired': True, 'requestedDeparture': 'Wed, 17 Apr 2019 19:12:04 GMT', 'kWhRequested': 4.0}]",000001524,2_39_78_367_2019-04-17 15:48:03.686684,2-39-78-367,CA-494,0002,0039,2019-04-17 08:48:04-07:00,2019-04-17 17:40:58-07:00,3.917,2019-04-17 16:04:07-07:00,America/Los_Angeles
5cce2ea4f9af8b558e49f3cd,"[{'userID': 676, 'milesRequested': 60, 'WhPerMile': 364, 'minutesAvailable': 473, 'modifiedAt': 'Wed, 17 Apr 2019 15:52:07 GMT', 'paymentRequired': True, 'requestedDeparture': 'Wed, 17 Apr 2019 23:44:27 GMT', 'kWhRequested': 21.84}]",000000676,2_39_79_378_2019-04-17 15:51:26.904497,2-39-79-378,CA-326,0002,0039,2019-04-17 08:51:27-07:00,2019-04-17 20:23:35-07:00,12.652,2019-04-17 12:43:01-07:00,America/Los_Angeles
5cce2ea4f9af8b558e49f3ce,"[{'userID': 858, 'milesRequested': 20, 'WhPerMile': 400, 'minutesAvailable': 223, 'modifiedAt': 'Wed, 17 Apr 2019 15:58:45 GMT', 'paymentRequired': True, 'requestedDeparture': 'Wed, 17 Apr 2019 19:41:30 GMT', 'kWhRequested': 8.0}]",000000858,2_39_127_19_2019-04-17 15:58:29.786073,2-39-127-19,CA-309,0002,0039,2019-04-17 08:58:30-07:00,2019-04-17 16:34:46-07:00,4.131,2019-04-17 10:48:34-07:00,America/Los_Angeles
5cce2ea4f9af8b558e49f3cf,"[{'userID': 1095, 'milesRequested': 30, 'WhPerMile': 469, 'minutesAvailable': 432, 'modifiedAt': 'Wed, 17 Apr 2019 16:11:30 GMT', 'paymentRequired': True, 'requestedDeparture': 'Wed, 17 Apr 2019 23:23:25 GMT', 'kWhRequested': 14.07}]",000001095,2_39_92_442_2019-04-17 16:11:25.309228,2-39-92-442,CA-498,0002,0039,2019-04-17 09:11:25-07:00,2019-04-17 16:26:33-07:00,7.964,2019-04-17 11:12:51-07:00,America/Los_Angeles
5cce2ea4f9af8b558e49f3d0,"[{'userID': 714, 'milesRequested': 90, 'WhPerMile': 200, 'minutesAvailable': 364, 'modifiedAt': 'Wed, 17 Apr 2019 16:21:53 GMT', 'paymentRequired': True, 'requestedDeparture': 'Wed, 17 Apr 2019 22:25:44 GMT', 'kWhRequested': 18.0}]",000000714,2_39_78_365_2019-04-17 16:21:43.553849,2-39-78-365,CA-321,0002,0039,2019-04-17 09:21:44-07:00,2019-04-17 18:01:30-07:00,15.244,2019-04-17 12:40:43-07:00,America/Los_Angeles
5cce2ea4f9af8b558e49f3d1,"[{'userID': 68, 'milesRequested': 80, 'WhPerMile': 214, 'minutesAvailable': 358, 'modifiedAt': 'Wed, 17 Apr 2019 16:29:20 GMT', 'paymentRequired': True, 'requestedDeparture': 'Wed, 17 Apr 2019 22:27:20 GMT', 'kWhRequested': 17.12}, {'userID': 68, 'milesRequested': 90, 'WhPerMile': 214, 'minutesAvailable': 358, 'modifiedAt': 'Wed, 17 Apr 2019 16:30:37 GMT', 'paymentRequired': True, 'requestedDeparture': 'Wed, 17 Apr 2019 22:27:20 GMT', 'kWhRequested': 19.26}, {'userID': 68, 'milesRequested': 90, 'WhPerMile': 214, 'minutesAvailable': 358, 'modifiedAt': 'Wed, 17 Apr 2019 16:30:37 GMT', 'paymentRequired': True, 'requestedDeparture': 'Wed, 17 Apr 2019 22:27:20 GMT', 'kWhRequested': 19.26}]",000000068,2_39_89_439_2019-04-17 16:29:19.987020,2-39-89-439,CA-501,0002,0039,2019-04-17 09:29:20-07:00,2019-04-17 15:18:45-07:00,13.194,2019-04-17 11:44:06-07:00,America/Los_Angeles
5cce2ea4f9af8b558e49f3d2,"[{'userID': 1364, 'milesRequested': 60, 'WhPerMile': 400, 'minutesAvailable': 475, 'modifiedAt': 'Wed, 17 Apr 2019 17:32:27 GMT', 'paymentRequired': True, 'requestedDeparture': 'Thu, 18 Apr 2019 00:30:50 GMT', 'kWhRequested': 24.0}]",000001364,2_39_78_363_2019-04-17 16:35:50.123396,2-39-78-363,CA-320,0002,0039,2019-04-17 09:35:50-07:00,2019-04-17 18:19:36-07:00,5.559,2019-04-17 12:02:07-07:00,America/Los_Angeles
5cce2ea4f9af8b558e49f3d3,"[{'userID': 324, 'milesRequested': 20, 'WhPerMile': 600, 'minutesAvailable': 143, 'modifiedAt': 'Wed, 17 Apr 2019 16:41:39 GMT', 'paymentRequired': True, 'requestedDeparture': 'Wed, 17 Apr 2019 19:04:25 GMT', 'kWhRequested': 12.0}]",000000324,2_39_92_436_2019-04-17 16:41:24.833389,2-39-92-436,CA-318,0002,0039,2019-04-17 09:41:25-07:00,2019-04-17 19:53:31-07:00,1.393,2019-04-17 10:28:33-07:00,America/Los_Angeles
5cce2ea4f9af8b558e49f3d4,"[{'userID': 567, 'milesRequested': 20, 'WhPerMile': 333, 'minutesAvailable': 425, 'modifiedAt': 'Wed, 17 Apr 2019 17:01:28 GMT', 'paymentRequired': True, 'requestedDeparture': 'Thu, 18 Apr 2019 00:06:15 GMT', 'kWhRequested': 6.66}]",000000567,2_39_78_364_2019-04-17 17:01:15.149238,2-39-78-364,CA-495,0002,0039,2019-04-17 10:01:15-07:00,2019-04-17 19:42:06-07:00,4.014,2019-04-17 12:10:18-07:00,America/Los_Angeles
5cce2ea4f9af8b558e49f3d5,"[{'userID': 558, 'milesRequested': 70, 'WhPerMile': 200, 'minutesAvailable': 539, 'modifiedAt': 'Wed, 17 Apr 2019 17:02:46 GMT', 'paymentRequired': True, 'requestedDeparture': 'Thu, 18 Apr 2019 02:01:44 GMT', 'kWhRequested': 14.0}]",000000558,2_39_88_438_2019-04-17 17:02:43.920111,2-39-88-438,CA-502,0002,0039,2019-04-17 10:02:44-07:00,2019-04-17 19:13:46-07:00,11.388,2019-04-17 12:00:17-07:00,America/Los_Angeles
5cce2ea4f9af8b558e49f3d6,"[{'userID': 1864, 'milesRequested': 30, 'WhPerMile': 400, 'minutesAvailable': 349, 'modifiedAt': 'Wed, 17 Apr 2019 17:15:02 GMT', 'paymentRequired': True, 'requestedDeparture': 'Wed, 17 Apr 2019 22:53:00 GMT', 'kWhRequested': 12.0}]",000001864,2_39_78_360_2019-04-17 17:04:00.078760,2-39-78-360,CA-322,0002,0039,2019-04-17 10:04:00-07:00,2019-04-17 18:40:58-07:00,4.301,2019-04-17 12:05:23-07:00,America/Los_Angeles
5cce2ea4f9af8b558e49f3d7,,,2_39_95_444_2019-04-17 17:14:54.160243,2-39-95-444,CA-497,0002,0039,2019-04-17 10:14:54-07:00,2019-04-17 17:57:05-07:00,0.808,2019-04-17 13:37:31-07:00,America/Los_Angeles
5cce2ea4f9af8b558e49f3d8,,,2_39_91_441_2019-04-17 17:29:17.111579,2-39-91-441,CA-499,0002,0039,2019-04-17 10:29:17-07:00,2019-04-17 16:27:46-07:00,0.935,2019-04-17 13:48:38-07:00,America/Los_Angeles
5cce2ea4f9af8b558e49f3d9,"[{'userID': 891, 'milesRequested': 20, 'WhPerMile': 300, 'minutesAvailable': 310, 'modifiedAt': 'Wed, 17 Apr 2019 17:30:35 GMT', 'paymentRequired': True, 'requestedDeparture': 'Wed, 17 Apr 2019 22:40:33 GMT', 'kWhRequested': 6.0}]",000000891,2_39_90_440_2019-04-17 17:30:32.915267,2-39-90-440,CA-500,0002,0039,2019-04-17 10:30:33-07:00,2019-04-17 17:52:54-07:00,3.239,2019-04-17 11:47:47-07:00,America/Los_Angeles
5cce2ea4f9af8b558e49f3da,"[{'userID': 1208, 'milesRequested': 130, 'WhPerMile': 400, 'minutesAvailable': 350, 'modifiedAt': 'Wed, 17 Apr 2019 19:18:43 GMT', 'paymentRequired': True, 'requestedDeparture': 'Thu, 18 Apr 2019 01:07:32 GMT', 'kWhRequested': 52.0}]",000001208,2_39_79_376_2019-04-17 19:17:32.162686,2-39-79-376,CA-324,0002,0039,2019-04-17 12:17:32-07:00,2019-04-17 17:37:00-07:00,26.313,2019-04-17 17:36:56-07:00,America/Los_Angeles
5cce2ea4f9af8b558e49f3db,"[{'userID': 311, 'milesRequested': 110, 'WhPerMile': 400, 'minutesAvailable': 41, 'modifiedAt': 'Wed, 17 Apr 2019 19:59:27 GMT', 'paymentRequired': True, 'requestedDeparture': 'Wed, 17 Apr 2019 20:36:41 GMT', 'kWhRequested': 44.0}]",000000311,2_39_89_25_2019-04-17 19:55:41.394041,2-39-89-25,CA-315,0002,0039,2019-04-17 12:55:41-07:00,2019-04-17 13:44:29-07:00,5.161,2019-04-17 13:44:25-07:00,America/Los_Angeles
5cce2ea4f9af8b558e49f3dc,"[{'userID': 1093, 'milesRequested': 30, 'WhPerMile': 333, 'minutesAvailable': 272, 'modifiedAt': 'Wed, 17 Apr 2019 19:59:57 GMT', 'paymentRequired': True, 'requestedDeparture': 'Thu, 18 Apr 2019 00:31:35 GMT', 'kWhRequested': 9.99}, {'userID': 1093, 'milesRequested': 30, 'WhPerMile': 333, 'minutesAvailable': 272, 'modifiedAt': 'Wed, 17 Apr 2019 20:00:21 GMT', 'paymentRequired': True, 'requestedDeparture': 'Thu, 18 Apr 2019 00:31:35 GMT', 'kWhRequested': 9.99}]",000001093,2_39_139_567_2019-04-17 19:59:35.142904,2-39-139-567,CA-513,0002,0039,2019-04-17 12:59:35-07:00,2019-04-17 13:37:45-07:00,2.089,2019-04-17 13:37:36-07:00,America/Los_Angeles
5cce2ea4f9af8b558e49f3dd,"[{'userID': 1124, 'milesRequested': 20, 'WhPerMile': 450, 'minutesAvailable': 60, 'modifiedAt': 'Wed, 17 Apr 2019 20:00:47 GMT', 'paymentRequired': True, 'requestedDeparture': 'Wed, 17 Apr 2019 21:00:11 GMT', 'kWhRequested': 9.0}]",000001124,2_39_78_362_2019-04-17 20:00:11.040191,2-39-78-362,CA-496,0002,0039,2019-04-17 13:00:11-07:00,2019-04-17 19:18:09-07:00,6.965,2019-04-17 19:19:06-07:00,America/Los_Angeles
5cce2ea4f9af8b558e49f3de,"[{'userID': 560, 'milesRequested': 20, 'WhPerMile': 273, 'minutesAvailable': 74, 'modifiedAt': 'Wed, 17 Apr 2019 20:09:58 GMT', 'paymentRequired': True, 'requestedDeparture': 'Wed, 17 Apr 2019 21:23:42 GMT', 'kWhRequested': 5.46}]",000000560,2_39_88_24_2019-04-17 20:09:41.637355,2-39-88-24,CA-314,0002,0039,2019-04-17 13:09:42-07:00,2019-04-17 16:08:17-07:00,3.16,2019-04-17 14:25:05-07:00,America/Los_Angeles
5cce2ea4f9af8b558e49f3df,"[{'userID': 1093, 'milesRequested': 30, 'WhPerMile': 333, 'minutesAvailable': 272, 'modifiedAt': 'Wed, 17 Apr 2019 20:58:39 GMT', 'paymentRequired': True, 'requestedDeparture': 'Thu, 18 Apr 2019 01:30:21 GMT', 'kWhRequested': 9.99}]",000001093,2_39_89_25_2019-04-17 20:58:20.867776,2-39-89-25,CA-315,0002,0039,2019-04-17 13:58:21-07:00,2019-04-17 17:50:11-07:00,4.408,2019-04-17 15:26:26-07:00,America/Los_Angeles
5cce2ea4f9af8b558e49f3e0,"[{'userID': 668, 'milesRequested': 40, 'WhPerMile': 400, 'minutesAvailable': 199, 'modifiedAt': 'Wed, 17 Apr 2019 21:38:22 GMT', 'paymentRequired': True, 'requestedDeparture': 'Thu, 18 Apr 2019 00:52:58 GMT', 'kWhRequested': 16.0}, {'userID': 668, 'milesRequested': 40, 'WhPerMile': 400, 'minutesAvailable': 199, 'modifiedAt': 'Wed, 17 Apr 2019 23:09:07 GMT', 'paymentRequired': True, 'requestedDeparture': 'Thu, 18 Apr 2019 00:52:58 GMT', 'kWhRequested': 16.0}]",000000668,2_39_139_567_2019-04-17 21:33:57.856025,2-39-139-567,CA-513,0002,0039,2019-04-17 14:33:58-07:00,2019-04-17 16:56:33-07:00,14.393,2019-04-17 16:47:29-07:00,America/Los_Angeles
5cce2ea4f9af8b558e49f3e1,,,2_39_139_28_2019-04-17 22:59:09.515797,2-39-139-28,CA-303,0002,0039,2019-04-17 15:59:10-07:00,2019-04-17 17:59:21-07:00,0.9,2019-04-17 16:30:36-07:00,America/Los_Angeles
5cce2ea4f9af8b558e49f3e2,"[{'userID': 774, 'milesRequested': 20, 'WhPerMile': 400, 'minutesAvailable': 60, 'modifiedAt': 'Wed, 17 Apr 2019 23:33:27 GMT', 'paymentRequired': True, 'requestedDeparture': 'Thu, 18 Apr 2019 00:33:14 GMT', 'kWhRequested': 8.0}]",000000774,2_39_88_24_2019-04-17 23:33:14.019053,2-39-88-24,CA-314,0002,0039,2019-04-17 16:33:14-07:00,2019-04-17 17:58:13-07:00,4.947,2019-04-17 17:58:09-07:00,America/Los_Angeles
5cce2ea4f9af8b558e49f3e3,"[{'userID': 1164, 'milesRequested': 20, 'WhPerMile': 525, 'minutesAvailable': 226, 'modifiedAt': 'Thu, 18 Apr 2019 01:20:02 GMT', 'paymentRequired': True, 'requestedDeparture': 'Thu, 18 Apr 2019 05:05:46 GMT', 'kWhRequested': 10.5}]",000001164,2_39_129_17_2019-04-18 01:19:45.560320,2-39-129-17,CA-307,0002,0039,2019-04-17 18:19:46-07:00,2019-04-17 19:16:38-07:00,3.139,2019-04-17 19:16:33-07:00,America/Los_Angeles
5cce2ea4f9af8b558e49f3e4,"[{'userID': 1564, 'milesRequested': 20, 'WhPerMile': 300, 'minutesAvailable': 165, 'modifiedAt': 'Thu, 18 Apr 2019 01:33:18 GMT', 'paymentRequired': True, 'requestedDeparture': 'Thu, 18 Apr 2019 04:18:14 GMT', 'kWhRequested': 6.0}]",000001564,2_39_139_28_2019-04-18 01:33:13.972586,2-39-139-28,CA-303,0002,0039,2019-04-17 18:33:14-07:00,2019-04-17 20:52:32-07:00,5.887,2019-04-17 19:34:58-07:00,America/Los_Angeles
5cce2ea4f9af8b558e49f3e5,"[{'userID': 2069, 'milesRequested': 40, 'WhPerMile': 400, 'minutesAvailable': 99, 'modifiedAt': 'Thu, 18 Apr 2019 01:57:59 GMT', 'paymentRequired': True, 'requestedDeparture': 'Thu, 18 Apr 2019 03:34:47 GMT', 'kWhRequested': 16.0}]",000002069,2_39_127_19_2019-04-18 01:55:46.739007,2-39-127-19,CA-309,0002,0039,2019-04-17 18:55:47-07:00,2019-04-17 20:32:59-07:00,3.939,2019-04-17 19:37:32-07:00,America/Los_Angeles
5cce2ea4f9af8b558e49f3e6,"[{'userID': 838, 'milesRequested': 80, 'WhPerMile': 433, 'minutesAvailable': 307, 'modifiedAt': 'Thu, 18 Apr 2019 02:16:44 GMT', 'paymentRequired': True, 'requestedDeparture': 'Thu, 18 Apr 2019 07:22:11 GMT', 'kWhRequested': 34.64}, {'userID': 838, 'milesRequested': 80, 'WhPerMile': 433, 'minutesAvailable': 307, 'modifiedAt': 'Thu, 18 Apr 2019 02:16:50 GMT', 'paymentRequired': True, 'requestedDeparture': 'Thu, 18 Apr 2019 07:22:11 GMT', 'kWhRequested': 34.64}]",000000838,2_39_138_29_2019-04-18 02:15:11.203670,2-39-138-29,CA-304,0002,0039,2019-04-17 19:15:11-07:00,2019-04-17 20:18:22-07:00,3.686,2019-04-17 20:18:18-07:00,America/Los_Angeles
5cce2ea4f9af8b558e49f3e7,"[{'userID': 1099, 'milesRequested': 60, 'WhPerMile': 438, 'minutesAvailable': 100, 'modifiedAt': 'Thu, 18 Apr 2019 02:53:05 GMT', 'paymentRequired': True, 'requestedDeparture': 'Thu, 18 Apr 2019 04:30:39 GMT', 'kWhRequested': 26.28}, {'userID': 1099, 'milesRequested': 60, 'WhPerMile': 438, 'minutesAvailable': 111, 'modifiedAt': 'Thu, 18 Apr 2019 02:53:39 GMT', 'paymentRequired': True, 'requestedDeparture': 'Thu, 18 Apr 2019 04:41:39 GMT', 'kWhRequested': 26.28}]",000001099,2_39_128_18_2019-04-18 02:50:38.790340,2-39-128-18,CA-308,0002,0039,2019-04-17 19:50:39-07:00,2019-04-17 22:29:59-07:00,8.002,2019-04-17 21:11:29-07:00,America/Los_Angeles
5cce2ea4f9af8b558e49f3e8,"[{'userID': 565, 'milesRequested': 60, 'WhPerMile': 333, 'minutesAvailable': 653, 'modifiedAt': 'Thu, 18 Apr 2019 04:15:19 GMT', 'paymentRequired': True, 'requestedDeparture': 'Thu, 18 Apr 2019 15:07:16 GMT', 'kWhRequested': 19.98}]",000000565,2_39_79_382_2019-04-18 04:14:15.576473,2-39-79-382,CA-491,0002,0039,2019-04-17 21:14:16-07:00,2019-04-17 23:26:05-07:00,10.154,2019-04-17 22:54:48-07:00,America/Los_Angeles
5cce2ea4f9af8b558e49f3e9,"[{'userID': 516, 'milesRequested': 200, 'WhPerMile': 240, 'minutesAvailable': 141, 'modifiedAt': 'Thu, 18 Apr 2019 06:24:26 GMT', 'paymentRequired': True, 'requestedDeparture': 'Thu, 18 Apr 2019 08:44:12 GMT', 'kWhRequested': 48.0}]",000000516,2_39_79_379_2019-04-18 06:23:12.018873,2-39-79-379,CA-327,0002,0039,2019-04-17 23:23:12-07:00,2019-04-17 23:55:39-07:00,3.632,2019-04-17 23:55:34-07:00,America/Los_Angeles
5cce2eccf9af8b558e49f3ea,"[{'userID': 560, 'milesRequested': 70, 'WhPerMile': 273, 'minutesAvailable': 281, 'modifiedAt': 'Thu, 18 Apr 2019 13:34:50 GMT', 'paymentRequired': True, 'requestedDeparture': 'Thu, 18 Apr 2019 18:15:42 GMT', 'kWhRequested': 19.11}]",000000560,2_39_88_24_2019-04-18 13:34:42.195295,2-39-88-24,CA-314,0002,0039,2019-04-18 06:34:42-07:00,2019-04-18 12:26:13-07:00,18.974,2019-04-18 10:05:36-07:00,America/Los_Angeles
5cce2eccf9af8b558e49f3eb,"[{'userID': 569, 'milesRequested': 50, 'WhPerMile': 300, 'minutesAvailable': 529, 'modifiedAt': 'Thu, 18 Apr 2019 14:13:44 GMT', 'paymentRequired': True, 'requestedDeparture': 'Thu, 18 Apr 2019 23:02:33 GMT', 'kWhRequested': 15.0}]",000000569,2_39_78_366_2019-04-18 14:13:33.154989,2-39-78-366,CA-323,0002,0039,2019-04-18 07:13:33-07:00,2019-04-18 17:23:23-07:00,8.737,2019-04-18 11:36:23-07:00,America/Los_Angeles
5cce2eccf9af8b558e49f3ec,"[{'userID': 1524, 'milesRequested': 40, 'WhPerMile': 400, 'minutesAvailable': 204, 'modifiedAt': 'Thu, 18 Apr 2019 14:59:09 GMT', 'paymentRequired': True, 'requestedDeparture': 'Thu, 18 Apr 2019 18:16:59 GMT', 'kWhRequested': 16.0}]",000001524,2_39_78_367_2019-04-18 14:52:58.955928,2-39-78-367,CA-494,0002,0039,2019-04-18 07:52:59-07:00,2019-04-18 19:44:28-07:00,11.062,2019-04-18 14:11:52-07:00,America/Los_Angeles
5cce2eccf9af8b558e49f3ed,"[{'userID': 858, 'milesRequested': 20, 'WhPerMile': 400, 'minutesAvailable': 223, 'modifiedAt': 'Thu, 18 Apr 2019 15:01:54 GMT', 'paymentRequired': True, 'requestedDeparture': 'Thu, 18 Apr 2019 18:44:42 GMT', 'kWhRequested': 8.0}]",000000858,2_39_127_19_2019-04-18 15:01:41.620155,2-39-127-19,CA-309,0002,0039,2019-04-18 08:01:42-07:00,2019-04-18 16:43:47-07:00,6.675,2019-04-18 10:05:53-07:00,America/Los_Angeles
5cce2eccf9af8b558e49f3ee,,,2_39_79_380_2019-04-18 15:22:49.275136,2-39-79-380,CA-489,0002,0039,2019-04-18 08:22:49-07:00,2019-04-18 18:35:20-07:00,1.697,2019-04-18 17:47:23-07:00,America/Los_Angeles
5cce2eccf9af8b558e49f3ef,"[{'userID': 743, 'milesRequested': 20, 'WhPerMile': 400, 'minutesAvailable': 472, 'modifiedAt': 'Thu, 18 Apr 2019 15:29:41 GMT', 'paymentRequired': True, 'requestedDeparture': 'Thu, 18 Apr 2019 23:20:50 GMT', 'kWhRequested': 8.0}]",000000743,2_39_89_25_2019-04-18 15:28:49.951242,2-39-89-25,CA-315,0002,0039,2019-04-18 08:28:50-07:00,2019-04-18 17:52:21-07:00,1.184,2019-04-18 08:59:41-07:00,America/Los_Angeles
5cce2eccf9af8b558e49f3f0,"[{'userID': 1470, 'milesRequested': 40, 'WhPerMile': 292, 'minutesAvailable': 61, 'modifiedAt': 'Thu, 18 Apr 2019 15:32:30 GMT', 'paymentRequired': True, 'requestedDeparture': 'Thu, 18 Apr 2019 16:32:38 GMT', 'kWhRequested': 11.68}]",000001470,2_39_79_377_2019-04-18 15:31:38.064408,2-39-79-377,CA-325,0002,0039,2019-04-18 08:31:38-07:00,2019-04-18 15:14:42-07:00,9.712,2019-04-18 10:02:27-07:00,America/Los_Angeles
5cce2eccf9af8b558e49f3f1,"[{'userID': 562, 'milesRequested': 20, 'WhPerMile': 300, 'minutesAvailable': 211, 'modifiedAt': 'Thu, 18 Apr 2019 15:45:38 GMT', 'paymentRequired': True, 'requestedDeparture': 'Thu, 18 Apr 2019 19:15:33 GMT', 'kWhRequested': 6.0}]",000000562,2_39_139_28_2019-04-18 15:44:33.137599,2-39-139-28,CA-303,0002,0039,2019-04-18 08:44:33-07:00,2019-04-18 19:09:52-07:00,4.433,2019-04-18 10:08:13-07:00,America/Los_Angeles
5cce2eccf9af8b558e49f3f2,"[{'userID': 712, 'milesRequested': 30, 'WhPerMile': 600, 'minutesAvailable': 355, 'modifiedAt': 'Thu, 18 Apr 2019 15:45:08 GMT', 'paymentRequired': True, 'requestedDeparture': 'Thu, 18 Apr 2019 21:40:03 GMT', 'kWhRequested': 18.0}]",000000712,2_39_131_30_2019-04-18 15:45:03.448671,2-39-131-30,CA-305,0002,0039,2019-04-18 08:45:03-07:00,2019-04-18 20:02:08-07:00,4.574,2019-04-18 10:05:46-07:00,America/Los_Angeles
5cce2eccf9af8b558e49f3f3,"[{'userID': 567, 'milesRequested': 20, 'WhPerMile': 333, 'minutesAvailable': 425, 'modifiedAt': 'Thu, 18 Apr 2019 16:02:11 GMT', 'paymentRequired': True, 'requestedDeparture': 'Thu, 18 Apr 2019 23:07:04 GMT', 'kWhRequested': 6.66}]",000000567,2_39_129_17_2019-04-18 16:02:04.486254,2-39-129-17,CA-307,0002,0039,2019-04-18 09:02:04-07:00,2019-04-18 20:05:38-07:00,6.136,2019-04-18 10:49:55-07:00,America/Los_Angeles
5cce2eccf9af8b558e49f3f4,"[{'userID': 714, 'milesRequested': 90, 'WhPerMile': 200, 'minutesAvailable': 364, 'modifiedAt': 'Thu, 18 Apr 2019 16:03:36 GMT', 'paymentRequired': True, 'requestedDeparture': 'Thu, 18 Apr 2019 22:07:09 GMT', 'kWhRequested': 18.0}]",000000714,2_39_78_361_2019-04-18 16:03:09.113014,2-39-78-361,CA-493,0002,0039,2019-04-18 09:03:09-07:00,2019-04-18 18:36:31-07:00,12.049,2019-04-18 11:05:50-07:00,America/Los_Angeles
5cce2eccf9af8b558e49f3f5,"[{'userID': 1001, 'milesRequested': 20, 'WhPerMile': 600, 'minutesAvailable': 129, 'modifiedAt': 'Thu, 18 Apr 2019 16:17:43 GMT', 'paymentRequired': True, 'requestedDeparture': 'Thu, 18 Apr 2019 18:26:40 GMT', 'kWhRequested': 12.0}]",000001001,2_39_90_26_2019-04-18 16:17:39.555171,2-39-90-26,CA-316,0002,0039,2019-04-18 09:17:40-07:00,2019-04-18 16:41:47-07:00,8.164,2019-04-18 10:35:33-07:00,America/Los_Angeles
5cce2eccf9af8b558e49f3f6,"[{'userID': 1126, 'milesRequested': 80, 'WhPerMile': 250, 'minutesAvailable': 418, 'modifiedAt': 'Thu, 18 Apr 2019 16:18:42 GMT', 'paymentRequired': True, 'requestedDeparture': 'Thu, 18 Apr 2019 23:15:53 GMT', 'kWhRequested': 20.0}]",000001126,2_39_79_381_2019-04-18 16:17:53.492189,2-39-79-381,CA-490,0002,0039,2019-04-18 09:17:53-07:00,2019-04-18 15:46:15-07:00,1.82,2019-04-18 09:47:30-07:00,America/Los_Angeles
5cce2eccf9af8b558e49f3f7,"[{'userID': 1137, 'milesRequested': 40, 'WhPerMile': 400, 'minutesAvailable': 250, 'modifiedAt': 'Thu, 18 Apr 2019 16:18:28 GMT', 'paymentRequired': True, 'requestedDeparture': 'Thu, 18 Apr 2019 20:28:09 GMT', 'kWhRequested': 16.0}]",000001137,2_39_79_376_2019-04-18 16:18:09.454721,2-39-79-376,CA-324,0002,0039,2019-04-18 09:18:09-07:00,2019-04-18 17:39:57-07:00,12.415,2019-04-18 12:14:45-07:00,America/Los_Angeles
5cce2eccf9af8b558e49f3f8,"[{'userID': 620, 'milesRequested': 30, 'WhPerMile': 500, 'minutesAvailable': 432, 'modifiedAt': 'Thu, 18 Apr 2019 16:32:23 GMT', 'paymentRequired': True, 'requestedDeparture': 'Thu, 18 Apr 2019 23:44:04 GMT', 'kWhRequested': 15.0}, {'userID': 620, 'milesRequested': 30, 'WhPerMile': 500, 'minutesAvailable': 432, 'modifiedAt': 'Fri, 19 Apr 2019 00:06:25 GMT', 'paymentRequired': True, 'requestedDeparture': 'Thu, 18 Apr 2019 23:44:04 GMT', 'kWhRequested': 15.0}, {'userID': 620, 'milesRequested': 30, 'WhPerMile': 500, 'minutesAvailable': 432, 'modifiedAt': 'Fri, 19 Apr 2019 00:06:57 GMT', 'paymentRequired': True, 'requestedDeparture': 'Thu, 18 Apr 2019 23:44:04 GMT', 'kWhRequested': 15.0}]",000000620,2_39_95_27_2019-04-18 16:32:04.077679,2-39-95-27,CA-319,0002,0039,2019-04-18 09:32:04-07:00,2019-04-18 17:06:37-07:00,7.063,2019-04-18 11:38:25-07:00,America/Los_Angeles
5cce2eccf9af8b558e49f3f9,"[{'userID': 1095, 'milesRequested': 20, 'WhPerMile': 469, 'minutesAvailable': 432, 'modifiedAt': 'Thu, 18 Apr 2019 16:58:24 GMT', 'paymentRequired': True, 'requestedDeparture': 'Fri, 19 Apr 2019 00:08:47 GMT', 'kWhRequested': 9.38}]",000001095,2_39_79_382_2019-04-18 16:56:46.931682,2-39-79-382,CA-491,0002,0039,2019-04-18 09:56:47-07:00,2019-04-18 18:09:57-07:00,6.776,2019-04-18 11:12:30-07:00,America/Los_Angeles
5cce2eccf9af8b558e49f3fa,"[{'userID': 697, 'milesRequested': 60, 'WhPerMile': 300, 'minutesAvailable': 366, 'modifiedAt': 'Thu, 18 Apr 2019 16:59:42 GMT', 'paymentRequired': True, 'requestedDeparture': 'Thu, 18 Apr 2019 23:04:52 GMT', 'kWhRequested': 18.0}, {'userID': 697, 'milesRequested': 20, 'WhPerMile': 300, 'minutesAvailable': 366, 'modifiedAt': 'Thu, 18 Apr 2019 17:00:05 GMT', 'paymentRequired': True, 'requestedDeparture': 'Thu, 18 Apr 2019 23:04:52 GMT', 'kWhRequested': 6.0}]",000000697,2_39_79_383_2019-04-18 16:58:52.078751,2-39-79-383,CA-492,0002,0039,2019-04-18 09:58:52-07:00,2019-04-18 17:58:23-07:00,4.028,2019-04-18 11:09:47-07:00,America/Los_Angeles
5cce2eccf9af8b558e49f3fb,"[{'userID': 558, 'milesRequested': 70, 'WhPerMile': 200, 'minutesAvailable': 539, 'modifiedAt': 'Thu, 18 Apr 2019 17:00:31 GMT', 'paymentRequired': True, 'requestedDeparture': 'Fri, 19 Apr 2019 01:59:28 GMT', 'kWhRequested': 14.0}]",000000558,2_39_95_444_2019-04-18 17:00:27.859326,2-39-95-444,CA-497,0002,0039,2019-04-18 10:00:28-07:00,2019-04-18 19:06:35-07:00,11.82,2019-04-18 11:50:59-07:00,America/Los_Angeles
5cce2eccf9af8b558e49f3fc,"[{'userID': 668, 'milesRequested': 20, 'WhPerMile': 400, 'minutesAvailable': 199, 'modifiedAt': 'Thu, 18 Apr 2019 17:03:59 GMT', 'paymentRequired': True, 'requestedDeparture': 'Thu, 18 Apr 2019 20:22:45 GMT', 'kWhRequested': 8.0}]",000000668,2_39_91_437_2019-04-18 17:03:45.318336,2-39-91-437,CA-317,0002,0039,2019-04-18 10:03:45-07:00,2019-04-18 11:24:36-07:00,7.881,2019-04-18 11:22:29-07:00,America/Los_Angeles
5cce2eccf9af8b558e49f3fd,"[{'userID': 1912, 'milesRequested': 40, 'WhPerMile': 400, 'minutesAvailable': 190, 'modifiedAt': 'Thu, 18 Apr 2019 17:15:56 GMT', 'paymentRequired': True, 'requestedDeparture': 'Thu, 18 Apr 2019 20:25:41 GMT', 'kWhRequested': 16.0}]",000001912,2_39_78_363_2019-04-18 17:15:41.014426,2-39-78-363,CA-320,0002,0039,2019-04-18 10:15:41-07:00,2019-04-18 13:53:00-07:00,14.318,2019-04-18 12:30:25-07:00,America/Los_Angeles
5cce2eccf9af8b558e49f3fe,"[{'userID': 891, 'milesRequested': 20, 'WhPerMile': 300, 'minutesAvailable': 310, 'modifiedAt': 'Thu, 18 Apr 2019 17:26:11 GMT', 'paymentRequired': True, 'requestedDeparture': 'Thu, 18 Apr 2019 22:36:06 GMT', 'kWhRequested': 6.0}]",000000891,2_39_125_21_2019-04-18 17:26:06.052456,2-39-125-21,CA-311,0002,0039,2019-04-18 10:26:06-07:00,2019-04-18 18:09:59-07:00,1.963,2019-04-18 11:11:29-07:00,America/Los_Angeles
5cce2eccf9af8b558e49f3ff,"[{'userID': 850, 'milesRequested': 100, 'WhPerMile': 300, 'minutesAvailable': 60, 'modifiedAt': 'Thu, 18 Apr 2019 17:33:37 GMT', 'paymentRequired': True, 'requestedDeparture': 'Thu, 18 Apr 2019 18:30:37 GMT', 'kWhRequested': 30.0}]",000000850,2_39_91_441_2019-04-18 17:30:36.524875,2-39-91-441,CA-499,0002,0039,2019-04-18 10:30:37-07:00,2019-04-19 05:23:18-07:00,8.705,2019-04-18 11:58:25-07:00,America/Los_Angeles
5cce2eccf9af8b558e49f400,,,2_39_90_440_2019-04-18 17:39:01.662235,2-39-90-440,CA-500,0002,0039,2019-04-18 10:39:02-07:00,2019-04-18 11:57:07-07:00,0.877,2019-04-18 11:09:57-07:00,America/Los_Angeles
5cce2eccf9af8b558e49f401,"[{'userID': 1082, 'milesRequested': 40, 'WhPerMile': 400, 'minutesAvailable': 291, 'modifiedAt': 'Thu, 18 Apr 2019 17:59:16 GMT', 'paymentRequired': True, 'requestedDeparture': 'Thu, 18 Apr 2019 22:49:46 GMT', 'kWhRequested': 16.0}]",000001082,2_39_92_436_2019-04-18 17:58:45.907662,2-39-92-436,CA-318,0002,0039,2019-04-18 10:58:46-07:00,2019-04-18 23:29:28-07:00,2.232,2019-04-18 12:04:58-07:00,America/Los_Angeles
5cce2eccf9af8b558e49f402,"[{'userID': 1953, 'milesRequested': 20, 'WhPerMile': 400, 'minutesAvailable': 280, 'modifiedAt': 'Thu, 18 Apr 2019 18:33:49 GMT', 'paymentRequired': True, 'requestedDeparture': 'Thu, 18 Apr 2019 23:13:12 GMT', 'kWhRequested': 8.0}]",000001953,2_39_91_437_2019-04-18 18:33:11.945993,2-39-91-437,CA-317,0002,0039,2019-04-18 11:33:12-07:00,2019-04-18 16:29:13-07:00,3.857,2019-04-18 12:16:09-07:00,America/Los_Angeles
5cce2eccf9af8b558e49f403,"[{'userID': 1039, 'milesRequested': 240, 'WhPerMile': 271, 'minutesAvailable': 201, 'modifiedAt': 'Thu, 18 Apr 2019 19:26:20 GMT', 'paymentRequired': True, 'requestedDeparture': 'Thu, 18 Apr 2019 22:42:58 GMT', 'kWhRequested': 65.04}]",000001039,2_39_124_22_2019-04-18 19:21:57.677145,2-39-124-22,CA-312,0002,0039,2019-04-18 12:21:58-07:00,2019-04-18 14:05:44-07:00,11.631,2019-04-18 14:05:39-07:00,America/Los_Angeles
5cce2eccf9af8b558e49f404,,,2_39_78_364_2019-04-18 19:24:36.904105,2-39-78-364,CA-495,0002,0039,2019-04-18 12:24:37-07:00,2019-04-18 17:16:45-07:00,0.775,2019-04-18 12:54:50-07:00,America/Los_Angeles
5cce2eccf9af8b558e49f405,"[{'userID': 1124, 'milesRequested': 20, 'WhPerMile': 450, 'minutesAvailable': 60, 'modifiedAt': 'Thu, 18 Apr 2019 19:45:49 GMT', 'paymentRequired': True, 'requestedDeparture': 'Thu, 18 Apr 2019 20:45:29 GMT', 'kWhRequested': 9.0}]",000001124,2_39_78_365_2019-04-18 19:45:29.351673,2-39-78-365,CA-321,0002,0039,2019-04-18 12:45:29-07:00,2019-04-18 16:39:02-07:00,6.677,2019-04-18 14:49:00-07:00,America/Los_Angeles
5cce2eccf9af8b558e49f406,"[{'userID': 560, 'milesRequested': 20, 'WhPerMile': 273, 'minutesAvailable': 281, 'modifiedAt': 'Thu, 18 Apr 2019 19:52:08 GMT', 'paymentRequired': True, 'requestedDeparture': 'Fri, 19 Apr 2019 00:32:58 GMT', 'kWhRequested': 5.46}]",000000560,2_39_88_24_2019-04-18 19:51:57.772604,2-39-88-24,CA-314,0002,0039,2019-04-18 12:51:58-07:00,2019-04-18 16:01:11-07:00,1.953,2019-04-18 13:47:54-07:00,America/Los_Angeles
5cce2eccf9af8b558e49f407,"[{'userID': 1208, 'milesRequested': 130, 'WhPerMile': 400, 'minutesAvailable': 350, 'modifiedAt': 'Thu, 18 Apr 2019 20:08:21 GMT', 'paymentRequired': True, 'requestedDeparture': 'Fri, 19 Apr 2019 01:56:35 GMT', 'kWhRequested': 52.0}]",000001208,2_39_78_360_2019-04-18 20:06:35.418810,2-39-78-360,CA-322,0002,0039,2019-04-18 13:06:35-07:00,2019-04-18 16:47:59-07:00,24.38,2019-04-18 16:47:45-07:00,America/Los_Angeles
5cce2eccf9af8b558e49f408,,,2_39_79_378_2019-04-18 20:08:57.167429,2-39-79-378,CA-326,0002,0039,2019-04-18 13:08:57-07:00,2019-04-18 19:53:28-07:00,2.645,2019-04-18 19:53:23-07:00,America/Los_Angeles
5cce2eccf9af8b558e49f409,,,2_39_123_23_2019-04-18 20:54:55.736636,2-39-123-23,CA-313,0002,0039,2019-04-18 13:54:56-07:00,2019-04-18 14:35:39-07:00,0.928,2019-04-18 14:25:04-07:00,America/Los_Angeles
5cce2eccf9af8b558e49f40a,"[{'userID': 311, 'milesRequested': 110, 'WhPerMile': 400, 'minutesAvailable': 30, 'modifiedAt': 'Thu, 18 Apr 2019 21:06:35 GMT', 'paymentRequired': True, 'requestedDeparture': 'Thu, 18 Apr 2019 21:33:49 GMT', 'kWhRequested': 44.0}]",000000311,2_39_89_439_2019-04-18 21:03:49.408843,2-39-89-439,CA-501,0002,0039,2019-04-18 14:03:49-07:00,2019-04-18 14:34:10-07:00,3.14,2019-04-18 14:34:05-07:00,America/Los_Angeles
5cce2eccf9af8b558e49f40b,"[{'userID': 1093, 'milesRequested': 30, 'WhPerMile': 333, 'minutesAvailable': 272, 'modifiedAt': 'Thu, 18 Apr 2019 21:18:01 GMT', 'paymentRequired': True, 'requestedDeparture': 'Fri, 19 Apr 2019 01:49:25 GMT', 'kWhRequested': 9.99}]",000001093,2_39_124_22_2019-04-18 21:17:25.455973,2-39-124-22,CA-312,0002,0039,2019-04-18 14:17:25-07:00,2019-04-18 17:40:54-07:00,1.198,2019-04-18 14:49:20-07:00,America/Los_Angeles
5cce2eccf9af8b558e49f40c,"[{'userID': 1161, 'milesRequested': 40, 'WhPerMile': 400, 'minutesAvailable': 128, 'modifiedAt': 'Thu, 18 Apr 2019 22:08:44 GMT', 'paymentRequired': True, 'requestedDeparture': 'Fri, 19 Apr 2019 00:16:29 GMT', 'kWhRequested': 16.0}]",000001161,2_39_123_23_2019-04-18 22:08:29.209358,2-39-123-23,CA-313,0002,0039,2019-04-18 15:08:29-07:00,2019-04-18 16:28:25-07:00,4.384,2019-04-18 16:28:21-07:00,America/Los_Angeles
5cce2eccf9af8b558e49f40d,"[{'userID': 1083, 'milesRequested': 10, 'WhPerMile': 400, 'minutesAvailable': 75, 'modifiedAt': 'Thu, 18 Apr 2019 22:33:06 GMT', 'paymentRequired': True, 'requestedDeparture': 'Thu, 18 Apr 2019 23:47:32 GMT', 'kWhRequested': 4.0}]",000001083,2_39_79_379_2019-04-18 22:32:32.236783,2-39-79-379,CA-327,0002,0039,2019-04-18 15:32:32-07:00,2019-04-18 16:35:16-07:00,2.929,2019-04-18 16:35:07-07:00,America/Los_Angeles
5cce2eccf9af8b558e49f40e,"[{'userID': 1108, 'milesRequested': 50, 'WhPerMile': 400, 'minutesAvailable': 194, 'modifiedAt': 'Fri, 19 Apr 2019 01:52:21 GMT', 'paymentRequired': True, 'requestedDeparture': 'Fri, 19 Apr 2019 05:05:54 GMT', 'kWhRequested': 20.0}]",000001108,2_39_79_377_2019-04-19 01:51:53.587913,2-39-79-377,CA-325,0002,0039,2019-04-18 18:51:54-07:00,2019-04-18 22:14:42-07:00,11.916,2019-04-18 22:14:38-07:00,America/Los_Angeles
5cce2eccf9af8b558e49f40f,"[{'userID': 1135, 'milesRequested': 50, 'WhPerMile': 400, 'minutesAvailable': 150, 'modifiedAt': 'Fri, 19 Apr 2019 02:39:14 GMT', 'paymentRequired': True, 'requestedDeparture': 'Fri, 19 Apr 2019 05:09:08 GMT', 'kWhRequested': 20.0}]",000001135,2_39_127_19_2019-04-19 02:39:08.343538,2-39-127-19,CA-309,0002,0039,2019-04-18 19:39:08-07:00,2019-04-18 23:38:25-07:00,14.077,2019-04-18 23:38:20-07:00,America/Los_Angeles
5cce2eccf9af8b558e49f410,"[{'userID': 1263, 'milesRequested': 70, 'WhPerMile': 250, 'minutesAvailable': 61, 'modifiedAt': 'Fri, 19 Apr 2019 03:32:28 GMT', 'paymentRequired': True, 'requestedDeparture': 'Fri, 19 Apr 2019 04:32:50 GMT', 'kWhRequested': 17.5}]",000001263,2_39_139_28_2019-04-19 03:31:50.130677,2-39-139-28,CA-303,0002,0039,2019-04-18 20:31:50-07:00,2019-04-18 21:47:54-07:00,8.486,2019-04-18 21:47:51-07:00,America/Los_Angeles
5cce2eccf9af8b558e49f411,"[{'userID': 489, 'milesRequested': 200, 'WhPerMile': 500, 'minutesAvailable': 497, 'modifiedAt': 'Fri, 19 Apr 2019 03:44:22 GMT', 'paymentRequired': True, 'requestedDeparture': 'Fri, 19 Apr 2019 11:59:20 GMT', 'kWhRequested': 100.0}, {'userID': 489, 'milesRequested': 200, 'WhPerMile': 500, 'minutesAvailable': 464, 'modifiedAt': 'Fri, 19 Apr 2019 03:44:30 GMT', 'paymentRequired': True, 'requestedDeparture': 'Fri, 19 Apr 2019 11:26:20 GMT', 'kWhRequested': 100.0}]",000000489,2_39_131_30_2019-04-19 03:42:20.061829,2-39-131-30,CA-305,0002,0039,2019-04-18 20:42:20-07:00,2019-04-19 08:25:29-07:00,40.776,2019-04-19 02:47:46-07:00,America/Los_Angeles
5cce2eccf9af8b558e49f412,,,2_39_78_365_2019-04-19 05:41:26.194642,2-39-78-365,CA-321,0002,0039,2019-04-18 22:41:26-07:00,2019-04-18 23:14:52-07:00,0.868,2019-04-18 23:15:51-07:00,America/Los_Angeles
5cce2eccf9af8b558e49f413,"[{'userID': 301, 'milesRequested': 90, 'WhPerMile': 333, 'minutesAvailable': 454, 'modifiedAt': 'Fri, 19 Apr 2019 06:16:27 GMT', 'paymentRequired': True, 'requestedDeparture': 'Fri, 19 Apr 2019 13:49:02 GMT', 'kWhRequested': 29.97}]",000000301,2_39_78_365_2019-04-19 06:15:02.026607,2-39-78-365,CA-321,0002,0039,2019-04-18 23:15:02-07:00,2019-04-19 00:57:44-07:00,9.682,2019-04-19 00:57:39-07:00,America/Los_Angeles
5ccf8020f9af8b58ec66a8c9,"[{'userID': 560, 'milesRequested': 80, 'WhPerMile': 273, 'minutesAvailable': 281, 'modifiedAt': 'Fri, 19 Apr 2019 13:26:17 GMT', 'paymentRequired': True, 'requestedDeparture': 'Fri, 19 Apr 2019 18:07:14 GMT', 'kWhRequested': 21.84}]",000000560,2_39_88_24_2019-04-19 13:26:13.771304,2-39-88-24,CA-314,0002,0039,2019-04-19 06:26:14-07:00,2019-04-19 12:14:55-07:00,18.275,2019-04-19 10:11:46-07:00,America/Los_Angeles
5ccf8020f9af8b58ec66a8ca,"[{'userID': 569, 'milesRequested': 30, 'WhPerMile': 300, 'minutesAvailable': 529, 'modifiedAt': 'Fri, 19 Apr 2019 14:10:41 GMT', 'paymentRequired': True, 'requestedDeparture': 'Fri, 19 Apr 2019 22:59:17 GMT', 'kWhRequested': 9.0}]",000000569,2_39_78_366_2019-04-19 14:10:16.755258,2-39-78-366,CA-323,0002,0039,2019-04-19 07:10:17-07:00,2019-04-19 17:27:08-07:00,6.194,2019-04-19 16:26:58-07:00,America/Los_Angeles
5ccf8020f9af8b58ec66a8cb,"[{'userID': 563, 'milesRequested': 200, 'WhPerMile': 200, 'minutesAvailable': 487, 'modifiedAt': 'Fri, 19 Apr 2019 14:55:44 GMT', 'paymentRequired': True, 'requestedDeparture': 'Fri, 19 Apr 2019 23:02:14 GMT', 'kWhRequested': 40.0}]",000000563,2_39_79_380_2019-04-19 14:55:13.617948,2-39-79-380,CA-489,0002,0039,2019-04-19 07:55:14-07:00,2019-04-19 17:09:54-07:00,28.783,2019-04-19 17:09:48-07:00,America/Los_Angeles
5ccf8020f9af8b58ec66a8cc,"[{'userID': 858, 'milesRequested': 20, 'WhPerMile': 400, 'minutesAvailable': 223, 'modifiedAt': 'Fri, 19 Apr 2019 14:56:32 GMT', 'paymentRequired': True, 'requestedDeparture': 'Fri, 19 Apr 2019 18:38:58 GMT', 'kWhRequested': 8.0}]",000000858,2_39_125_21_2019-04-19 14:55:57.790470,2-39-125-21,CA-311,0002,0039,2019-04-19 07:55:58-07:00,2019-04-19 16:29:18-07:00,5.057,2019-04-19 09:31:35-07:00,America/Los_Angeles
5ccf8020f9af8b58ec66a8cd,"[{'userID': 1126, 'milesRequested': 80, 'WhPerMile': 250, 'minutesAvailable': 418, 'modifiedAt': 'Fri, 19 Apr 2019 15:08:24 GMT', 'paymentRequired': True, 'requestedDeparture': 'Fri, 19 Apr 2019 22:06:13 GMT', 'kWhRequested': 20.0}]",000001126,2_39_79_379_2019-04-19 15:08:12.943567,2-39-79-379,CA-327,0002,0039,2019-04-19 08:08:13-07:00,2019-04-19 17:09:56-07:00,2.866,2019-04-19 08:54:11-07:00,America/Los_Angeles
5ccf8020f9af8b58ec66a8ce,"[{'userID': 562, 'milesRequested': 20, 'WhPerMile': 300, 'minutesAvailable': 211, 'modifiedAt': 'Fri, 19 Apr 2019 15:18:42 GMT', 'paymentRequired': True, 'requestedDeparture': 'Fri, 19 Apr 2019 18:49:20 GMT', 'kWhRequested': 6.0}]",000000562,2_39_139_28_2019-04-19 15:18:20.096678,2-39-139-28,CA-303,0002,0039,2019-04-19 08:18:20-07:00,2019-04-19 11:56:28-07:00,4.805,2019-04-19 09:48:42-07:00,America/Los_Angeles
5ccf8020f9af8b58ec66a8cf,"[{'userID': 1104, 'milesRequested': 120, 'WhPerMile': 250, 'minutesAvailable': 428, 'modifiedAt': 'Fri, 19 Apr 2019 15:30:35 GMT', 'paymentRequired': True, 'requestedDeparture': 'Fri, 19 Apr 2019 22:38:27 GMT', 'kWhRequested': 30.0}]",000001104,2_39_79_383_2019-04-19 15:30:27.304553,2-39-79-383,CA-492,0002,0039,2019-04-19 08:30:27-07:00,2019-04-19 17:21:36-07:00,18.205,2019-04-19 13:23:18-07:00,America/Los_Angeles
5ccf8020f9af8b58ec66a8d0,"[{'userID': 1524, 'milesRequested': 20, 'WhPerMile': 400, 'minutesAvailable': 204, 'modifiedAt': 'Fri, 19 Apr 2019 15:39:23 GMT', 'paymentRequired': True, 'requestedDeparture': 'Fri, 19 Apr 2019 18:59:56 GMT', 'kWhRequested': 8.0}]",000001524,2_39_78_367_2019-04-19 15:35:55.629255,2-39-78-367,CA-494,0002,0039,2019-04-19 08:35:56-07:00,2019-04-19 17:21:39-07:00,4.983,2019-04-19 11:59:17-07:00,America/Los_Angeles
5ccf8020f9af8b58ec66a8d1,"[{'userID': 712, 'milesRequested': 30, 'WhPerMile': 600, 'minutesAvailable': 355, 'modifiedAt': 'Fri, 19 Apr 2019 15:37:06 GMT', 'paymentRequired': True, 'requestedDeparture': 'Fri, 19 Apr 2019 21:32:03 GMT', 'kWhRequested': 18.0}]",000000712,2_39_131_30_2019-04-19 15:37:03.032559,2-39-131-30,CA-305,0002,0039,2019-04-19 08:37:03-07:00,2019-04-19 20:25:12-07:00,4.367,2019-04-19 09:55:32-07:00,America/Los_Angeles
5ccf8020f9af8b58ec66a8d2,"[{'userID': 1957, 'milesRequested': 70, 'WhPerMile': 400, 'minutesAvailable': 498, 'modifiedAt': 'Fri, 19 Apr 2019 15:43:03 GMT', 'paymentRequired': True, 'requestedDeparture': 'Sat, 20 Apr 2019 00:00:35 GMT', 'kWhRequested': 28.0}]",000001957,2_39_92_442_2019-04-19 15:42:34.704216,2-39-92-442,CA-498,0002,0039,2019-04-19 08:42:35-07:00,2019-04-19 17:16:58-07:00,17.057,2019-04-19 11:16:27-07:00,America/Los_Angeles
5ccf8020f9af8b58ec66a8d3,"[{'userID': 2149, 'milesRequested': 100, 'WhPerMile': 275, 'minutesAvailable': 458, 'modifiedAt': 'Fri, 19 Apr 2019 15:44:15 GMT', 'paymentRequired': True, 'requestedDeparture': 'Fri, 19 Apr 2019 23:22:15 GMT', 'kWhRequested': 27.5}, {'userID': 2149, 'milesRequested': 100, 'WhPerMile': 275, 'minutesAvailable': 458, 'modifiedAt': 'Fri, 19 Apr 2019 22:31:34 GMT', 'paymentRequired': True, 'requestedDeparture': 'Fri, 19 Apr 2019 23:22:15 GMT', 'kWhRequested': 27.5}]",000002149,2_39_79_382_2019-04-19 15:44:04.334690,2-39-79-382,CA-491,0002,0039,2019-04-19 08:44:15-07:00,2019-04-19 15:31:44-07:00,19.293,2019-04-19 15:31:39-07:00,America/Los_Angeles
5ccf8020f9af8b58ec66a8d4,"[{'userID': 1470, 'milesRequested': 50, 'WhPerMile': 292, 'minutesAvailable': 312, 'modifiedAt': 'Fri, 19 Apr 2019 15:54:01 GMT', 'paymentRequired': True, 'requestedDeparture': 'Fri, 19 Apr 2019 21:05:37 GMT', 'kWhRequested': 14.6}, {'userID': 1470, 'milesRequested': 50, 'WhPerMile': 292, 'minutesAvailable': 312, 'modifiedAt': 'Fri, 19 Apr 2019 15:55:03 GMT', 'paymentRequired': True, 'requestedDeparture': 'Fri, 19 Apr 2019 21:05:37 GMT', 'kWhRequested': 14.6}, {'userID': 1470, 'milesRequested': 50, 'WhPerMile': 292, 'minutesAvailable': 312, 'modifiedAt': 'Fri, 19 Apr 2019 16:22:55 GMT', 'paymentRequired': True, 'requestedDeparture': 'Fri, 19 Apr 2019 21:05:37 GMT', 'kWhRequested': 14.6}]",000001470,2_39_79_377_2019-04-19 15:53:36.813277,2-39-79-377,CA-325,0002,0039,2019-04-19 08:53:37-07:00,2019-04-19 16:33:53-07:00,7.681,2019-04-19 11:08:40-07:00,America/Los_Angeles
5ccf8020f9af8b58ec66a8d5,,,2_39_129_17_2019-04-19 16:14:57.634292,2-39-129-17,CA-307,0002,0039,2019-04-19 09:14:58-07:00,2019-04-19 17:06:35-07:00,0.892,2019-04-19 16:26:15-07:00,America/Los_Angeles
5ccf8020f9af8b58ec66a8d6,"[{'userID': 743, 'milesRequested': 20, 'WhPerMile': 400, 'minutesAvailable': 441, 'modifiedAt': 'Fri, 19 Apr 2019 16:16:47 GMT', 'paymentRequired': True, 'requestedDeparture': 'Fri, 19 Apr 2019 23:37:31 GMT', 'kWhRequested': 8.0}]",000000743,2_39_89_25_2019-04-19 16:16:30.552609,2-39-89-25,CA-315,0002,0039,2019-04-19 09:16:31-07:00,2019-04-19 17:24:14-07:00,3.521,2019-04-19 10:28:33-07:00,America/Los_Angeles
5ccf8020f9af8b58ec66a8d7,"[{'userID': 324, 'milesRequested': 20, 'WhPerMile': 600, 'minutesAvailable': 121, 'modifiedAt': 'Fri, 19 Apr 2019 16:42:48 GMT', 'paymentRequired': True, 'requestedDeparture': 'Fri, 19 Apr 2019 18:43:08 GMT', 'kWhRequested': 12.0}]",000000324,2_39_91_437_2019-04-19 16:42:08.272091,2-39-91-437,CA-317,0002,0039,2019-04-19 09:42:08-07:00,2019-04-19 20:12:55-07:00,2.193,2019-04-19 10:49:11-07:00,America/Los_Angeles
5ccf8020f9af8b58ec66a8d8,"[{'userID': 567, 'milesRequested': 20, 'WhPerMile': 333, 'minutesAvailable': 425, 'modifiedAt': 'Fri, 19 Apr 2019 16:47:32 GMT', 'paymentRequired': True, 'requestedDeparture': 'Fri, 19 Apr 2019 23:52:24 GMT', 'kWhRequested': 6.66}]",000000567,2_39_123_23_2019-04-19 16:47:23.518645,2-39-123-23,CA-313,0002,0039,2019-04-19 09:47:24-07:00,2019-04-19 18:07:44-07:00,5.502,2019-04-19 11:27:32-07:00,America/Los_Angeles
5ccf8020f9af8b58ec66a8d9,"[{'userID': 891, 'milesRequested': 20, 'WhPerMile': 300, 'minutesAvailable': 310, 'modifiedAt': 'Fri, 19 Apr 2019 16:56:28 GMT', 'paymentRequired': True, 'requestedDeparture': 'Fri, 19 Apr 2019 22:06:10 GMT', 'kWhRequested': 6.0}]",000000891,2_39_95_27_2019-04-19 16:56:10.314742,2-39-95-27,CA-319,0002,0039,2019-04-19 09:56:10-07:00,2019-04-19 14:47:48-07:00,1.978,2019-04-19 10:41:17-07:00,America/Los_Angeles
5ccf8020f9af8b58ec66a8da,"[{'userID': 1095, 'milesRequested': 20, 'WhPerMile': 469, 'minutesAvailable': 432, 'modifiedAt': 'Fri, 19 Apr 2019 16:57:10 GMT', 'paymentRequired': True, 'requestedDeparture': 'Sat, 20 Apr 2019 00:09:04 GMT', 'kWhRequested': 9.38}, {'userID': 1095, 'milesRequested': 20, 'WhPerMile': 469, 'minutesAvailable': 376, 'modifiedAt': 'Fri, 19 Apr 2019 16:57:18 GMT', 'paymentRequired': True, 'requestedDeparture': 'Fri, 19 Apr 2019 23:13:04 GMT', 'kWhRequested': 9.38}]",000001095,2_39_90_440_2019-04-19 16:57:04.027810,2-39-90-440,CA-500,0002,0039,2019-04-19 09:57:04-07:00,2019-04-19 16:22:08-07:00,9.261,2019-04-19 15:13:46-07:00,America/Los_Angeles
5ccf8020f9af8b58ec66a8db,"[{'userID': 697, 'milesRequested': 20, 'WhPerMile': 300, 'minutesAvailable': 366, 'modifiedAt': 'Fri, 19 Apr 2019 17:01:36 GMT', 'paymentRequired': True, 'requestedDeparture': 'Fri, 19 Apr 2019 23:07:13 GMT', 'kWhRequested': 6.0}]",000000697,2_39_79_381_2019-04-19 17:01:13.436179,2-39-79-381,CA-490,0002,0039,2019-04-19 10:01:13-07:00,2019-04-19 18:47:18-07:00,6.019,2019-04-19 13:58:15-07:00,America/Los_Angeles
5ccf8020f9af8b58ec66a8dc,"[{'userID': 558, 'milesRequested': 70, 'WhPerMile': 200, 'minutesAvailable': 539, 'modifiedAt': 'Fri, 19 Apr 2019 17:06:34 GMT', 'paymentRequired': True, 'requestedDeparture': 'Sat, 20 Apr 2019 02:05:33 GMT', 'kWhRequested': 14.0}]",000000558,2_39_78_364_2019-04-19 17:06:32.923899,2-39-78-364,CA-495,0002,0039,2019-04-19 10:06:33-07:00,2019-04-19 19:15:06-07:00,11.132,2019-04-19 15:23:42-07:00,America/Los_Angeles
5ccf8020f9af8b58ec66a8dd,"[{'userID': 668, 'milesRequested': 20, 'WhPerMile': 400, 'minutesAvailable': 199, 'modifiedAt': 'Fri, 19 Apr 2019 17:34:49 GMT', 'paymentRequired': True, 'requestedDeparture': 'Fri, 19 Apr 2019 20:53:33 GMT', 'kWhRequested': 8.0}]",000000668,2_39_95_444_2019-04-19 17:34:33.213381,2-39-95-444,CA-497,0002,0039,2019-04-19 10:34:33-07:00,2019-04-19 17:38:58-07:00,6.848,2019-04-19 11:40:53-07:00,America/Los_Angeles
5ccf8020f9af8b58ec66a8de,"[{'userID': 515, 'milesRequested': 40, 'WhPerMile': 250, 'minutesAvailable': 258, 'modifiedAt': 'Fri, 19 Apr 2019 17:57:42 GMT', 'paymentRequired': True, 'requestedDeparture': 'Fri, 19 Apr 2019 22:15:07 GMT', 'kWhRequested': 10.0}]",000000515,2_39_78_360_2019-04-19 17:57:07.495307,2-39-78-360,CA-322,0002,0039,2019-04-19 10:57:07-07:00,2019-04-19 15:07:57-07:00,7.417,2019-04-19 15:05:49-07:00,America/Los_Angeles
5ccf8020f9af8b58ec66a8df,"[{'userID': 1137, 'milesRequested': 40, 'WhPerMile': 400, 'minutesAvailable': 250, 'modifiedAt': 'Fri, 19 Apr 2019 18:22:28 GMT', 'paymentRequired': True, 'requestedDeparture': 'Fri, 19 Apr 2019 22:32:29 GMT', 'kWhRequested': 16.0}]",000001137,2_39_79_376_2019-04-19 18:22:27.406522,2-39-79-376,CA-324,0002,0039,2019-04-19 11:22:29-07:00,2019-04-19 20:35:13-07:00,11.087,2019-04-19 14:53:26-07:00,America/Los_Angeles
5ccf8020f9af8b58ec66a8e0,"[{'userID': 560, 'milesRequested': 20, 'WhPerMile': 273, 'minutesAvailable': 74, 'modifiedAt': 'Fri, 19 Apr 2019 19:38:04 GMT', 'paymentRequired': True, 'requestedDeparture': 'Fri, 19 Apr 2019 20:51:42 GMT', 'kWhRequested': 5.46}]",000000560,2_39_88_24_2019-04-19 19:37:42.392331,2-39-88-24,CA-314,0002,0039,2019-04-19 12:37:42-07:00,2019-04-19 15:38:35-07:00,2.167,2019-04-19 13:36:41-07:00,America/Los_Angeles
5ccf8020f9af8b58ec66a8e1,"[{'userID': 1124, 'milesRequested': 20, 'WhPerMile': 450, 'minutesAvailable': 60, 'modifiedAt': 'Fri, 19 Apr 2019 19:49:53 GMT', 'paymentRequired': True, 'requestedDeparture': 'Fri, 19 Apr 2019 20:48:20 GMT', 'kWhRequested': 9.0}]",000001124,2_39_92_436_2019-04-19 19:48:19.683474,2-39-92-436,CA-318,0002,0039,2019-04-19 12:48:20-07:00,2019-04-19 15:48:13-07:00,6.469,2019-04-19 14:46:32-07:00,America/Los_Angeles
5ccf8020f9af8b58ec66a8e2,"[{'userID': 562, 'milesRequested': 10, 'WhPerMile': 300, 'minutesAvailable': 211, 'modifiedAt': 'Fri, 19 Apr 2019 19:54:22 GMT', 'paymentRequired': True, 'requestedDeparture': 'Fri, 19 Apr 2019 23:24:43 GMT', 'kWhRequested': 3.0}]",000000562,2_39_130_31_2019-04-19 19:53:43.224495,2-39-130-31,CA-306,0002,0039,2019-04-19 12:53:43-07:00,2019-04-19 18:18:12-07:00,1.824,2019-04-19 13:30:53-07:00,America/Los_Angeles
5ccf8020f9af8b58ec66a8e3,"[{'userID': 1083, 'milesRequested': 10, 'WhPerMile': 400, 'minutesAvailable': 48, 'modifiedAt': 'Fri, 19 Apr 2019 20:34:26 GMT', 'paymentRequired': True, 'requestedDeparture': 'Fri, 19 Apr 2019 21:21:18 GMT', 'kWhRequested': 4.0}]",000001083,2_39_124_22_2019-04-19 20:33:17.561611,2-39-124-22,CA-312,0002,0039,2019-04-19 13:33:18-07:00,2019-04-19 13:51:02-07:00,0.937,2019-04-19 13:50:57-07:00,America/Los_Angeles
5ccf8020f9af8b58ec66a8e4,"[{'userID': 1082, 'milesRequested': 40, 'WhPerMile': 400, 'minutesAvailable': 291, 'modifiedAt': 'Fri, 19 Apr 2019 20:50:54 GMT', 'paymentRequired': True, 'requestedDeparture': 'Sat, 20 Apr 2019 01:41:33 GMT', 'kWhRequested': 16.0}]",000001082,2_39_90_26_2019-04-19 20:50:33.054844,2-39-90-26,CA-316,0002,0039,2019-04-19 13:50:33-07:00,2019-04-19 23:07:07-07:00,2.022,2019-04-19 14:51:10-07:00,America/Los_Angeles
5ccf8020f9af8b58ec66a8e5,"[{'userID': 1202, 'milesRequested': 40, 'WhPerMile': 375, 'minutesAvailable': 161, 'modifiedAt': 'Fri, 19 Apr 2019 21:49:16 GMT', 'paymentRequired': True, 'requestedDeparture': 'Sat, 20 Apr 2019 00:29:32 GMT', 'kWhRequested': 15.0}]",000001202,2_39_78_365_2019-04-19 21:48:31.517388,2-39-78-365,CA-321,0002,0039,2019-04-19 14:48:32-07:00,2019-04-19 18:28:15-07:00,5.99,2019-04-19 17:28:04-07:00,America/Los_Angeles
5ccf8020f9af8b58ec66a8e6,"[{'userID': 1564, 'milesRequested': 20, 'WhPerMile': 300, 'minutesAvailable': 84, 'modifiedAt': 'Fri, 19 Apr 2019 21:49:49 GMT', 'paymentRequired': True, 'requestedDeparture': 'Fri, 19 Apr 2019 23:13:45 GMT', 'kWhRequested': 6.0}, {'userID': 1564, 'milesRequested': 20, 'WhPerMile': 300, 'minutesAvailable': 84, 'modifiedAt': 'Fri, 19 Apr 2019 23:04:04 GMT', 'paymentRequired': True, 'requestedDeparture': 'Fri, 19 Apr 2019 23:13:45 GMT', 'kWhRequested': 6.0}]",000001564,2_39_124_22_2019-04-19 21:49:44.695015,2-39-124-22,CA-312,0002,0039,2019-04-19 14:49:45-07:00,2019-04-19 16:05:12-07:00,3.453,2019-04-19 16:03:45-07:00,America/Los_Angeles
5ccf8020f9af8b58ec66a8e7,,,2_39_78_361_2019-04-19 22:03:05.898713,2-39-78-361,CA-493,0002,0039,2019-04-19 15:03:06-07:00,2019-04-19 16:48:47-07:00,0.849,2019-04-19 16:27:14-07:00,America/Los_Angeles
5ccf8020f9af8b58ec66a8e8,"[{'userID': 1083, 'milesRequested': 20, 'WhPerMile': 400, 'minutesAvailable': 102, 'modifiedAt': 'Fri, 19 Apr 2019 22:20:25 GMT', 'paymentRequired': True, 'requestedDeparture': 'Sat, 20 Apr 2019 00:02:06 GMT', 'kWhRequested': 8.0}]",000001083,2_39_95_27_2019-04-19 22:20:06.190004,2-39-95-27,CA-319,0002,0039,2019-04-19 15:20:06-07:00,2019-04-19 17:19:30-07:00,5.971,2019-04-19 17:14:38-07:00,America/Los_Angeles
5ccf8020f9af8b58ec66a8e9,"[{'userID': 2155, 'milesRequested': 20, 'WhPerMile': 400, 'minutesAvailable': 60, 'modifiedAt': 'Fri, 19 Apr 2019 23:22:01 GMT', 'paymentRequired': True, 'requestedDeparture': 'Sat, 20 Apr 2019 00:22:01 GMT', 'kWhRequested': 8.0}, {'userID': 2155, 'milesRequested': 20, 'WhPerMile': 400, 'minutesAvailable': 60, 'modifiedAt': 'Fri, 19 Apr 2019 23:22:30 GMT', 'paymentRequired': True, 'requestedDeparture': 'Sat, 20 Apr 2019 00:22:01 GMT', 'kWhRequested': 8.0}]",000002155,2_39_124_22_2019-04-19 23:21:45.549585,2-39-124-22,CA-312,0002,0039,2019-04-19 16:22:01-07:00,2019-04-19 17:34:47-07:00,7.736,2019-04-19 17:34:39-07:00,America/Los_Angeles
5ccf8020f9af8b58ec66a8ea,,,2_39_139_28_2019-04-20 02:54:43.227529,2-39-139-28,CA-303,0002,0039,2019-04-19 19:54:43-07:00,2019-04-20 10:19:15-07:00,0.944,2019-04-20 10:20:13-07:00,America/Los_Angeles
5ccf8020f9af8b58ec66a8eb,"[{'userID': 838, 'milesRequested': 80, 'WhPerMile': 433, 'minutesAvailable': 307, 'modifiedAt': 'Sat, 20 Apr 2019 02:55:02 GMT', 'paymentRequired': True, 'requestedDeparture': 'Sat, 20 Apr 2019 08:01:44 GMT', 'kWhRequested': 34.64}, {'userID': 838, 'milesRequested': 80, 'WhPerMile': 433, 'minutesAvailable': 307, 'modifiedAt': 'Sat, 20 Apr 2019 02:55:10 GMT', 'paymentRequired': True, 'requestedDeparture': 'Sat, 20 Apr 2019 08:01:44 GMT', 'kWhRequested': 34.64}, {'userID': 838, 'milesRequested': 80, 'WhPerMile': 433, 'minutesAvailable': 307, 'modifiedAt': 'Sat, 20 Apr 2019 02:55:15 GMT', 'paymentRequired': True, 'requestedDeparture': 'Sat, 20 Apr 2019 08:01:44 GMT', 'kWhRequested': 34.64}]",000000838,2_39_129_17_2019-04-20 02:54:43.636223,2-39-129-17,CA-307,0002,0039,2019-04-19 19:54:44-07:00,2019-04-20 10:19:07-07:00,15.919,2019-04-20 00:27:41-07:00,America/Los_Angeles
5ccf8020f9af8b58ec66a8ec,"[{'userID': 1135, 'milesRequested': 50, 'WhPerMile': 400, 'minutesAvailable': 150, 'modifiedAt': 'Sat, 20 Apr 2019 03:51:55 GMT', 'paymentRequired': True, 'requestedDeparture': 'Sat, 20 Apr 2019 06:21:56 GMT', 'kWhRequested': 20.0}]",000001135,2_39_127_19_2019-04-20 03:51:54.682148,2-39-127-19,CA-309,0002,0039,2019-04-19 20:51:56-07:00,2019-04-19 23:26:24-07:00,9.156,2019-04-19 23:26:20-07:00,America/Los_Angeles
5cd0d190f9af8b5ca221843c,"[{'userID': 1093, 'milesRequested': 30, 'WhPerMile': 333, 'minutesAvailable': 272, 'modifiedAt': 'Sat, 20 Apr 2019 07:57:19 GMT', 'paymentRequired': True, 'requestedDeparture': 'Sat, 20 Apr 2019 12:29:09 GMT', 'kWhRequested': 9.99}]",000001093,2_39_79_379_2019-04-20 07:57:09.283930,2-39-79-379,CA-327,0002,0039,2019-04-20 00:57:09-07:00,2019-04-20 02:53:48-07:00,1.263,2019-04-20 01:29:20-07:00,America/Los_Angeles
5cd0d190f9af8b5ca221843d,"[{'userID': 675, 'milesRequested': 60, 'WhPerMile': 399, 'minutesAvailable': 111, 'modifiedAt': 'Sat, 20 Apr 2019 14:52:13 GMT', 'paymentRequired': True, 'requestedDeparture': 'Sat, 20 Apr 2019 16:42:40 GMT', 'kWhRequested': 23.94}]",000000675,2_39_131_30_2019-04-20 14:51:40.254630,2-39-131-30,CA-305,0002,0039,2019-04-20 07:51:40-07:00,2019-04-20 09:40:07-07:00,7.962,2019-04-20 09:14:57-07:00,America/Los_Angeles
5cd0d190f9af8b5ca221843e,"[{'userID': 1524, 'milesRequested': 50, 'WhPerMile': 400, 'minutesAvailable': 204, 'modifiedAt': 'Sat, 20 Apr 2019 16:35:16 GMT', 'paymentRequired': True, 'requestedDeparture': 'Sat, 20 Apr 2019 19:51:40 GMT', 'kWhRequested': 20.0}]",000001524,2_39_78_361_2019-04-20 16:27:40.382076,2-39-78-361,CA-493,0002,0039,2019-04-20 09:27:40-07:00,2019-04-20 14:36:45-07:00,15.413,2019-04-20 13:57:38-07:00,America/Los_Angeles
5cd0d190f9af8b5ca221843f,"[{'userID': 1133, 'milesRequested': 20, 'WhPerMile': 400, 'minutesAvailable': 60, 'modifiedAt': 'Sat, 20 Apr 2019 17:05:02 GMT', 'paymentRequired': True, 'requestedDeparture': 'Sat, 20 Apr 2019 18:04:17 GMT', 'kWhRequested': 8.0}]",000001133,2_39_127_19_2019-04-20 17:04:16.919308,2-39-127-19,CA-309,0002,0039,2019-04-20 10:04:17-07:00,2019-04-20 11:49:18-07:00,7.873,2019-04-20 11:20:04-07:00,America/Los_Angeles
5cd0d190f9af8b5ca2218440,"[{'userID': 891, 'milesRequested': 20, 'WhPerMile': 300, 'minutesAvailable': 310, 'modifiedAt': 'Sat, 20 Apr 2019 17:19:15 GMT', 'paymentRequired': True, 'requestedDeparture': 'Sat, 20 Apr 2019 22:29:01 GMT', 'kWhRequested': 6.0}]",000000891,2_39_124_22_2019-04-20 17:19:01.178993,2-39-124-22,CA-312,0002,0039,2019-04-20 10:19:01-07:00,2019-04-20 12:07:35-07:00,3.053,2019-04-20 11:24:41-07:00,America/Los_Angeles
5cd0d190f9af8b5ca2218441,"[{'userID': 1726, 'milesRequested': 110, 'WhPerMile': 600, 'minutesAvailable': 720, 'modifiedAt': 'Sat, 20 Apr 2019 17:20:33 GMT', 'paymentRequired': True, 'requestedDeparture': 'Sun, 21 Apr 2019 05:19:18 GMT', 'kWhRequested': 66.0}, {'userID': 1726, 'milesRequested': 110, 'WhPerMile': 600, 'minutesAvailable': 720, 'modifiedAt': 'Sat, 20 Apr 2019 17:20:43 GMT', 'paymentRequired': True, 'requestedDeparture': 'Sun, 21 Apr 2019 05:19:18 GMT', 'kWhRequested': 66.0}]",000001726,2_39_139_28_2019-04-20 17:19:18.234911,2-39-139-28,CA-303,0002,0039,2019-04-20 10:19:18-07:00,2019-04-20 17:33:34-07:00,6.593,2019-04-20 12:14:42-07:00,America/Los_Angeles
5cd0d190f9af8b5ca2218442,"[{'userID': 2290, 'milesRequested': 40, 'WhPerMile': 400, 'minutesAvailable': 60, 'modifiedAt': 'Sat, 20 Apr 2019 18:14:35 GMT', 'paymentRequired': True, 'requestedDeparture': 'Sat, 20 Apr 2019 19:11:39 GMT', 'kWhRequested': 16.0}]",000002290,2_39_126_20_2019-04-20 18:11:39.379906,2-39-126-20,CA-310,0002,0039,2019-04-20 11:11:39-07:00,2019-04-20 12:29:49-07:00,5.027,2019-04-20 12:03:20-07:00,America/Los_Angeles
5cd0d190f9af8b5ca2218443,"[{'userID': 1083, 'milesRequested': 20, 'WhPerMile': 400, 'minutesAvailable': 71, 'modifiedAt': 'Sat, 20 Apr 2019 19:37:55 GMT', 'paymentRequired': True, 'requestedDeparture': 'Sat, 20 Apr 2019 20:48:09 GMT', 'kWhRequested': 8.0}]",000001083,2_39_79_379_2019-04-20 19:37:09.102473,2-39-79-379,CA-327,0002,0039,2019-04-20 12:37:09-07:00,2019-04-20 13:44:36-07:00,3.751,2019-04-20 13:44:31-07:00,America/Los_Angeles
5cd0d190f9af8b5ca2218444,"[{'userID': 420, 'milesRequested': 60, 'WhPerMile': 400, 'minutesAvailable': 200, 'modifiedAt': 'Sat, 20 Apr 2019 20:27:52 GMT', 'paymentRequired': True, 'requestedDeparture': 'Sat, 20 Apr 2019 23:46:33 GMT', 'kWhRequested': 24.0}, {'userID': 420, 'milesRequested': 60, 'WhPerMile': 400, 'minutesAvailable': 200, 'modifiedAt': 'Sat, 20 Apr 2019 22:39:14 GMT', 'paymentRequired': True, 'requestedDeparture': 'Sat, 20 Apr 2019 23:46:33 GMT', 'kWhRequested': 24.0}]",000000420,2_39_79_377_2019-04-20 20:26:32.585236,2-39-79-377,CA-325,0002,0039,2019-04-20 13:26:33-07:00,2019-04-20 17:08:55-07:00,11.731,2019-04-20 16:10:20-07:00,America/Los_Angeles
5cd0d190f9af8b5ca2218445,"[{'userID': 292, 'milesRequested': 270, 'WhPerMile': 200, 'minutesAvailable': 720, 'modifiedAt': 'Sat, 20 Apr 2019 21:59:23 GMT', 'paymentRequired': True, 'requestedDeparture': 'Sun, 21 Apr 2019 09:58:33 GMT', 'kWhRequested': 54.0}]",000000292,2_39_89_25_2019-04-20 21:58:33.217831,2-39-89-25,CA-315,0002,0039,2019-04-20 14:58:33-07:00,2019-04-21 09:24:46-07:00,31.251,2019-04-20 19:47:28-07:00,America/Los_Angeles
5cd0d190f9af8b5ca2218446,"[{'userID': 1746, 'milesRequested': 60, 'WhPerMile': 458, 'minutesAvailable': 96, 'modifiedAt': 'Sat, 20 Apr 2019 22:33:42 GMT', 'paymentRequired': True, 'requestedDeparture': 'Sun, 21 Apr 2019 00:09:29 GMT', 'kWhRequested': 27.48}, {'userID': 1746, 'milesRequested': 60, 'WhPerMile': 458, 'minutesAvailable': 96, 'modifiedAt': 'Sun, 21 Apr 2019 00:02:58 GMT', 'paymentRequired': True, 'requestedDeparture': 'Sun, 21 Apr 2019 00:09:29 GMT', 'kWhRequested': 27.48}]",000001746,2_39_125_21_2019-04-20 22:33:29.137627,2-39-125-21,CA-311,0002,0039,2019-04-20 15:33:29-07:00,2019-04-20 17:03:08-07:00,4.898,2019-04-20 17:02:59-07:00,America/Los_Angeles
5cd0d190f9af8b5ca2218447,"[{'userID': 1099, 'milesRequested': 60, 'WhPerMile': 438, 'minutesAvailable': 111, 'modifiedAt': 'Sun, 21 Apr 2019 01:51:23 GMT', 'paymentRequired': True, 'requestedDeparture': 'Sun, 21 Apr 2019 03:40:55 GMT', 'kWhRequested': 26.28}]",000001099,2_39_128_18_2019-04-21 01:49:54.510280,2-39-128-18,CA-308,0002,0039,2019-04-20 18:49:55-07:00,2019-04-20 20:53:43-07:00,5.989,2019-04-20 19:51:19-07:00,America/Los_Angeles
5cd0d190f9af8b5ca2218448,"[{'userID': 1164, 'milesRequested': 20, 'WhPerMile': 525, 'minutesAvailable': 324, 'modifiedAt': 'Sun, 21 Apr 2019 03:24:58 GMT', 'paymentRequired': True, 'requestedDeparture': 'Sun, 21 Apr 2019 08:48:26 GMT', 'kWhRequested': 10.5}]",000001164,2_39_79_383_2019-04-21 03:24:26.368375,2-39-79-383,CA-492,0002,0039,2019-04-20 20:24:26-07:00,2019-04-21 04:23:26-07:00,6.602,2019-04-20 22:29:01-07:00,America/Los_Angeles
5cd1c805f9af8b68ba0a63e0,"[{'userID': 324, 'milesRequested': 20, 'WhPerMile': 600, 'minutesAvailable': 95, 'modifiedAt': 'Sun, 21 Apr 2019 13:57:15 GMT', 'paymentRequired': True, 'requestedDeparture': 'Sun, 21 Apr 2019 15:31:45 GMT', 'kWhRequested': 12.0}]",000000324,2_39_139_28_2019-04-21 13:56:44.627240,2-39-139-28,CA-303,0002,0039,2019-04-21 06:56:45-07:00,2019-04-21 09:09:48-07:00,1.768,2019-04-21 07:52:49-07:00,America/Los_Angeles
5cd1c805f9af8b68ba0a63e1,"[{'userID': 743, 'milesRequested': 20, 'WhPerMile': 400, 'minutesAvailable': 51, 'modifiedAt': 'Sun, 21 Apr 2019 16:16:27 GMT', 'paymentRequired': True, 'requestedDeparture': 'Sun, 21 Apr 2019 17:07:03 GMT', 'kWhRequested': 8.0}]",000000743,2_39_95_27_2019-04-21 16:16:02.823390,2-39-95-27,CA-319,0002,0039,2019-04-21 09:16:03-07:00,2019-04-21 10:45:46-07:00,4.573,2019-04-21 10:45:41-07:00,America/Los_Angeles
5cd1c805f9af8b68ba0a63e2,"[{'userID': 248, 'milesRequested': 120, 'WhPerMile': 250, 'minutesAvailable': 392, 'modifiedAt': 'Sun, 21 Apr 2019 18:06:51 GMT', 'paymentRequired': True, 'requestedDeparture': 'Mon, 22 Apr 2019 00:38:06 GMT', 'kWhRequested': 30.0}]",000000248,2_39_79_379_2019-04-21 18:06:06.226417,2-39-79-379,CA-327,0002,0039,2019-04-21 11:06:06-07:00,2019-04-21 13:16:32-07:00,14.616,2019-04-21 13:16:28-07:00,America/Los_Angeles
5cd1c805f9af8b68ba0a63e3,"[{'userID': 1083, 'milesRequested': 20, 'WhPerMile': 400, 'minutesAvailable': 85, 'modifiedAt': 'Sun, 21 Apr 2019 20:10:35 GMT', 'paymentRequired': True, 'requestedDeparture': 'Sun, 21 Apr 2019 21:35:14 GMT', 'kWhRequested': 8.0}]",000001083,2_39_79_377_2019-04-21 20:10:13.639269,2-39-79-377,CA-325,0002,0039,2019-04-21 13:10:14-07:00,2019-04-21 14:53:24-07:00,5.703,2019-04-21 14:53:20-07:00,America/Los_Angeles
5cd1c805f9af8b68ba0a63e4,"[{'userID': 710, 'milesRequested': 100, 'WhPerMile': 261, 'minutesAvailable': 86, 'modifiedAt': 'Sun, 21 Apr 2019 20:25:26 GMT', 'paymentRequired': True, 'requestedDeparture': 'Sun, 21 Apr 2019 21:50:42 GMT', 'kWhRequested': 26.1}]",000000710,2_39_139_28_2019-04-21 20:24:42.285963,2-39-139-28,CA-303,0002,0039,2019-04-21 13:24:42-07:00,2019-04-21 17:14:15-07:00,25.791,2019-04-21 17:14:10-07:00,America/Los_Angeles
5cd1c805f9af8b68ba0a63e5,"[{'userID': 1214, 'milesRequested': 70, 'WhPerMile': 250, 'minutesAvailable': 126, 'modifiedAt': 'Sun, 21 Apr 2019 20:58:30 GMT', 'paymentRequired': True, 'requestedDeparture': 'Sun, 21 Apr 2019 23:03:59 GMT', 'kWhRequested': 17.5}]",000001214,2_39_79_379_2019-04-21 20:57:59.070854,2-39-79-379,CA-327,0002,0039,2019-04-21 13:57:59-07:00,2019-04-21 16:31:48-07:00,16.73,2019-04-21 16:31:40-07:00,America/Los_Angeles
5cd1c805f9af8b68ba0a63e6,"[{'userID': 248, 'milesRequested': 80, 'WhPerMile': 250, 'minutesAvailable': 119, 'modifiedAt': 'Sun, 21 Apr 2019 21:25:55 GMT', 'paymentRequired': True, 'requestedDeparture': 'Sun, 21 Apr 2019 23:24:39 GMT', 'kWhRequested': 20.0}, {'userID': 248, 'milesRequested': 80, 'WhPerMile': 250, 'minutesAvailable': 166, 'modifiedAt': 'Sun, 21 Apr 2019 23:07:43 GMT', 'paymentRequired': True, 'requestedDeparture': 'Mon, 22 Apr 2019 00:11:39 GMT', 'kWhRequested': 20.0}]",000000248,2_39_79_381_2019-04-21 21:25:39.317405,2-39-79-381,CA-490,0002,0039,2019-04-21 14:25:39-07:00,2019-04-21 16:44:38-07:00,15.733,2019-04-21 16:44:33-07:00,America/Los_Angeles
5cd1c805f9af8b68ba0a63e7,"[{'userID': 489, 'milesRequested': 220, 'WhPerMile': 500, 'minutesAvailable': 464, 'modifiedAt': 'Sun, 21 Apr 2019 21:39:41 GMT', 'paymentRequired': True, 'requestedDeparture': 'Mon, 22 Apr 2019 05:23:24 GMT', 'kWhRequested': 110.0}, {'userID': 489, 'milesRequested': 220, 'WhPerMile': 500, 'minutesAvailable': 323, 'modifiedAt': 'Sun, 21 Apr 2019 21:39:50 GMT', 'paymentRequired': True, 'requestedDeparture': 'Mon, 22 Apr 2019 03:02:24 GMT', 'kWhRequested': 110.0}]",000000489,2_39_131_30_2019-04-21 21:39:24.100612,2-39-131-30,CA-305,0002,0039,2019-04-21 14:39:24-07:00,2019-04-22 08:34:06-07:00,33.71,2019-04-21 19:45:00-07:00,America/Los_Angeles
5cd1c805f9af8b68ba0a63e8,"[{'userID': 243, 'milesRequested': 30, 'WhPerMile': 200, 'minutesAvailable': 30, 'modifiedAt': 'Sun, 21 Apr 2019 22:21:54 GMT', 'paymentRequired': True, 'requestedDeparture': 'Sun, 21 Apr 2019 22:51:20 GMT', 'kWhRequested': 6.0}, {'userID': 243, 'milesRequested': 80, 'WhPerMile': 200, 'minutesAvailable': 61, 'modifiedAt': 'Sun, 21 Apr 2019 22:22:06 GMT', 'paymentRequired': True, 'requestedDeparture': 'Sun, 21 Apr 2019 23:22:20 GMT', 'kWhRequested': 16.0}]",000000243,2_39_126_20_2019-04-21 22:21:19.823422,2-39-126-20,CA-310,0002,0039,2019-04-21 15:21:20-07:00,2019-04-21 15:53:43-07:00,3.599,2019-04-21 15:53:38-07:00,America/Los_Angeles
5cd1c805f9af8b68ba0a63e9,"[{'userID': 1746, 'milesRequested': 60, 'WhPerMile': 458, 'minutesAvailable': 96, 'modifiedAt': 'Sun, 21 Apr 2019 22:27:41 GMT', 'paymentRequired': True, 'requestedDeparture': 'Mon, 22 Apr 2019 00:03:03 GMT', 'kWhRequested': 27.48}, {'userID': 1746, 'milesRequested': 60, 'WhPerMile': 458, 'minutesAvailable': 96, 'modifiedAt': 'Mon, 22 Apr 2019 00:15:33 GMT', 'paymentRequired': True, 'requestedDeparture': 'Mon, 22 Apr 2019 00:03:03 GMT', 'kWhRequested': 27.48}]",000001746,2_39_89_25_2019-04-21 22:27:02.819415,2-39-89-25,CA-315,0002,0039,2019-04-21 15:27:03-07:00,2019-04-21 17:15:49-07:00,4.618,2019-04-21 16:56:53-07:00,America/Los_Angeles
5cd1c805f9af8b68ba0a63ea,"[{'userID': 712, 'milesRequested': 50, 'WhPerMile': 600, 'minutesAvailable': 159, 'modifiedAt': 'Sun, 21 Apr 2019 23:02:50 GMT', 'paymentRequired': True, 'requestedDeparture': 'Mon, 22 Apr 2019 01:41:45 GMT', 'kWhRequested': 30.0}]",000000712,2_39_129_17_2019-04-21 23:02:45.281906,2-39-129-17,CA-307,0002,0039,2019-04-21 16:02:45-07:00,2019-04-21 18:25:09-07:00,8.514,2019-04-21 18:25:00-07:00,America/Los_Angeles
5cd1c805f9af8b68ba0a63eb,"[{'userID': 291, 'milesRequested': 120, 'WhPerMile': 250, 'minutesAvailable': 304, 'modifiedAt': 'Mon, 22 Apr 2019 00:20:49 GMT', 'paymentRequired': True, 'requestedDeparture': 'Mon, 22 Apr 2019 05:22:46 GMT', 'kWhRequested': 30.0}, {'userID': 291, 'milesRequested': 120, 'WhPerMile': 250, 'minutesAvailable': 304, 'modifiedAt': 'Mon, 22 Apr 2019 00:21:10 GMT', 'paymentRequired': True, 'requestedDeparture': 'Mon, 22 Apr 2019 05:22:46 GMT', 'kWhRequested': 30.0}, {'userID': 291, 'milesRequested': 120, 'WhPerMile': 250, 'minutesAvailable': 304, 'modifiedAt': 'Mon, 22 Apr 2019 01:19:42 GMT', 'paymentRequired': True, 'requestedDeparture': 'Mon, 22 Apr 2019 05:22:46 GMT', 'kWhRequested': 30.0}, {'userID': 291, 'milesRequested': 120, 'WhPerMile': 250, 'minutesAvailable': 304, 'modifiedAt': 'Mon, 22 Apr 2019 01:44:34 GMT', 'paymentRequired': True, 'requestedDeparture': 'Mon, 22 Apr 2019 05:22:46 GMT', 'kWhRequested': 30.0}]",000000291,2_39_127_19_2019-04-22 00:18:45.642673,2-39-127-19,CA-309,0002,0039,2019-04-21 17:18:46-07:00,2019-04-21 22:04:55-07:00,29.022,2019-04-21 21:44:33-07:00,America/Los_Angeles
5cd374a4f9af8b70b9789dd0,"[{'userID': 560, 'milesRequested': 70, 'WhPerMile': 273, 'minutesAvailable': 281, 'modifiedAt': 'Mon, 22 Apr 2019 13:34:57 GMT', 'paymentRequired': True, 'requestedDeparture': 'Mon, 22 Apr 2019 18:15:26 GMT', 'kWhRequested': 19.11}]",000000560,2_39_88_24_2019-04-22 13:34:25.857524,2-39-88-24,CA-314,0002,0039,2019-04-22 06:34:26-07:00,2019-04-22 14:53:35-07:00,18.233,2019-04-22 10:14:31-07:00,America/Los_Angeles
5cd374a4f9af8b70b9789dd1,"[{'userID': 569, 'milesRequested': 150, 'WhPerMile': 300, 'minutesAvailable': 529, 'modifiedAt': 'Mon, 22 Apr 2019 14:10:02 GMT', 'paymentRequired': True, 'requestedDeparture': 'Mon, 22 Apr 2019 22:58:42 GMT', 'kWhRequested': 45.0}]",000000569,2_39_78_366_2019-04-22 14:09:41.678937,2-39-78-366,CA-323,0002,0039,2019-04-22 07:09:42-07:00,2019-04-22 18:05:06-07:00,38.687,2019-04-22 17:36:47-07:00,America/Los_Angeles
5cd374a4f9af8b70b9789dd2,"[{'userID': 1083, 'milesRequested': 10, 'WhPerMile': 400, 'minutesAvailable': 85, 'modifiedAt': 'Mon, 22 Apr 2019 14:54:56 GMT', 'paymentRequired': True, 'requestedDeparture': 'Mon, 22 Apr 2019 16:19:42 GMT', 'kWhRequested': 4.0}]",000001083,2_39_79_379_2019-04-22 14:54:42.318203,2-39-79-379,CA-327,0002,0039,2019-04-22 07:54:42-07:00,2019-04-22 17:14:33-07:00,3.235,2019-04-22 09:17:11-07:00,America/Los_Angeles
5cd374a4f9af8b70b9789dd3,"[{'userID': 858, 'milesRequested': 20, 'WhPerMile': 400, 'minutesAvailable': 223, 'modifiedAt': 'Mon, 22 Apr 2019 14:58:19 GMT', 'paymentRequired': True, 'requestedDeparture': 'Mon, 22 Apr 2019 18:41:03 GMT', 'kWhRequested': 8.0}]",000000858,2_39_123_23_2019-04-22 14:58:02.631982,2-39-123-23,CA-313,0002,0039,2019-04-22 07:58:03-07:00,2019-04-22 11:53:18-07:00,3.579,2019-04-22 09:07:12-07:00,America/Los_Angeles
5cd374a4f9af8b70b9789dd4,"[{'userID': 632, 'milesRequested': 40, 'WhPerMile': 400, 'minutesAvailable': 575, 'modifiedAt': 'Mon, 22 Apr 2019 15:06:02 GMT', 'paymentRequired': True, 'requestedDeparture': 'Tue, 23 Apr 2019 00:39:37 GMT', 'kWhRequested': 16.0}]",000000632,2_39_79_382_2019-04-22 15:04:37.233934,2-39-79-382,CA-491,0002,0039,2019-04-22 08:04:37-07:00,2019-04-22 19:24:31-07:00,15.864,2019-04-22 14:07:45-07:00,America/Los_Angeles
5cd374a4f9af8b70b9789dd5,,,2_39_92_436_2019-04-22 15:15:44.808306,2-39-92-436,CA-318,0002,0039,2019-04-22 08:15:45-07:00,2019-04-22 11:23:51-07:00,0.755,2019-04-22 10:09:19-07:00,America/Los_Angeles
5cd374a4f9af8b70b9789dd6,"[{'userID': 945, 'milesRequested': 50, 'WhPerMile': 600, 'minutesAvailable': 555, 'modifiedAt': 'Mon, 22 Apr 2019 15:23:15 GMT', 'paymentRequired': True, 'requestedDeparture': 'Tue, 23 Apr 2019 00:38:09 GMT', 'kWhRequested': 30.0}]",000000945,2_39_78_363_2019-04-22 15:23:09.074933,2-39-78-363,CA-320,0002,0039,2019-04-22 08:23:09-07:00,2019-04-22 09:54:33-07:00,7.884,2019-04-22 09:54:32-07:00,America/Los_Angeles
5cd374a4f9af8b70b9789dd7,"[{'userID': 818, 'milesRequested': 180, 'WhPerMile': 250, 'minutesAvailable': 478, 'modifiedAt': 'Mon, 22 Apr 2019 15:23:52 GMT', 'paymentRequired': True, 'requestedDeparture': 'Mon, 22 Apr 2019 23:21:11 GMT', 'kWhRequested': 45.0}]",000000818,2_39_92_442_2019-04-22 15:23:11.139473,2-39-92-442,CA-498,0002,0039,2019-04-22 08:23:11-07:00,2019-04-22 16:52:28-07:00,44.876,2019-04-22 15:05:55-07:00,America/Los_Angeles
5cd374a4f9af8b70b9789dd8,"[{'userID': 1470, 'milesRequested': 60, 'WhPerMile': 292, 'minutesAvailable': 312, 'modifiedAt': 'Mon, 22 Apr 2019 15:26:09 GMT', 'paymentRequired': True, 'requestedDeparture': 'Mon, 22 Apr 2019 20:37:49 GMT', 'kWhRequested': 17.52}]",000001470,2_39_79_377_2019-04-22 15:25:49.020778,2-39-79-377,CA-325,0002,0039,2019-04-22 08:25:49-07:00,2019-04-22 16:46:49-07:00,9.686,2019-04-22 10:57:23-07:00,America/Los_Angeles
5cd374a4f9af8b70b9789dd9,"[{'userID': 559, 'milesRequested': 50, 'WhPerMile': 313, 'minutesAvailable': 537, 'modifiedAt': 'Mon, 22 Apr 2019 15:30:18 GMT', 'paymentRequired': True, 'requestedDeparture': 'Tue, 23 Apr 2019 00:27:00 GMT', 'kWhRequested': 15.65}]",000000559,2_39_139_28_2019-04-22 15:30:00.401983,2-39-139-28,CA-303,0002,0039,2019-04-22 08:30:00-07:00,2019-04-22 17:31:47-07:00,12.298,2019-04-22 12:19:44-07:00,America/Los_Angeles
5cd374a4f9af8b70b9789dda,"[{'userID': 1222, 'milesRequested': 20, 'WhPerMile': 400, 'minutesAvailable': 72, 'modifiedAt': 'Mon, 22 Apr 2019 15:32:56 GMT', 'paymentRequired': True, 'requestedDeparture': 'Mon, 22 Apr 2019 16:44:29 GMT', 'kWhRequested': 8.0}]",000001222,2_39_89_25_2019-04-22 15:32:28.889960,2-39-89-25,CA-315,0002,0039,2019-04-22 08:32:29-07:00,2019-04-23 00:06:53-07:00,6.143,2019-04-22 10:32:48-07:00,America/Los_Angeles
5cd374a4f9af8b70b9789ddb,"[{'userID': 1126, 'milesRequested': 80, 'WhPerMile': 250, 'minutesAvailable': 418, 'modifiedAt': 'Mon, 22 Apr 2019 15:34:03 GMT', 'paymentRequired': True, 'requestedDeparture': 'Mon, 22 Apr 2019 22:31:53 GMT', 'kWhRequested': 20.0}]",000001126,2_39_79_380_2019-04-22 15:33:52.978485,2-39-79-380,CA-489,0002,0039,2019-04-22 08:33:53-07:00,2019-04-22 17:06:30-07:00,1.625,2019-04-22 09:09:04-07:00,America/Los_Angeles
5cd374a4f9af8b70b9789ddc,"[{'userID': 712, 'milesRequested': 50, 'WhPerMile': 600, 'minutesAvailable': 379, 'modifiedAt': 'Mon, 22 Apr 2019 15:38:43 GMT', 'paymentRequired': True, 'requestedDeparture': 'Mon, 22 Apr 2019 21:57:35 GMT', 'kWhRequested': 30.0}]",000000712,2_39_129_17_2019-04-22 15:38:34.518095,2-39-129-17,CA-307,0002,0039,2019-04-22 08:38:35-07:00,2019-04-22 18:30:12-07:00,12.183,2019-04-22 12:05:19-07:00,America/Los_Angeles
5cd374a4f9af8b70b9789ddd,"[{'userID': 1104, 'milesRequested': 120, 'WhPerMile': 250, 'minutesAvailable': 428, 'modifiedAt': 'Mon, 22 Apr 2019 15:43:46 GMT', 'paymentRequired': True, 'requestedDeparture': 'Mon, 22 Apr 2019 22:51:23 GMT', 'kWhRequested': 30.0}]",000001104,2_39_79_383_2019-04-22 15:43:22.859011,2-39-79-383,CA-492,0002,0039,2019-04-22 08:43:23-07:00,2019-04-22 17:47:00-07:00,20.14,2019-04-22 12:50:31-07:00,America/Los_Angeles
5cd374a4f9af8b70b9789dde,"[{'userID': 714, 'milesRequested': 90, 'WhPerMile': 200, 'minutesAvailable': 364, 'modifiedAt': 'Mon, 22 Apr 2019 15:52:37 GMT', 'paymentRequired': True, 'requestedDeparture': 'Mon, 22 Apr 2019 21:56:14 GMT', 'kWhRequested': 18.0}]",000000714,2_39_79_378_2019-04-22 15:52:14.311395,2-39-79-378,CA-326,0002,0039,2019-04-22 08:52:14-07:00,2019-04-22 17:32:32-07:00,7.341,2019-04-22 11:39:18-07:00,America/Los_Angeles
5cd374a4f9af8b70b9789ddf,"[{'userID': 891, 'milesRequested': 20, 'WhPerMile': 300, 'minutesAvailable': 310, 'modifiedAt': 'Mon, 22 Apr 2019 15:59:12 GMT', 'paymentRequired': True, 'requestedDeparture': 'Mon, 22 Apr 2019 21:09:08 GMT', 'kWhRequested': 6.0}]",000000891,2_39_131_30_2019-04-22 15:59:07.836335,2-39-131-30,CA-305,0002,0039,2019-04-22 08:59:08-07:00,2019-04-22 10:33:58-07:00,3.391,2019-04-22 10:10:11-07:00,America/Los_Angeles
5cd374a4f9af8b70b9789de0,"[{'userID': 1534, 'milesRequested': 30, 'WhPerMile': 250, 'minutesAvailable': 404, 'modifiedAt': 'Mon, 22 Apr 2019 16:08:50 GMT', 'paymentRequired': True, 'requestedDeparture': 'Mon, 22 Apr 2019 22:52:45 GMT', 'kWhRequested': 7.5}]",000001534,2_39_128_562_2019-04-22 16:08:44.682137,2-39-128-562,CA-508,0002,0039,2019-04-22 09:08:45-07:00,2019-04-22 17:19:45-07:00,7.384,2019-04-22 17:03:20-07:00,America/Los_Angeles
5cd374a4f9af8b70b9789de1,"[{'userID': 567, 'milesRequested': 20, 'WhPerMile': 333, 'minutesAvailable': 425, 'modifiedAt': 'Mon, 22 Apr 2019 16:11:07 GMT', 'paymentRequired': True, 'requestedDeparture': 'Mon, 22 Apr 2019 23:15:27 GMT', 'kWhRequested': 6.66}]",000000567,2_39_138_29_2019-04-22 16:10:26.983549,2-39-138-29,CA-304,0002,0039,2019-04-22 09:10:27-07:00,2019-04-22 19:27:53-07:00,3.95,2019-04-22 10:22:49-07:00,America/Los_Angeles
5cd374a4f9af8b70b9789de2,"[{'userID': 1137, 'milesRequested': 40, 'WhPerMile': 400, 'minutesAvailable': 250, 'modifiedAt': 'Mon, 22 Apr 2019 16:15:06 GMT', 'paymentRequired': True, 'requestedDeparture': 'Mon, 22 Apr 2019 20:24:58 GMT', 'kWhRequested': 16.0}]",000001137,2_39_78_360_2019-04-22 16:14:57.620491,2-39-78-360,CA-322,0002,0039,2019-04-22 09:14:58-07:00,2019-04-22 16:54:25-07:00,5.046,2019-04-22 11:13:02-07:00,America/Los_Angeles
5cd374a4f9af8b70b9789de3,"[{'userID': 1120, 'milesRequested': 60, 'WhPerMile': 375, 'minutesAvailable': 445, 'modifiedAt': 'Mon, 22 Apr 2019 16:19:48 GMT', 'paymentRequired': True, 'requestedDeparture': 'Mon, 22 Apr 2019 23:44:38 GMT', 'kWhRequested': 22.5}]",000001120,2_39_79_376_2019-04-22 16:19:37.729130,2-39-79-376,CA-324,0002,0039,2019-04-22 09:19:38-07:00,2019-04-22 17:04:26-07:00,9.524,2019-04-22 12:08:48-07:00,America/Los_Angeles
5cd374a4f9af8b70b9789de4,"[{'userID': 69, 'milesRequested': 100, 'WhPerMile': 300, 'minutesAvailable': 310, 'modifiedAt': 'Mon, 22 Apr 2019 16:19:57 GMT', 'paymentRequired': True, 'requestedDeparture': 'Mon, 22 Apr 2019 21:29:58 GMT', 'kWhRequested': 30.0}]",000000069,2_39_89_439_2019-04-22 16:19:45.173221,2-39-89-439,CA-501,0002,0039,2019-04-22 09:19:58-07:00,2019-04-22 19:46:29-07:00,12.597,2019-04-22 11:22:58-07:00,America/Los_Angeles
5cd374a4f9af8b70b9789de5,,,2_39_78_364_2019-04-22 16:28:55.261183,2-39-78-364,CA-495,0002,0039,2019-04-22 09:28:55-07:00,2019-04-22 13:14:09-07:00,0.864,2019-04-22 12:30:56-07:00,America/Los_Angeles
5cd374a4f9af8b70b9789de6,"[{'userID': 743, 'milesRequested': 20, 'WhPerMile': 400, 'minutesAvailable': 478, 'modifiedAt': 'Mon, 22 Apr 2019 16:32:29 GMT', 'paymentRequired': True, 'requestedDeparture': 'Tue, 23 Apr 2019 00:30:07 GMT', 'kWhRequested': 8.0}]",000000743,2_39_88_438_2019-04-22 16:32:06.955578,2-39-88-438,CA-502,0002,0039,2019-04-22 09:32:07-07:00,2019-04-22 17:32:33-07:00,3.963,2019-04-22 11:23:45-07:00,America/Los_Angeles
5cd374a4f9af8b70b9789de7,"[{'userID': 697, 'milesRequested': 20, 'WhPerMile': 300, 'minutesAvailable': 366, 'modifiedAt': 'Mon, 22 Apr 2019 16:38:27 GMT', 'paymentRequired': True, 'requestedDeparture': 'Mon, 22 Apr 2019 22:44:27 GMT', 'kWhRequested': 6.0}]",000000697,2_39_78_367_2019-04-22 16:38:25.628472,2-39-78-367,CA-494,0002,0039,2019-04-22 09:38:27-07:00,2019-04-22 12:59:50-07:00,5.898,2019-04-22 13:00:48-07:00,America/Los_Angeles
5cd374a4f9af8b70b9789de8,"[{'userID': 1912, 'milesRequested': 40, 'WhPerMile': 400, 'minutesAvailable': 190, 'modifiedAt': 'Mon, 22 Apr 2019 16:39:30 GMT', 'paymentRequired': True, 'requestedDeparture': 'Mon, 22 Apr 2019 19:49:24 GMT', 'kWhRequested': 16.0}]",000001912,2_39_90_26_2019-04-22 16:39:23.864281,2-39-90-26,CA-316,0002,0039,2019-04-22 09:39:24-07:00,2019-04-22 12:52:49-07:00,5.331,2019-04-22 10:49:16-07:00,America/Los_Angeles
5cd374a4f9af8b70b9789de9,"[{'userID': 558, 'milesRequested': 80, 'WhPerMile': 200, 'minutesAvailable': 539, 'modifiedAt': 'Mon, 22 Apr 2019 16:59:06 GMT', 'paymentRequired': True, 'requestedDeparture': 'Tue, 23 Apr 2019 01:58:01 GMT', 'kWhRequested': 16.0}]",000000558,2_39_91_437_2019-04-22 16:59:00.981455,2-39-91-437,CA-317,0002,0039,2019-04-22 09:59:01-07:00,2019-04-22 19:14:35-07:00,13.071,2019-04-22 12:02:45-07:00,America/Los_Angeles
5cd374a4f9af8b70b9789dea,"[{'userID': 1095, 'milesRequested': 20, 'WhPerMile': 469, 'minutesAvailable': 376, 'modifiedAt': 'Mon, 22 Apr 2019 17:09:22 GMT', 'paymentRequired': True, 'requestedDeparture': 'Mon, 22 Apr 2019 23:25:15 GMT', 'kWhRequested': 9.38}]",000001095,2_39_95_27_2019-04-22 17:09:15.120407,2-39-95-27,CA-319,0002,0039,2019-04-22 10:09:15-07:00,2019-04-22 18:04:46-07:00,8.74,2019-04-22 11:57:56-07:00,America/Los_Angeles
5cd374a4f9af8b70b9789deb,"[{'userID': 668, 'milesRequested': 20, 'WhPerMile': 400, 'minutesAvailable': 199, 'modifiedAt': 'Mon, 22 Apr 2019 17:27:20 GMT', 'paymentRequired': True, 'requestedDeparture': 'Mon, 22 Apr 2019 20:46:14 GMT', 'kWhRequested': 8.0}]",000000668,2_39_91_441_2019-04-22 17:27:13.666556,2-39-91-441,CA-499,0002,0039,2019-04-22 10:27:14-07:00,2019-04-22 17:50:57-07:00,5.74,2019-04-22 11:24:01-07:00,America/Los_Angeles
5cd374a4f9af8b70b9789dec,,,2_39_78_362_2019-04-22 17:32:35.752235,2-39-78-362,CA-496,0002,0039,2019-04-22 10:32:36-07:00,2019-04-22 17:58:23-07:00,0.958,2019-04-22 17:59:22-07:00,America/Los_Angeles
5cd374a4f9af8b70b9789ded,"[{'userID': 1309, 'milesRequested': 60, 'WhPerMile': 450, 'minutesAvailable': 60, 'modifiedAt': 'Mon, 22 Apr 2019 17:54:00 GMT', 'paymentRequired': True, 'requestedDeparture': 'Mon, 22 Apr 2019 18:37:47 GMT', 'kWhRequested': 27.0}]",000001309,2_39_131_30_2019-04-22 17:37:47.019964,2-39-131-30,CA-305,0002,0039,2019-04-22 10:37:47-07:00,2019-04-22 11:17:07-07:00,2.912,2019-04-22 11:17:02-07:00,America/Los_Angeles
5cd374a4f9af8b70b9789dee,,,2_39_78_365_2019-04-22 17:56:43.842916,2-39-78-365,CA-321,0002,0039,2019-04-22 10:56:44-07:00,2019-04-22 16:36:00-07:00,0.969,2019-04-22 12:53:42-07:00,America/Los_Angeles
5cd374a4f9af8b70b9789def,"[{'userID': 1124, 'milesRequested': 20, 'WhPerMile': 450, 'minutesAvailable': 60, 'modifiedAt': 'Mon, 22 Apr 2019 18:37:32 GMT', 'paymentRequired': True, 'requestedDeparture': 'Mon, 22 Apr 2019 19:37:12 GMT', 'kWhRequested': 9.0}]",000001124,2_39_78_363_2019-04-22 18:37:11.643634,2-39-78-363,CA-320,0002,0039,2019-04-22 11:37:12-07:00,2019-04-22 18:57:01-07:00,6.637,2019-04-22 13:39:10-07:00,America/Los_Angeles
5cd374a4f9af8b70b9789df0,"[{'userID': 324, 'milesRequested': 20, 'WhPerMile': 600, 'minutesAvailable': 298, 'modifiedAt': 'Mon, 22 Apr 2019 19:07:05 GMT', 'paymentRequired': True, 'requestedDeparture': 'Tue, 23 Apr 2019 00:04:36 GMT', 'kWhRequested': 12.0}]",000000324,2_39_92_436_2019-04-22 19:06:36.266953,2-39-92-436,CA-318,0002,0039,2019-04-22 12:06:36-07:00,2019-04-22 22:38:02-07:00,1.788,2019-04-22 13:02:41-07:00,America/Los_Angeles
5cd374a4f9af8b70b9789df1,,,2_39_95_444_2019-04-22 19:19:15.098838,2-39-95-444,CA-497,0002,0039,2019-04-22 12:19:15-07:00,2019-04-22 16:08:52-07:00,0.888,2019-04-22 12:49:28-07:00,America/Los_Angeles
5cd374a4f9af8b70b9789df2,"[{'userID': 697, 'milesRequested': 40, 'WhPerMile': 300, 'minutesAvailable': 366, 'modifiedAt': 'Mon, 22 Apr 2019 20:01:09 GMT', 'paymentRequired': True, 'requestedDeparture': 'Tue, 23 Apr 2019 02:05:55 GMT', 'kWhRequested': 12.0}]",000000697,2_39_78_367_2019-04-22 19:59:54.687364,2-39-78-367,CA-494,0002,0039,2019-04-22 12:59:55-07:00,2019-04-22 18:26:58-07:00,8.851,2019-04-22 17:02:34-07:00,America/Los_Angeles
5cd374a4f9af8b70b9789df3,"[{'userID': 1135, 'milesRequested': 50, 'WhPerMile': 400, 'minutesAvailable': 150, 'modifiedAt': 'Mon, 22 Apr 2019 20:02:58 GMT', 'paymentRequired': True, 'requestedDeparture': 'Mon, 22 Apr 2019 22:32:49 GMT', 'kWhRequested': 20.0}]",000001135,2_39_90_440_2019-04-22 20:02:48.792059,2-39-90-440,CA-500,0002,0039,2019-04-22 13:02:49-07:00,2019-04-22 15:05:46-07:00,7.247,2019-04-22 15:05:41-07:00,America/Los_Angeles
5cd374a4f9af8b70b9789df4,"[{'userID': 891, 'milesRequested': 20, 'WhPerMile': 300, 'minutesAvailable': 310, 'modifiedAt': 'Mon, 22 Apr 2019 20:29:51 GMT', 'paymentRequired': True, 'requestedDeparture': 'Tue, 23 Apr 2019 01:39:41 GMT', 'kWhRequested': 6.0}]",000000891,2_39_124_22_2019-04-22 20:29:40.929352,2-39-124-22,CA-312,0002,0039,2019-04-22 13:29:41-07:00,2019-04-22 18:15:27-07:00,2.243,2019-04-22 14:19:00-07:00,America/Los_Angeles
5cd374a4f9af8b70b9789df5,"[{'userID': 1236, 'milesRequested': 20, 'WhPerMile': 400, 'minutesAvailable': 71, 'modifiedAt': 'Mon, 22 Apr 2019 20:53:36 GMT', 'paymentRequired': True, 'requestedDeparture': 'Mon, 22 Apr 2019 22:00:57 GMT', 'kWhRequested': 8.0}]",000001236,2_39_131_30_2019-04-22 20:49:57.030347,2-39-131-30,CA-305,0002,0039,2019-04-22 13:49:57-07:00,2019-04-22 14:45:39-07:00,2.923,2019-04-22 14:45:34-07:00,America/Los_Angeles
5cd374a4f9af8b70b9789df6,"[{'userID': 515, 'milesRequested': 110, 'WhPerMile': 250, 'minutesAvailable': 258, 'modifiedAt': 'Mon, 22 Apr 2019 20:54:43 GMT', 'paymentRequired': True, 'requestedDeparture': 'Tue, 23 Apr 2019 01:12:06 GMT', 'kWhRequested': 27.5}, {'userID': 515, 'milesRequested': 110, 'WhPerMile': 250, 'minutesAvailable': 258, 'modifiedAt': 'Mon, 22 Apr 2019 23:04:02 GMT', 'paymentRequired': True, 'requestedDeparture': 'Tue, 23 Apr 2019 01:12:06 GMT', 'kWhRequested': 27.5}]",000000515,2_39_90_26_2019-04-22 20:54:05.929090,2-39-90-26,CA-316,0002,0039,2019-04-22 13:54:06-07:00,2019-04-22 18:12:13-07:00,21.413,2019-04-22 18:08:40-07:00,America/Los_Angeles
5cd374a4f9af8b70b9789df7,"[{'userID': 774, 'milesRequested': 20, 'WhPerMile': 400, 'minutesAvailable': 60, 'modifiedAt': 'Mon, 22 Apr 2019 23:38:03 GMT', 'paymentRequired': True, 'requestedDeparture': 'Tue, 23 Apr 2019 00:37:42 GMT', 'kWhRequested': 8.0}]",000000774,2_39_123_23_2019-04-22 23:37:41.626688,2-39-123-23,CA-313,0002,0039,2019-04-22 16:37:42-07:00,2019-04-22 17:59:16-07:00,2.76,2019-04-22 17:32:47-07:00,America/Los_Angeles
5cd374a4f9af8b70b9789df8,"[{'userID': 1164, 'milesRequested': 20, 'WhPerMile': 525, 'minutesAvailable': 324, 'modifiedAt': 'Tue, 23 Apr 2019 01:12:51 GMT', 'paymentRequired': True, 'requestedDeparture': 'Tue, 23 Apr 2019 06:36:25 GMT', 'kWhRequested': 10.5}]",000001164,2_39_126_20_2019-04-23 01:12:24.711979,2-39-126-20,CA-310,0002,0039,2019-04-22 18:12:25-07:00,2019-04-22 19:39:13-07:00,4.804,2019-04-22 19:39:08-07:00,America/Los_Angeles
5cd374a4f9af8b70b9789df9,"[{'userID': 433, 'milesRequested': 30, 'WhPerMile': 600, 'minutesAvailable': 166, 'modifiedAt': 'Tue, 23 Apr 2019 02:31:29 GMT', 'paymentRequired': True, 'requestedDeparture': 'Tue, 23 Apr 2019 05:17:23 GMT', 'kWhRequested': 18.0}]",000000433,2_39_139_28_2019-04-23 02:31:22.535424,2-39-139-28,CA-303,0002,0039,2019-04-22 19:31:23-07:00,2019-04-22 20:40:12-07:00,4.049,2019-04-22 20:40:08-07:00,America/Los_Angeles
5cd374a4f9af8b70b9789dfa,"[{'userID': 300, 'milesRequested': 80, 'WhPerMile': 400, 'minutesAvailable': 336, 'modifiedAt': 'Tue, 23 Apr 2019 05:18:50 GMT', 'paymentRequired': True, 'requestedDeparture': 'Tue, 23 Apr 2019 10:54:34 GMT', 'kWhRequested': 32.0}, {'userID': 300, 'milesRequested': 80, 'WhPerMile': 400, 'minutesAvailable': 336, 'modifiedAt': 'Tue, 23 Apr 2019 06:00:19 GMT', 'paymentRequired': True, 'requestedDeparture': 'Tue, 23 Apr 2019 10:54:34 GMT', 'kWhRequested': 32.0}]",000000300,2_39_79_378_2019-04-23 05:18:33.664109,2-39-79-378,CA-326,0002,0039,2019-04-22 22:18:34-07:00,2019-04-23 07:04:46-07:00,12.726,2019-04-23 01:08:47-07:00,America/Los_Angeles
5cd4c621f9af8b748c466315,"[{'userID': 569, 'milesRequested': 30, 'WhPerMile': 300, 'minutesAvailable': 529, 'modifiedAt': 'Tue, 23 Apr 2019 14:07:23 GMT', 'paymentRequired': True, 'requestedDeparture': 'Tue, 23 Apr 2019 22:55:37 GMT', 'kWhRequested': 9.0}]",000000569,2_39_78_366_2019-04-23 14:06:36.728965,2-39-78-366,CA-323,0002,0039,2019-04-23 07:06:37-07:00,2019-04-23 17:27:29-07:00,5.986,2019-04-23 11:16:24-07:00,America/Los_Angeles
5cd4c621f9af8b748c466316,"[{'userID': 676, 'milesRequested': 60, 'WhPerMile': 364, 'minutesAvailable': 473, 'modifiedAt': 'Tue, 23 Apr 2019 14:54:12 GMT', 'paymentRequired': True, 'requestedDeparture': 'Tue, 23 Apr 2019 22:47:13 GMT', 'kWhRequested': 21.84}]",000000676,2_39_79_379_2019-04-23 14:54:00.361853,2-39-79-379,CA-327,0002,0039,2019-04-23 07:54:13-07:00,2019-04-23 18:37:45-07:00,16.118,2019-04-23 13:11:39-07:00,America/Los_Angeles
5cd4c621f9af8b748c466317,"[{'userID': 1083, 'milesRequested': 20, 'WhPerMile': 400, 'minutesAvailable': 179, 'modifiedAt': 'Tue, 23 Apr 2019 14:56:51 GMT', 'paymentRequired': True, 'requestedDeparture': 'Tue, 23 Apr 2019 17:55:30 GMT', 'kWhRequested': 8.0}]",000001083,2_39_79_377_2019-04-23 14:56:30.124143,2-39-79-377,CA-325,0002,0039,2019-04-23 07:56:30-07:00,2019-04-23 19:51:16-07:00,6.082,2019-04-23 16:18:51-07:00,America/Los_Angeles
5cd4c621f9af8b748c466318,"[{'userID': 858, 'milesRequested': 20, 'WhPerMile': 400, 'minutesAvailable': 223, 'modifiedAt': 'Tue, 23 Apr 2019 15:02:20 GMT', 'paymentRequired': True, 'requestedDeparture': 'Tue, 23 Apr 2019 18:45:14 GMT', 'kWhRequested': 8.0}]",000000858,2_39_123_23_2019-04-23 15:02:14.009386,2-39-123-23,CA-313,0002,0039,2019-04-23 08:02:14-07:00,2019-04-23 16:41:07-07:00,5.1,2019-04-23 09:39:27-07:00,America/Los_Angeles
5cd4c621f9af8b748c466319,"[{'userID': 559, 'milesRequested': 30, 'WhPerMile': 313, 'minutesAvailable': 485, 'modifiedAt': 'Tue, 23 Apr 2019 15:30:29 GMT', 'paymentRequired': True, 'requestedDeparture': 'Tue, 23 Apr 2019 23:35:07 GMT', 'kWhRequested': 9.39}]",000000559,2_39_139_28_2019-04-23 15:30:07.145888,2-39-139-28,CA-303,0002,0039,2019-04-23 08:30:07-07:00,2019-04-23 17:22:54-07:00,6.636,2019-04-23 10:29:15-07:00,America/Los_Angeles
5cd4c621f9af8b748c46631a,"[{'userID': 1126, 'milesRequested': 80, 'WhPerMile': 250, 'minutesAvailable': 418, 'modifiedAt': 'Tue, 23 Apr 2019 15:34:01 GMT', 'paymentRequired': True, 'requestedDeparture': 'Tue, 23 Apr 2019 22:31:51 GMT', 'kWhRequested': 20.0}]",000001126,2_39_79_381_2019-04-23 15:33:50.683912,2-39-79-381,CA-490,0002,0039,2019-04-23 08:33:51-07:00,2019-04-23 17:28:55-07:00,1.215,2019-04-23 08:53:32-07:00,America/Los_Angeles
5cd4c621f9af8b748c46631b,"[{'userID': 1366, 'milesRequested': 20, 'WhPerMile': 600, 'minutesAvailable': 333, 'modifiedAt': 'Tue, 23 Apr 2019 16:07:16 GMT', 'paymentRequired': True, 'requestedDeparture': 'Tue, 23 Apr 2019 21:07:15 GMT', 'kWhRequested': 12.0}, {'userID': 1366, 'milesRequested': 20, 'WhPerMile': 600, 'minutesAvailable': 174, 'modifiedAt': 'Tue, 23 Apr 2019 16:07:32 GMT', 'paymentRequired': True, 'requestedDeparture': 'Tue, 23 Apr 2019 18:28:15 GMT', 'kWhRequested': 12.0}]",000001366,2_39_78_365_2019-04-23 15:34:15.355203,2-39-78-365,CA-321,0002,0039,2019-04-23 08:34:15-07:00,2019-04-23 13:12:15-07:00,6.233,2019-04-23 10:52:10-07:00,America/Los_Angeles
5cd4c621f9af8b748c46631c,"[{'userID': 1534, 'milesRequested': 40, 'WhPerMile': 250, 'minutesAvailable': 404, 'modifiedAt': 'Tue, 23 Apr 2019 15:36:06 GMT', 'paymentRequired': True, 'requestedDeparture': 'Tue, 23 Apr 2019 22:19:59 GMT', 'kWhRequested': 10.0}]",000001534,2_39_126_560_2019-04-23 15:35:58.527945,2-39-126-560,CA-506,0002,0039,2019-04-23 08:35:59-07:00,2019-04-23 12:46:36-07:00,8.127,2019-04-23 11:15:10-07:00,America/Los_Angeles
5cd4c621f9af8b748c46631d,"[{'userID': 712, 'milesRequested': 30, 'WhPerMile': 600, 'minutesAvailable': 379, 'modifiedAt': 'Tue, 23 Apr 2019 15:41:57 GMT', 'paymentRequired': True, 'requestedDeparture': 'Tue, 23 Apr 2019 22:00:55 GMT', 'kWhRequested': 18.0}]",000000712,2_39_131_30_2019-04-23 15:41:55.261199,2-39-131-30,CA-305,0002,0039,2019-04-23 08:41:55-07:00,2019-04-23 17:34:34-07:00,4.237,2019-04-23 09:57:54-07:00,America/Los_Angeles
5cd4c621f9af8b748c46631e,"[{'userID': 1104, 'milesRequested': 120, 'WhPerMile': 250, 'minutesAvailable': 428, 'modifiedAt': 'Tue, 23 Apr 2019 15:53:51 GMT', 'paymentRequired': True, 'requestedDeparture': 'Tue, 23 Apr 2019 23:00:13 GMT', 'kWhRequested': 30.0}]",000001104,2_39_92_442_2019-04-23 15:52:12.700270,2-39-92-442,CA-498,0002,0039,2019-04-23 08:52:13-07:00,2019-04-23 16:48:27-07:00,17.792,2019-04-23 11:37:23-07:00,America/Los_Angeles
5cd4c621f9af8b748c46631f,"[{'userID': 1120, 'milesRequested': 60, 'WhPerMile': 375, 'minutesAvailable': 445, 'modifiedAt': 'Tue, 23 Apr 2019 16:05:41 GMT', 'paymentRequired': True, 'requestedDeparture': 'Tue, 23 Apr 2019 23:30:25 GMT', 'kWhRequested': 22.5}]",000001120,2_39_79_378_2019-04-23 16:05:25.355552,2-39-79-378,CA-326,0002,0039,2019-04-23 09:05:25-07:00,2019-04-23 17:32:31-07:00,3.349,2019-04-23 09:49:01-07:00,America/Los_Angeles
5cd4c621f9af8b748c466320,"[{'userID': 714, 'milesRequested': 90, 'WhPerMile': 200, 'minutesAvailable': 364, 'modifiedAt': 'Tue, 23 Apr 2019 16:06:52 GMT', 'paymentRequired': True, 'requestedDeparture': 'Tue, 23 Apr 2019 22:10:35 GMT', 'kWhRequested': 18.0}]",000000714,2_39_79_380_2019-04-23 16:06:34.751858,2-39-79-380,CA-489,0002,0039,2019-04-23 09:06:35-07:00,2019-04-23 17:46:57-07:00,6.397,2019-04-23 10:23:01-07:00,America/Los_Angeles
5cd4c621f9af8b748c466321,"[{'userID': 743, 'milesRequested': 20, 'WhPerMile': 400, 'minutesAvailable': 478, 'modifiedAt': 'Tue, 23 Apr 2019 16:08:59 GMT', 'paymentRequired': True, 'requestedDeparture': 'Wed, 24 Apr 2019 00:06:48 GMT', 'kWhRequested': 8.0}]",000000743,2_39_89_25_2019-04-23 16:08:47.737434,2-39-89-25,CA-315,0002,0039,2019-04-23 09:08:48-07:00,2019-04-23 17:44:30-07:00,3.975,2019-04-23 10:29:38-07:00,America/Los_Angeles
5cd4c621f9af8b748c466322,"[{'userID': 567, 'milesRequested': 20, 'WhPerMile': 333, 'minutesAvailable': 425, 'modifiedAt': 'Tue, 23 Apr 2019 16:10:34 GMT', 'paymentRequired': True, 'requestedDeparture': 'Tue, 23 Apr 2019 23:15:27 GMT', 'kWhRequested': 6.66}]",000000567,2_39_125_21_2019-04-23 16:10:27.176004,2-39-125-21,CA-311,0002,0039,2019-04-23 09:10:27-07:00,2019-04-23 18:34:14-07:00,6.155,2019-04-23 11:02:21-07:00,America/Los_Angeles
5cd4c621f9af8b748c466323,"[{'userID': 324, 'milesRequested': 20, 'WhPerMile': 600, 'minutesAvailable': 172, 'modifiedAt': 'Tue, 23 Apr 2019 16:11:56 GMT', 'paymentRequired': True, 'requestedDeparture': 'Tue, 23 Apr 2019 19:03:40 GMT', 'kWhRequested': 12.0}]",000000324,2_39_91_437_2019-04-23 16:11:39.900950,2-39-91-437,CA-317,0002,0039,2019-04-23 09:11:40-07:00,2019-04-23 17:35:13-07:00,2.156,2019-04-23 10:17:52-07:00,America/Los_Angeles
5cd4c621f9af8b748c466324,"[{'userID': 958, 'milesRequested': 100, 'WhPerMile': 400, 'minutesAvailable': 570, 'modifiedAt': 'Tue, 23 Apr 2019 16:14:51 GMT', 'paymentRequired': True, 'requestedDeparture': 'Wed, 24 Apr 2019 01:44:05 GMT', 'kWhRequested': 40.0}]",000000958,2_39_95_27_2019-04-23 16:14:04.970856,2-39-95-27,CA-319,0002,0039,2019-04-23 09:14:05-07:00,2019-04-23 19:13:40-07:00,10.776,2019-04-23 11:41:43-07:00,America/Los_Angeles
5cd4c621f9af8b748c466325,"[{'userID': 2149, 'milesRequested': 60, 'WhPerMile': 275, 'minutesAvailable': 336, 'modifiedAt': 'Tue, 23 Apr 2019 16:26:23 GMT', 'paymentRequired': True, 'requestedDeparture': 'Tue, 23 Apr 2019 22:02:24 GMT', 'kWhRequested': 16.5}, {'userID': 2149, 'milesRequested': 60, 'WhPerMile': 275, 'minutesAvailable': 336, 'modifiedAt': 'Tue, 23 Apr 2019 19:56:41 GMT', 'paymentRequired': True, 'requestedDeparture': 'Tue, 23 Apr 2019 22:02:24 GMT', 'kWhRequested': 16.5}]",000002149,2_39_123_557_2019-04-23 16:26:13.616051,2-39-123-557,CA-503,0002,0039,2019-04-23 09:26:24-07:00,2019-04-23 16:24:58-07:00,16.378,2019-04-23 12:01:19-07:00,America/Los_Angeles
5cd4c621f9af8b748c466326,"[{'userID': 1912, 'milesRequested': 40, 'WhPerMile': 400, 'minutesAvailable': 190, 'modifiedAt': 'Tue, 23 Apr 2019 16:46:06 GMT', 'paymentRequired': True, 'requestedDeparture': 'Tue, 23 Apr 2019 19:55:55 GMT', 'kWhRequested': 16.0}]",000001912,2_39_92_436_2019-04-23 16:45:54.960926,2-39-92-436,CA-318,0002,0039,2019-04-23 09:45:55-07:00,2019-04-23 16:30:18-07:00,14.281,2019-04-23 12:06:56-07:00,America/Los_Angeles
5cd4c621f9af8b748c466327,"[{'userID': 69, 'milesRequested': 100, 'WhPerMile': 300, 'minutesAvailable': 310, 'modifiedAt': 'Tue, 23 Apr 2019 16:51:18 GMT', 'paymentRequired': True, 'requestedDeparture': 'Tue, 23 Apr 2019 22:01:07 GMT', 'kWhRequested': 30.0}]",000000069,2_39_89_439_2019-04-23 16:51:07.178931,2-39-89-439,CA-501,0002,0039,2019-04-23 09:51:07-07:00,2019-04-23 18:00:50-07:00,9.858,2019-04-23 11:28:03-07:00,America/Los_Angeles
5cd4c621f9af8b748c466328,"[{'userID': 558, 'milesRequested': 60, 'WhPerMile': 200, 'minutesAvailable': 539, 'modifiedAt': 'Tue, 23 Apr 2019 17:02:33 GMT', 'paymentRequired': True, 'requestedDeparture': 'Wed, 24 Apr 2019 02:01:27 GMT', 'kWhRequested': 12.0}]",000000558,2_39_90_26_2019-04-23 17:02:27.300102,2-39-90-26,CA-316,0002,0039,2019-04-23 10:02:27-07:00,2019-04-23 19:09:14-07:00,10.901,2019-04-23 11:55:29-07:00,America/Los_Angeles
5cd4c621f9af8b748c466329,"[{'userID': 1095, 'milesRequested': 20, 'WhPerMile': 469, 'minutesAvailable': 376, 'modifiedAt': 'Tue, 23 Apr 2019 17:09:40 GMT', 'paymentRequired': True, 'requestedDeparture': 'Tue, 23 Apr 2019 23:25:35 GMT', 'kWhRequested': 9.38}]",000001095,2_39_78_367_2019-04-23 17:09:34.972947,2-39-78-367,CA-494,0002,0039,2019-04-23 10:09:35-07:00,2019-04-23 18:07:31-07:00,9.271,2019-04-23 13:31:35-07:00,America/Los_Angeles
5cd4c621f9af8b748c46632a,"[{'userID': 515, 'milesRequested': 40, 'WhPerMile': 250, 'minutesAvailable': 258, 'modifiedAt': 'Tue, 23 Apr 2019 17:17:48 GMT', 'paymentRequired': True, 'requestedDeparture': 'Tue, 23 Apr 2019 21:35:48 GMT', 'kWhRequested': 10.0}]",000000515,2_39_79_382_2019-04-23 17:17:47.712701,2-39-79-382,CA-491,0002,0039,2019-04-23 10:17:48-07:00,2019-04-23 18:13:42-07:00,7.74,2019-04-23 12:36:38-07:00,America/Los_Angeles
5cd4c621f9af8b748c46632b,,,2_39_95_444_2019-04-23 17:19:55.236706,2-39-95-444,CA-497,0002,0039,2019-04-23 10:19:55-07:00,2019-04-23 11:03:52-07:00,0.846,2019-04-23 10:50:27-07:00,America/Los_Angeles
5cd4c621f9af8b748c46632c,"[{'userID': 1137, 'milesRequested': 40, 'WhPerMile': 400, 'minutesAvailable': 250, 'modifiedAt': 'Tue, 23 Apr 2019 17:27:13 GMT', 'paymentRequired': True, 'requestedDeparture': 'Tue, 23 Apr 2019 21:36:42 GMT', 'kWhRequested': 16.0}]",000001137,2_39_78_360_2019-04-23 17:26:41.573954,2-39-78-360,CA-322,0002,0039,2019-04-23 10:26:42-07:00,2019-04-23 16:41:19-07:00,9.818,2019-04-23 12:49:16-07:00,America/Los_Angeles
5cd4c621f9af8b748c46632d,"[{'userID': 668, 'milesRequested': 20, 'WhPerMile': 400, 'minutesAvailable': 199, 'modifiedAt': 'Tue, 23 Apr 2019 17:28:40 GMT', 'paymentRequired': True, 'requestedDeparture': 'Tue, 23 Apr 2019 20:47:33 GMT', 'kWhRequested': 8.0}]",000000668,2_39_91_441_2019-04-23 17:28:32.910223,2-39-91-441,CA-499,0002,0039,2019-04-23 10:28:33-07:00,2019-04-23 12:09:57-07:00,7.904,2019-04-23 11:58:03-07:00,America/Los_Angeles
5cd4c621f9af8b748c46632e,,,2_39_78_361_2019-04-23 17:34:10.843692,2-39-78-361,CA-493,0002,0039,2019-04-23 10:34:11-07:00,2019-04-23 15:23:52-07:00,0.844,2019-04-23 15:15:20-07:00,America/Los_Angeles
5cd4c621f9af8b748c46632f,"[{'userID': 1135, 'milesRequested': 50, 'WhPerMile': 400, 'minutesAvailable': 150, 'modifiedAt': 'Tue, 23 Apr 2019 17:36:42 GMT', 'paymentRequired': True, 'requestedDeparture': 'Tue, 23 Apr 2019 20:06:37 GMT', 'kWhRequested': 20.0}]",000001135,2_39_90_440_2019-04-23 17:36:36.712405,2-39-90-440,CA-500,0002,0039,2019-04-23 10:36:37-07:00,2019-04-23 14:10:04-07:00,12.519,2019-04-23 14:10:00-07:00,America/Los_Angeles
5cd4c621f9af8b748c466330,"[{'userID': 1082, 'milesRequested': 40, 'WhPerMile': 400, 'minutesAvailable': 291, 'modifiedAt': 'Tue, 23 Apr 2019 17:39:07 GMT', 'paymentRequired': True, 'requestedDeparture': 'Tue, 23 Apr 2019 22:29:41 GMT', 'kWhRequested': 16.0}]",000001082,2_39_88_24_2019-04-23 17:38:41.311601,2-39-88-24,CA-314,0002,0039,2019-04-23 10:38:41-07:00,2019-04-23 19:25:37-07:00,2.083,2019-04-23 11:40:41-07:00,America/Los_Angeles
5cd4c621f9af8b748c466331,,,2_39_124_22_2019-04-23 19:28:44.254761,2-39-124-22,CA-312,0002,0039,2019-04-23 12:28:44-07:00,2019-04-23 13:44:32-07:00,0.85,2019-04-23 13:00:15-07:00,America/Los_Angeles
5cd4c621f9af8b748c466332,"[{'userID': 1093, 'milesRequested': 30, 'WhPerMile': 333, 'minutesAvailable': 272, 'modifiedAt': 'Tue, 23 Apr 2019 19:41:22 GMT', 'paymentRequired': True, 'requestedDeparture': 'Wed, 24 Apr 2019 00:13:05 GMT', 'kWhRequested': 9.99}]",000001093,2_39_138_29_2019-04-23 19:41:04.720577,2-39-138-29,CA-304,0002,0039,2019-04-23 12:41:05-07:00,2019-04-23 18:32:08-07:00,1.358,2019-04-23 13:15:45-07:00,America/Los_Angeles
5cd4c621f9af8b748c466333,"[{'userID': 891, 'milesRequested': 20, 'WhPerMile': 300, 'minutesAvailable': 310, 'modifiedAt': 'Tue, 23 Apr 2019 19:53:05 GMT', 'paymentRequired': True, 'requestedDeparture': 'Wed, 24 Apr 2019 01:02:54 GMT', 'kWhRequested': 6.0}]",000000891,2_39_78_362_2019-04-23 19:52:53.936518,2-39-78-362,CA-496,0002,0039,2019-04-23 12:52:54-07:00,2019-04-23 18:20:45-07:00,1.744,2019-04-23 18:21:45-07:00,America/Los_Angeles
5cd4c621f9af8b748c466334,"[{'userID': 1124, 'milesRequested': 20, 'WhPerMile': 450, 'minutesAvailable': 60, 'modifiedAt': 'Tue, 23 Apr 2019 19:55:37 GMT', 'paymentRequired': True, 'requestedDeparture': 'Tue, 23 Apr 2019 20:55:20 GMT', 'kWhRequested': 9.0}]",000001124,2_39_95_444_2019-04-23 19:55:19.690958,2-39-95-444,CA-497,0002,0039,2019-04-23 12:55:20-07:00,2019-04-23 19:31:57-07:00,6.631,2019-04-23 14:56:05-07:00,America/Los_Angeles
5cd4c621f9af8b748c466335,"[{'userID': 1470, 'milesRequested': 40, 'WhPerMile': 292, 'minutesAvailable': 312, 'modifiedAt': 'Tue, 23 Apr 2019 20:18:48 GMT', 'paymentRequired': True, 'requestedDeparture': 'Wed, 24 Apr 2019 01:30:33 GMT', 'kWhRequested': 11.68}]",000001470,2_39_79_376_2019-04-23 20:18:33.050970,2-39-79-376,CA-324,0002,0039,2019-04-23 13:18:33-07:00,2019-04-23 16:59:57-07:00,9.307,2019-04-23 14:40:43-07:00,America/Los_Angeles
5cd4c621f9af8b748c466336,,,2_39_78_365_2019-04-23 20:31:33.843397,2-39-78-365,CA-321,0002,0039,2019-04-23 13:31:34-07:00,2019-04-23 16:31:31-07:00,0.967,2019-04-23 16:18:44-07:00,America/Los_Angeles
5cd4c621f9af8b748c466337,"[{'userID': 1236, 'milesRequested': 20, 'WhPerMile': 400, 'minutesAvailable': 60, 'modifiedAt': 'Tue, 23 Apr 2019 20:42:25 GMT', 'paymentRequired': True, 'requestedDeparture': 'Tue, 23 Apr 2019 21:39:17 GMT', 'kWhRequested': 8.0}]",000001236,2_39_130_31_2019-04-23 20:39:16.709871,2-39-130-31,CA-306,0002,0039,2019-04-23 13:39:17-07:00,2019-04-23 14:49:57-07:00,3.778,2019-04-23 14:49:53-07:00,America/Los_Angeles
5cd4c621f9af8b748c466338,"[{'userID': 734, 'milesRequested': 120, 'WhPerMile': 275, 'minutesAvailable': 241, 'modifiedAt': 'Tue, 23 Apr 2019 21:17:48 GMT', 'paymentRequired': True, 'requestedDeparture': 'Wed, 24 Apr 2019 01:18:22 GMT', 'kWhRequested': 33.0}]",000000734,2_39_124_22_2019-04-23 21:17:22.019378,2-39-124-22,CA-312,0002,0039,2019-04-23 14:17:22-07:00,2019-04-23 18:20:38-07:00,22.538,2019-04-23 17:35:11-07:00,America/Los_Angeles
5cd4c621f9af8b748c466339,,,2_39_91_441_2019-04-23 22:47:44.846491,2-39-91-441,CA-499,0002,0039,2019-04-23 15:47:45-07:00,2019-04-23 16:52:30-07:00,0.888,2019-04-23 16:19:00-07:00,America/Los_Angeles
5cd4c621f9af8b748c46633a,,,2_39_78_361_2019-04-23 22:54:28.027593,2-39-78-361,CA-493,0002,0039,2019-04-23 15:54:28-07:00,2019-04-23 17:54:39-07:00,0.811,2019-04-23 16:34:36-07:00,America/Los_Angeles
5cd4c621f9af8b748c46633b,"[{'userID': 1746, 'milesRequested': 60, 'WhPerMile': 458, 'minutesAvailable': 96, 'modifiedAt': 'Tue, 23 Apr 2019 23:15:17 GMT', 'paymentRequired': True, 'requestedDeparture': 'Wed, 24 Apr 2019 00:50:29 GMT', 'kWhRequested': 27.48}, {'userID': 1746, 'milesRequested': 60, 'WhPerMile': 458, 'minutesAvailable': 96, 'modifiedAt': 'Wed, 24 Apr 2019 01:01:17 GMT', 'paymentRequired': True, 'requestedDeparture': 'Wed, 24 Apr 2019 00:50:29 GMT', 'kWhRequested': 27.48}]",000001746,2_39_130_31_2019-04-23 23:14:28.737709,2-39-130-31,CA-306,0002,0039,2019-04-23 16:14:29-07:00,2019-04-23 18:01:36-07:00,3.633,2019-04-23 17:26:19-07:00,America/Los_Angeles
5cd4c621f9af8b748c46633c,"[{'userID': 365, 'milesRequested': 30, 'WhPerMile': 333, 'minutesAvailable': 97, 'modifiedAt': 'Tue, 23 Apr 2019 23:52:42 GMT', 'paymentRequired': True, 'requestedDeparture': 'Wed, 24 Apr 2019 01:29:35 GMT', 'kWhRequested': 9.99}]",000000365,2_39_127_19_2019-04-23 23:52:34.850008,2-39-127-19,CA-309,0002,0039,2019-04-23 16:52:35-07:00,2019-04-23 17:40:36-07:00,1.235,2019-04-23 17:26:00-07:00,America/Los_Angeles
5cd4c621f9af8b748c46633d,"[{'userID': 1712, 'milesRequested': 20, 'WhPerMile': 400, 'minutesAvailable': 136, 'modifiedAt': 'Wed, 24 Apr 2019 01:24:18 GMT', 'paymentRequired': True, 'requestedDeparture': 'Wed, 24 Apr 2019 03:35:50 GMT', 'kWhRequested': 8.0}]",000001712,2_39_131_30_2019-04-24 01:19:49.520264,2-39-131-30,CA-305,0002,0039,2019-04-23 18:19:50-07:00,2019-04-23 19:38:03-07:00,4.225,2019-04-23 19:37:58-07:00,America/Los_Angeles
5cd4c621f9af8b748c46633e,"[{'userID': 1263, 'milesRequested': 70, 'WhPerMile': 250, 'minutesAvailable': 61, 'modifiedAt': 'Wed, 24 Apr 2019 03:18:57 GMT', 'paymentRequired': True, 'requestedDeparture': 'Wed, 24 Apr 2019 04:19:40 GMT', 'kWhRequested': 17.5}]",000001263,2_39_138_29_2019-04-24 03:18:39.793776,2-39-138-29,CA-304,0002,0039,2019-04-23 20:18:40-07:00,2019-04-23 22:00:36-07:00,11.773,2019-04-23 22:00:31-07:00,America/Los_Angeles
5cd617a5f9af8b785a0183ed,"[{'userID': 560, 'milesRequested': 70, 'WhPerMile': 273, 'minutesAvailable': 281, 'modifiedAt': 'Wed, 24 Apr 2019 13:36:03 GMT', 'paymentRequired': True, 'requestedDeparture': 'Wed, 24 Apr 2019 18:16:53 GMT', 'kWhRequested': 19.11}]",000000560,2_39_88_24_2019-04-24 13:35:52.676764,2-39-88-24,CA-314,0002,0039,2019-04-24 06:35:53-07:00,2019-04-24 11:58:37-07:00,18.454,2019-04-24 10:09:35-07:00,America/Los_Angeles
5cd617a5f9af8b785a0183ee,"[{'userID': 632, 'milesRequested': 40, 'WhPerMile': 400, 'minutesAvailable': 575, 'modifiedAt': 'Wed, 24 Apr 2019 15:00:53 GMT', 'paymentRequired': True, 'requestedDeparture': 'Thu, 25 Apr 2019 00:35:25 GMT', 'kWhRequested': 16.0}]",000000632,2_39_79_383_2019-04-24 15:00:25.425249,2-39-79-383,CA-492,0002,0039,2019-04-24 08:00:25-07:00,2019-04-24 17:32:28-07:00,15.706,2019-04-24 13:21:42-07:00,America/Los_Angeles
5cd617a5f9af8b785a0183ef,"[{'userID': 431, 'milesRequested': 80, 'WhPerMile': 300, 'minutesAvailable': 251, 'modifiedAt': 'Wed, 24 Apr 2019 15:05:55 GMT', 'paymentRequired': True, 'requestedDeparture': 'Wed, 24 Apr 2019 19:16:39 GMT', 'kWhRequested': 24.0}]",000000431,2_39_95_27_2019-04-24 15:05:39.077575,2-39-95-27,CA-319,0002,0039,2019-04-24 08:05:39-07:00,2019-04-24 12:16:09-07:00,20.234,2019-04-24 11:25:06-07:00,America/Los_Angeles
5cd617a5f9af8b785a0183f0,"[{'userID': 569, 'milesRequested': 40, 'WhPerMile': 300, 'minutesAvailable': 529, 'modifiedAt': 'Wed, 24 Apr 2019 15:14:03 GMT', 'paymentRequired': True, 'requestedDeparture': 'Thu, 25 Apr 2019 00:02:39 GMT', 'kWhRequested': 12.0}]",000000569,2_39_78_366_2019-04-24 15:13:38.532533,2-39-78-366,CA-323,0002,0039,2019-04-24 08:13:39-07:00,2019-04-24 17:09:53-07:00,6.251,2019-04-24 15:21:25-07:00,America/Los_Angeles
5cd617a5f9af8b785a0183f1,"[{'userID': 1524, 'milesRequested': 20, 'WhPerMile': 400, 'minutesAvailable': 204, 'modifiedAt': 'Wed, 24 Apr 2019 15:17:20 GMT', 'paymentRequired': True, 'requestedDeparture': 'Wed, 24 Apr 2019 18:39:23 GMT', 'kWhRequested': 8.0}]",000001524,2_39_78_367_2019-04-24 15:15:23.131518,2-39-78-367,CA-494,0002,0039,2019-04-24 08:15:23-07:00,2019-04-24 11:10:46-07:00,4.289,2019-04-24 11:10:38-07:00,America/Los_Angeles
5cd617a5f9af8b785a0183f2,"[{'userID': 712, 'milesRequested': 30, 'WhPerMile': 600, 'minutesAvailable': 379, 'modifiedAt': 'Wed, 24 Apr 2019 15:48:12 GMT', 'paymentRequired': True, 'requestedDeparture': 'Wed, 24 Apr 2019 22:06:58 GMT', 'kWhRequested': 18.0}]",000000712,2_39_131_30_2019-04-24 15:47:58.117568,2-39-131-30,CA-305,0002,0039,2019-04-24 08:47:58-07:00,2019-04-24 18:02:02-07:00,4.299,2019-04-24 10:04:37-07:00,America/Los_Angeles
5cd617a5f9af8b785a0183f3,"[{'userID': 1364, 'milesRequested': 60, 'WhPerMile': 400, 'minutesAvailable': 475, 'modifiedAt': 'Wed, 24 Apr 2019 15:54:29 GMT', 'paymentRequired': True, 'requestedDeparture': 'Wed, 24 Apr 2019 23:49:00 GMT', 'kWhRequested': 24.0}]",000001364,2_39_91_437_2019-04-24 15:53:59.885655,2-39-91-437,CA-317,0002,0039,2019-04-24 08:54:00-07:00,2019-04-24 17:46:23-07:00,8.42,2019-04-24 11:25:39-07:00,America/Los_Angeles
5cd617a5f9af8b785a0183f4,,,2_39_139_567_2019-04-24 16:00:35.943073,2-39-139-567,CA-513,0002,0039,2019-04-24 09:00:36-07:00,2019-04-24 10:01:37-07:00,0.88,2019-04-24 09:30:56-07:00,America/Los_Angeles
5cd617a5f9af8b785a0183f5,,,2_39_79_377_2019-04-24 16:01:22.482563,2-39-79-377,CA-325,0002,0039,2019-04-24 09:01:22-07:00,2019-04-24 17:32:20-07:00,0.843,2019-04-24 15:30:02-07:00,America/Los_Angeles
5cd617a5f9af8b785a0183f6,"[{'userID': 1957, 'milesRequested': 70, 'WhPerMile': 400, 'minutesAvailable': 498, 'modifiedAt': 'Wed, 24 Apr 2019 16:02:36 GMT', 'paymentRequired': True, 'requestedDeparture': 'Thu, 25 Apr 2019 00:20:07 GMT', 'kWhRequested': 28.0}]",000001957,2_39_92_442_2019-04-24 16:02:07.216956,2-39-92-442,CA-498,0002,0039,2019-04-24 09:02:07-07:00,2019-04-24 17:58:31-07:00,19.366,2019-04-24 11:56:57-07:00,America/Los_Angeles
5cd617a5f9af8b785a0183f7,"[{'userID': 743, 'milesRequested': 20, 'WhPerMile': 400, 'minutesAvailable': 478, 'modifiedAt': 'Wed, 24 Apr 2019 16:07:35 GMT', 'paymentRequired': True, 'requestedDeparture': 'Thu, 25 Apr 2019 00:05:24 GMT', 'kWhRequested': 8.0}]",000000743,2_39_89_25_2019-04-24 16:07:24.195961,2-39-89-25,CA-315,0002,0039,2019-04-24 09:07:24-07:00,2019-04-24 17:37:04-07:00,3.743,2019-04-24 10:25:21-07:00,America/Los_Angeles
5cd617a5f9af8b785a0183f8,"[{'userID': 1095, 'milesRequested': 20, 'WhPerMile': 469, 'minutesAvailable': 376, 'modifiedAt': 'Wed, 24 Apr 2019 16:11:39 GMT', 'paymentRequired': True, 'requestedDeparture': 'Wed, 24 Apr 2019 22:27:31 GMT', 'kWhRequested': 9.38}]",000001095,2_39_79_379_2019-04-24 16:11:31.298005,2-39-79-379,CA-327,0002,0039,2019-04-24 09:11:31-07:00,2019-04-24 16:28:29-07:00,9.736,2019-04-24 14:39:50-07:00,America/Los_Angeles
5cd617a5f9af8b785a0183f9,"[{'userID': 562, 'milesRequested': 30, 'WhPerMile': 300, 'minutesAvailable': 211, 'modifiedAt': 'Wed, 24 Apr 2019 16:13:15 GMT', 'paymentRequired': True, 'requestedDeparture': 'Wed, 24 Apr 2019 19:43:33 GMT', 'kWhRequested': 9.0}, {'userID': 562, 'milesRequested': 30, 'WhPerMile': 400, 'minutesAvailable': 211, 'modifiedAt': 'Wed, 24 Apr 2019 16:15:02 GMT', 'paymentRequired': True, 'requestedDeparture': 'Wed, 24 Apr 2019 19:43:33 GMT', 'kWhRequested': 12.0}]",000000562,2_39_123_23_2019-04-24 16:12:32.625931,2-39-123-23,CA-313,0002,0039,2019-04-24 09:12:33-07:00,2019-04-24 13:15:05-07:00,10.719,2019-04-24 12:30:05-07:00,America/Los_Angeles
5cd617a5f9af8b785a0183fa,"[{'userID': 858, 'milesRequested': 20, 'WhPerMile': 400, 'minutesAvailable': 223, 'modifiedAt': 'Wed, 24 Apr 2019 16:23:47 GMT', 'paymentRequired': True, 'requestedDeparture': 'Wed, 24 Apr 2019 20:05:42 GMT', 'kWhRequested': 8.0}]",000000858,2_39_78_365_2019-04-24 16:22:42.072368,2-39-78-365,CA-321,0002,0039,2019-04-24 09:22:42-07:00,2019-04-24 16:31:50-07:00,4.113,2019-04-24 10:52:50-07:00,America/Los_Angeles
5cd617a5f9af8b785a0183fb,"[{'userID': 69, 'milesRequested': 100, 'WhPerMile': 300, 'minutesAvailable': 310, 'modifiedAt': 'Wed, 24 Apr 2019 16:25:55 GMT', 'paymentRequired': True, 'requestedDeparture': 'Wed, 24 Apr 2019 21:35:45 GMT', 'kWhRequested': 30.0}]",000000069,2_39_79_380_2019-04-24 16:25:44.877280,2-39-79-380,CA-489,0002,0039,2019-04-24 09:25:45-07:00,2019-04-24 18:53:20-07:00,9.957,2019-04-24 11:07:40-07:00,America/Los_Angeles
5cd617a5f9af8b785a0183fc,"[{'userID': 1120, 'milesRequested': 60, 'WhPerMile': 375, 'minutesAvailable': 445, 'modifiedAt': 'Wed, 24 Apr 2019 16:31:51 GMT', 'paymentRequired': True, 'requestedDeparture': 'Wed, 24 Apr 2019 23:56:35 GMT', 'kWhRequested': 22.5}]",000001120,2_39_78_360_2019-04-24 16:31:34.892624,2-39-78-360,CA-322,0002,0039,2019-04-24 09:31:35-07:00,2019-04-24 16:45:21-07:00,3.604,2019-04-24 10:16:17-07:00,America/Los_Angeles
5cd617a5f9af8b785a0183fd,"[{'userID': 1104, 'milesRequested': 120, 'WhPerMile': 250, 'minutesAvailable': 428, 'modifiedAt': 'Wed, 24 Apr 2019 16:33:32 GMT', 'paymentRequired': True, 'requestedDeparture': 'Wed, 24 Apr 2019 23:41:20 GMT', 'kWhRequested': 30.0}]",000001104,2_39_79_378_2019-04-24 16:33:19.520176,2-39-79-378,CA-326,0002,0039,2019-04-24 09:33:20-07:00,2019-04-24 16:45:25-07:00,17.724,2019-04-24 12:34:12-07:00,America/Los_Angeles
5cd617a5f9af8b785a0183fe,"[{'userID': 2149, 'milesRequested': 40, 'WhPerMile': 275, 'minutesAvailable': 336, 'modifiedAt': 'Wed, 24 Apr 2019 17:39:06 GMT', 'paymentRequired': True, 'requestedDeparture': 'Wed, 24 Apr 2019 22:14:11 GMT', 'kWhRequested': 11.0}, {'userID': 2149, 'milesRequested': 40, 'WhPerMile': 275, 'minutesAvailable': 336, 'modifiedAt': 'Wed, 24 Apr 2019 17:39:21 GMT', 'paymentRequired': True, 'requestedDeparture': 'Wed, 24 Apr 2019 22:14:11 GMT', 'kWhRequested': 11.0}]",000002149,2_39_78_364_2019-04-24 16:38:10.602013,2-39-78-364,CA-495,0002,0039,2019-04-24 09:38:11-07:00,2019-04-24 16:31:22-07:00,10.877,2019-04-24 13:39:22-07:00,America/Los_Angeles
5cd617a5f9af8b785a0183ff,"[{'userID': 1912, 'milesRequested': 40, 'WhPerMile': 400, 'minutesAvailable': 190, 'modifiedAt': 'Wed, 24 Apr 2019 16:39:10 GMT', 'paymentRequired': True, 'requestedDeparture': 'Wed, 24 Apr 2019 19:48:57 GMT', 'kWhRequested': 16.0}]",000001912,2_39_124_22_2019-04-24 16:38:57.377070,2-39-124-22,CA-312,0002,0039,2019-04-24 09:38:57-07:00,2019-04-24 16:11:35-07:00,12.975,2019-04-24 11:39:40-07:00,America/Los_Angeles
5cd617a5f9af8b785a018400,"[{'userID': 324, 'milesRequested': 20, 'WhPerMile': 600, 'minutesAvailable': 143, 'modifiedAt': 'Wed, 24 Apr 2019 16:41:55 GMT', 'paymentRequired': True, 'requestedDeparture': 'Wed, 24 Apr 2019 19:04:42 GMT', 'kWhRequested': 12.0}]",000000324,2_39_90_26_2019-04-24 16:41:42.427619,2-39-90-26,CA-316,0002,0039,2019-04-24 09:41:42-07:00,2019-04-24 21:08:14-07:00,1.82,2019-04-24 10:38:54-07:00,America/Los_Angeles
5cd617a5f9af8b785a018401,"[{'userID': 1082, 'milesRequested': 40, 'WhPerMile': 400, 'minutesAvailable': 291, 'modifiedAt': 'Wed, 24 Apr 2019 16:44:02 GMT', 'paymentRequired': True, 'requestedDeparture': 'Wed, 24 Apr 2019 21:34:37 GMT', 'kWhRequested': 16.0}]",000001082,2_39_92_436_2019-04-24 16:43:36.932626,2-39-92-436,CA-318,0002,0039,2019-04-24 09:43:37-07:00,2019-04-24 21:17:19-07:00,2.142,2019-04-24 10:47:19-07:00,America/Los_Angeles
5cd617a5f9af8b785a018402,"[{'userID': 567, 'milesRequested': 20, 'WhPerMile': 333, 'minutesAvailable': 425, 'modifiedAt': 'Wed, 24 Apr 2019 16:49:12 GMT', 'paymentRequired': True, 'requestedDeparture': 'Wed, 24 Apr 2019 23:54:01 GMT', 'kWhRequested': 6.66}]",000000567,2_39_79_381_2019-04-24 16:49:01.077695,2-39-79-381,CA-490,0002,0039,2019-04-24 09:49:01-07:00,2019-04-24 19:45:42-07:00,6.583,2019-04-24 18:31:01-07:00,America/Los_Angeles
5cd617a5f9af8b785a018403,"[{'userID': 559, 'milesRequested': 50, 'WhPerMile': 313, 'minutesAvailable': 325, 'modifiedAt': 'Wed, 24 Apr 2019 16:49:27 GMT', 'paymentRequired': True, 'requestedDeparture': 'Wed, 24 Apr 2019 22:14:11 GMT', 'kWhRequested': 15.65}]",000000559,2_39_95_444_2019-04-24 16:49:11.173066,2-39-95-444,CA-497,0002,0039,2019-04-24 09:49:11-07:00,2019-04-24 15:24:01-07:00,11.398,2019-04-24 12:34:33-07:00,America/Los_Angeles
5cd617a5f9af8b785a018404,"[{'userID': 558, 'milesRequested': 60, 'WhPerMile': 200, 'minutesAvailable': 539, 'modifiedAt': 'Wed, 24 Apr 2019 16:59:02 GMT', 'paymentRequired': True, 'requestedDeparture': 'Thu, 25 Apr 2019 01:58:00 GMT', 'kWhRequested': 12.0}]",000000558,2_39_91_441_2019-04-24 16:58:59.827984,2-39-91-441,CA-499,0002,0039,2019-04-24 09:59:00-07:00,2019-04-24 19:12:21-07:00,11.171,2019-04-24 11:46:42-07:00,America/Los_Angeles
5cd617a5f9af8b785a018405,,,2_39_138_566_2019-04-24 17:02:38.813734,2-39-138-566,CA-512,0002,0039,2019-04-24 10:02:39-07:00,2019-04-24 12:01:32-07:00,0.866,2019-04-24 10:33:07-07:00,America/Los_Angeles
5cd617a5f9af8b785a018406,"[{'userID': 1864, 'milesRequested': 20, 'WhPerMile': 333, 'minutesAvailable': 224, 'modifiedAt': 'Wed, 24 Apr 2019 17:09:16 GMT', 'paymentRequired': True, 'requestedDeparture': 'Wed, 24 Apr 2019 20:53:17 GMT', 'kWhRequested': 6.66}]",000001864,2_39_88_438_2019-04-24 17:09:04.017143,2-39-88-438,CA-502,0002,0039,2019-04-24 10:09:17-07:00,2019-04-24 18:05:35-07:00,5.184,2019-04-24 11:51:28-07:00,America/Los_Angeles
5cd617a5f9af8b785a018407,"[{'userID': 668, 'milesRequested': 20, 'WhPerMile': 400, 'minutesAvailable': 199, 'modifiedAt': 'Wed, 24 Apr 2019 17:14:32 GMT', 'paymentRequired': True, 'requestedDeparture': 'Wed, 24 Apr 2019 20:33:19 GMT', 'kWhRequested': 8.0}]",000000668,2_39_127_19_2019-04-24 17:14:19.160504,2-39-127-19,CA-309,0002,0039,2019-04-24 10:14:19-07:00,2019-04-24 12:42:38-07:00,7.866,2019-04-24 11:35:41-07:00,America/Los_Angeles
5cd617a5f9af8b785a018408,,,2_39_139_567_2019-04-24 19:01:48.306978,2-39-139-567,CA-513,0002,0039,2019-04-24 12:01:48-07:00,2019-04-24 13:58:51-07:00,0.764,2019-04-24 12:32:32-07:00,America/Los_Angeles
5cd617a5f9af8b785a018409,"[{'userID': 560, 'milesRequested': 20, 'WhPerMile': 273, 'minutesAvailable': 281, 'modifiedAt': 'Wed, 24 Apr 2019 19:34:18 GMT', 'paymentRequired': True, 'requestedDeparture': 'Thu, 25 Apr 2019 00:14:46 GMT', 'kWhRequested': 5.46}]",000000560,2_39_88_24_2019-04-24 19:33:45.666332,2-39-88-24,CA-314,0002,0039,2019-04-24 12:33:46-07:00,2019-04-24 15:42:19-07:00,2.081,2019-04-24 13:39:53-07:00,America/Los_Angeles
5cd617a5f9af8b785a01840a,"[{'userID': 1124, 'milesRequested': 20, 'WhPerMile': 450, 'minutesAvailable': 60, 'modifiedAt': 'Wed, 24 Apr 2019 19:46:22 GMT', 'paymentRequired': True, 'requestedDeparture': 'Wed, 24 Apr 2019 20:46:04 GMT', 'kWhRequested': 9.0}]",000001124,2_39_95_27_2019-04-24 19:46:03.651628,2-39-95-27,CA-319,0002,0039,2019-04-24 12:46:04-07:00,2019-04-24 19:07:42-07:00,6.615,2019-04-24 14:47:16-07:00,America/Los_Angeles
5cd617a5f9af8b785a01840b,"[{'userID': 1083, 'milesRequested': 20, 'WhPerMile': 400, 'minutesAvailable': 179, 'modifiedAt': 'Wed, 24 Apr 2019 20:12:09 GMT', 'paymentRequired': True, 'requestedDeparture': 'Wed, 24 Apr 2019 23:10:58 GMT', 'kWhRequested': 8.0}]",000001083,2_39_78_362_2019-04-24 20:11:58.445301,2-39-78-362,CA-496,0002,0039,2019-04-24 13:11:58-07:00,2019-04-24 15:42:25-07:00,4.446,2019-04-24 15:43:22-07:00,America/Los_Angeles
5cd617a5f9af8b785a01840c,"[{'userID': 891, 'milesRequested': 20, 'WhPerMile': 300, 'minutesAvailable': 310, 'modifiedAt': 'Wed, 24 Apr 2019 20:27:59 GMT', 'paymentRequired': True, 'requestedDeparture': 'Thu, 25 Apr 2019 01:37:58 GMT', 'kWhRequested': 6.0}, {'userID': 891, 'milesRequested': 20, 'WhPerMile': 300, 'minutesAvailable': 310, 'modifiedAt': 'Wed, 24 Apr 2019 20:28:25 GMT', 'paymentRequired': True, 'requestedDeparture': 'Thu, 25 Apr 2019 01:37:58 GMT', 'kWhRequested': 6.0}]",000000891,2_39_123_23_2019-04-24 20:27:57.820955,2-39-123-23,CA-313,0002,0039,2019-04-24 13:27:58-07:00,2019-04-24 17:51:32-07:00,1.858,2019-04-24 14:11:26-07:00,America/Los_Angeles
5cd617a5f9af8b785a01840d,"[{'userID': 668, 'milesRequested': 20, 'WhPerMile': 400, 'minutesAvailable': 199, 'modifiedAt': 'Wed, 24 Apr 2019 20:38:09 GMT', 'paymentRequired': True, 'requestedDeparture': 'Wed, 24 Apr 2019 23:56:49 GMT', 'kWhRequested': 8.0}]",000000668,2_39_90_440_2019-04-24 20:37:49.317961,2-39-90-440,CA-500,0002,0039,2019-04-24 13:37:49-07:00,2019-04-24 17:21:08-07:00,6.9,2019-04-24 14:43:30-07:00,America/Los_Angeles
5cd617a5f9af8b785a01840e,"[{'userID': 562, 'milesRequested': 10, 'WhPerMile': 400, 'minutesAvailable': 211, 'modifiedAt': 'Wed, 24 Apr 2019 20:52:57 GMT', 'paymentRequired': True, 'requestedDeparture': 'Thu, 25 Apr 2019 00:23:34 GMT', 'kWhRequested': 4.0}]",000000562,2_39_127_19_2019-04-24 20:52:34.233683,2-39-127-19,CA-309,0002,0039,2019-04-24 13:52:34-07:00,2019-04-24 18:33:41-07:00,0.855,2019-04-24 14:11:13-07:00,America/Los_Angeles
5cd617a5f9af8b785a01840f,,,2_39_78_367_2019-04-24 21:13:20.914123,2-39-78-367,CA-494,0002,0039,2019-04-24 14:13:21-07:00,2019-04-24 20:07:08-07:00,0.693,2019-04-24 14:35:36-07:00,America/Los_Angeles
5cd617a5f9af8b785a018410,"[{'userID': 1091, 'milesRequested': 20, 'WhPerMile': 300, 'minutesAvailable': 129, 'modifiedAt': 'Wed, 24 Apr 2019 21:55:18 GMT', 'paymentRequired': True, 'requestedDeparture': 'Thu, 25 Apr 2019 00:03:41 GMT', 'kWhRequested': 6.0}, {'userID': 1091, 'milesRequested': 30, 'WhPerMile': 300, 'minutesAvailable': 129, 'modifiedAt': 'Wed, 24 Apr 2019 22:05:43 GMT', 'paymentRequired': True, 'requestedDeparture': 'Thu, 25 Apr 2019 00:03:41 GMT', 'kWhRequested': 9.0}]",000001091,2_39_79_382_2019-04-24 21:54:41.327990,2-39-79-382,CA-491,0002,0039,2019-04-24 14:54:41-07:00,2019-04-24 17:19:54-07:00,7.387,2019-04-24 17:01:54-07:00,America/Los_Angeles
5cd617a5f9af8b785a018411,,,2_39_131_565_2019-04-24 21:57:34.820621,2-39-131-565,CA-511,0002,0039,2019-04-24 14:57:35-07:00,2019-04-24 17:31:36-07:00,0.884,2019-04-24 15:30:01-07:00,America/Los_Angeles
5cd617a5f9af8b785a018412,"[{'userID': 777, 'milesRequested': 50, 'WhPerMile': 400, 'minutesAvailable': 60, 'modifiedAt': 'Thu, 25 Apr 2019 00:37:43 GMT', 'paymentRequired': True, 'requestedDeparture': 'Thu, 25 Apr 2019 01:36:07 GMT', 'kWhRequested': 20.0}, {'userID': 777, 'milesRequested': 50, 'WhPerMile': 400, 'minutesAvailable': 369, 'modifiedAt': 'Thu, 25 Apr 2019 01:28:12 GMT', 'paymentRequired': True, 'requestedDeparture': 'Thu, 25 Apr 2019 06:45:07 GMT', 'kWhRequested': 20.0}]",000000777,2_39_79_379_2019-04-25 00:36:07.469497,2-39-79-379,CA-327,0002,0039,2019-04-24 17:36:07-07:00,2019-04-24 20:34:30-07:00,9.937,2019-04-24 20:34:26-07:00,America/Los_Angeles
5cd617a5f9af8b785a018413,"[{'userID': 1826, 'milesRequested': 200, 'WhPerMile': 400, 'minutesAvailable': 720, 'modifiedAt': 'Thu, 25 Apr 2019 01:21:38 GMT', 'paymentRequired': True, 'requestedDeparture': 'Thu, 25 Apr 2019 13:21:39 GMT', 'kWhRequested': 80.0}]",000001826,2_39_130_31_2019-04-25 01:21:17.564385,2-39-130-31,CA-306,0002,0039,2019-04-24 18:21:39-07:00,2019-04-27 12:10:47-07:00,13.96,2019-04-24 20:57:02-07:00,America/Los_Angeles
5cd617a5f9af8b785a018414,"[{'userID': 2069, 'milesRequested': 40, 'WhPerMile': 400, 'minutesAvailable': 99, 'modifiedAt': 'Thu, 25 Apr 2019 01:39:06 GMT', 'paymentRequired': True, 'requestedDeparture': 'Thu, 25 Apr 2019 03:13:56 GMT', 'kWhRequested': 16.0}]",000002069,2_39_139_28_2019-04-25 01:34:56.433139,2-39-139-28,CA-303,0002,0039,2019-04-24 18:34:56-07:00,2019-04-24 20:49:15-07:00,4.142,2019-04-24 19:20:15-07:00,America/Los_Angeles
5cd617a5f9af8b785a018415,"[{'userID': 675, 'milesRequested': 60, 'WhPerMile': 399, 'minutesAvailable': 111, 'modifiedAt': 'Thu, 25 Apr 2019 01:53:41 GMT', 'paymentRequired': True, 'requestedDeparture': 'Thu, 25 Apr 2019 03:44:04 GMT', 'kWhRequested': 23.94}]",000000675,2_39_131_30_2019-04-25 01:53:03.823762,2-39-131-30,CA-305,0002,0039,2019-04-24 18:53:04-07:00,2019-04-24 20:29:56-07:00,6.335,2019-04-24 20:00:54-07:00,America/Los_Angeles
5cd617a5f9af8b785a018416,"[{'userID': 850, 'milesRequested': 100, 'WhPerMile': 300, 'minutesAvailable': 60, 'modifiedAt': 'Thu, 25 Apr 2019 02:53:24 GMT', 'paymentRequired': True, 'requestedDeparture': 'Thu, 25 Apr 2019 03:51:17 GMT', 'kWhRequested': 30.0}]",000000850,2_39_126_20_2019-04-25 02:51:17.401134,2-39-126-20,CA-310,0002,0039,2019-04-24 19:51:17-07:00,2019-04-25 03:17:19-07:00,24.198,2019-04-24 23:49:07-07:00,America/Los_Angeles
5cd76922f9af8b7c3f53e3d3,"[{'userID': 560, 'milesRequested': 80, 'WhPerMile': 273, 'minutesAvailable': 281, 'modifiedAt': 'Thu, 25 Apr 2019 13:29:44 GMT', 'paymentRequired': True, 'requestedDeparture': 'Thu, 25 Apr 2019 18:10:34 GMT', 'kWhRequested': 21.84}]",000000560,2_39_88_24_2019-04-25 13:29:33.901275,2-39-88-24,CA-314,0002,0039,2019-04-25 06:29:34-07:00,2019-04-25 11:59:01-07:00,18.666,2019-04-25 10:04:55-07:00,America/Los_Angeles
5cd76922f9af8b7c3f53e3d4,"[{'userID': 569, 'milesRequested': 40, 'WhPerMile': 300, 'minutesAvailable': 529, 'modifiedAt': 'Thu, 25 Apr 2019 14:14:53 GMT', 'paymentRequired': True, 'requestedDeparture': 'Thu, 25 Apr 2019 23:03:44 GMT', 'kWhRequested': 12.0}]",000000569,2_39_78_366_2019-04-25 14:14:43.632001,2-39-78-366,CA-323,0002,0039,2019-04-25 07:14:44-07:00,2019-04-25 10:32:37-07:00,9.547,2019-04-25 10:17:28-07:00,America/Los_Angeles
5cd76922f9af8b7c3f53e3d5,"[{'userID': 858, 'milesRequested': 20, 'WhPerMile': 400, 'minutesAvailable': 223, 'modifiedAt': 'Thu, 25 Apr 2019 14:56:49 GMT', 'paymentRequired': True, 'requestedDeparture': 'Thu, 25 Apr 2019 18:39:25 GMT', 'kWhRequested': 8.0}]",000000858,2_39_123_23_2019-04-25 14:56:24.973276,2-39-123-23,CA-313,0002,0039,2019-04-25 07:56:25-07:00,2019-04-25 16:38:34-07:00,5.705,2019-04-25 09:43:40-07:00,America/Los_Angeles
5cd76922f9af8b7c3f53e3d6,"[{'userID': 1083, 'milesRequested': 20, 'WhPerMile': 400, 'minutesAvailable': 179, 'modifiedAt': 'Thu, 25 Apr 2019 15:00:05 GMT', 'paymentRequired': True, 'requestedDeparture': 'Thu, 25 Apr 2019 17:58:51 GMT', 'kWhRequested': 8.0}]",000001083,2_39_79_379_2019-04-25 14:59:51.222209,2-39-79-379,CA-327,0002,0039,2019-04-25 07:59:51-07:00,2019-04-25 18:19:12-07:00,4.768,2019-04-25 18:19:07-07:00,America/Los_Angeles
5cd76922f9af8b7c3f53e3d7,"[{'userID': 945, 'milesRequested': 50, 'WhPerMile': 600, 'minutesAvailable': 555, 'modifiedAt': 'Thu, 25 Apr 2019 15:18:49 GMT', 'paymentRequired': True, 'requestedDeparture': 'Fri, 26 Apr 2019 00:33:34 GMT', 'kWhRequested': 30.0}]",000000945,2_39_78_365_2019-04-25 15:18:34.216954,2-39-78-365,CA-321,0002,0039,2019-04-25 08:18:34-07:00,2019-04-25 18:24:48-07:00,13.62,2019-04-25 15:58:58-07:00,America/Los_Angeles
5cd76922f9af8b7c3f53e3d8,"[{'userID': 1366, 'milesRequested': 20, 'WhPerMile': 600, 'minutesAvailable': 174, 'modifiedAt': 'Thu, 25 Apr 2019 15:24:17 GMT', 'paymentRequired': True, 'requestedDeparture': 'Thu, 25 Apr 2019 18:16:53 GMT', 'kWhRequested': 12.0}]",000001366,2_39_139_28_2019-04-25 15:22:52.713652,2-39-139-28,CA-303,0002,0039,2019-04-25 08:22:53-07:00,2019-04-25 14:04:05-07:00,0.83,2019-04-25 08:47:54-07:00,America/Los_Angeles
5cd76922f9af8b7c3f53e3d9,"[{'userID': 1470, 'milesRequested': 60, 'WhPerMile': 292, 'minutesAvailable': 312, 'modifiedAt': 'Thu, 25 Apr 2019 15:28:24 GMT', 'paymentRequired': True, 'requestedDeparture': 'Thu, 25 Apr 2019 20:40:02 GMT', 'kWhRequested': 17.52}]",000001470,2_39_79_377_2019-04-25 15:28:02.391989,2-39-79-377,CA-325,0002,0039,2019-04-25 08:28:02-07:00,2019-04-25 12:26:15-07:00,10.37,2019-04-25 11:05:20-07:00,America/Los_Angeles
5cd76922f9af8b7c3f53e3da,"[{'userID': 559, 'milesRequested': 40, 'WhPerMile': 313, 'minutesAvailable': 529, 'modifiedAt': 'Thu, 25 Apr 2019 15:30:36 GMT', 'paymentRequired': True, 'requestedDeparture': 'Fri, 26 Apr 2019 00:19:18 GMT', 'kWhRequested': 12.52}]",000000559,2_39_131_30_2019-04-25 15:30:18.507850,2-39-131-30,CA-305,0002,0039,2019-04-25 08:30:18-07:00,2019-04-25 17:28:24-07:00,11.93,2019-04-25 11:21:39-07:00,America/Los_Angeles
5cd76922f9af8b7c3f53e3db,"[{'userID': 562, 'milesRequested': 20, 'WhPerMile': 400, 'minutesAvailable': 211, 'modifiedAt': 'Thu, 25 Apr 2019 15:49:14 GMT', 'paymentRequired': True, 'requestedDeparture': 'Thu, 25 Apr 2019 19:19:47 GMT', 'kWhRequested': 8.0}]",000000562,2_39_138_29_2019-04-25 15:48:46.930212,2-39-138-29,CA-304,0002,0039,2019-04-25 08:48:47-07:00,2019-04-25 12:00:54-07:00,4.433,2019-04-25 10:12:03-07:00,America/Los_Angeles
5cd76922f9af8b7c3f53e3dc,"[{'userID': 1534, 'milesRequested': 50, 'WhPerMile': 250, 'minutesAvailable': 404, 'modifiedAt': 'Thu, 25 Apr 2019 15:50:12 GMT', 'paymentRequired': True, 'requestedDeparture': 'Thu, 25 Apr 2019 22:32:55 GMT', 'kWhRequested': 12.5}]",000001534,2_39_124_558_2019-04-25 15:48:54.723737,2-39-124-558,CA-504,0002,0039,2019-04-25 08:48:55-07:00,2019-04-25 19:20:05-07:00,11.184,2019-04-25 12:11:31-07:00,America/Los_Angeles
5cd76922f9af8b7c3f53e3dd,"[{'userID': 712, 'milesRequested': 30, 'WhPerMile': 600, 'minutesAvailable': 379, 'modifiedAt': 'Thu, 25 Apr 2019 15:49:45 GMT', 'paymentRequired': True, 'requestedDeparture': 'Thu, 25 Apr 2019 22:08:41 GMT', 'kWhRequested': 18.0}]",000000712,2_39_129_17_2019-04-25 15:49:41.088498,2-39-129-17,CA-307,0002,0039,2019-04-25 08:49:41-07:00,2019-04-25 17:58:38-07:00,4.643,2019-04-25 10:10:55-07:00,America/Los_Angeles
5cd76922f9af8b7c3f53e3de,"[{'userID': 1039, 'milesRequested': 240, 'WhPerMile': 271, 'minutesAvailable': 201, 'modifiedAt': 'Thu, 25 Apr 2019 15:52:59 GMT', 'paymentRequired': True, 'requestedDeparture': 'Thu, 25 Apr 2019 19:13:33 GMT', 'kWhRequested': 65.04}]",000001039,2_39_89_25_2019-04-25 15:52:33.239673,2-39-89-25,CA-315,0002,0039,2019-04-25 08:52:33-07:00,2019-04-25 16:00:35-07:00,35.545,2019-04-25 14:13:51-07:00,America/Los_Angeles
5cd76922f9af8b7c3f53e3df,"[{'userID': 1001, 'milesRequested': 20, 'WhPerMile': 600, 'minutesAvailable': 129, 'modifiedAt': 'Thu, 25 Apr 2019 16:04:35 GMT', 'paymentRequired': True, 'requestedDeparture': 'Thu, 25 Apr 2019 18:13:31 GMT', 'kWhRequested': 12.0}]",000001001,2_39_79_383_2019-04-25 16:04:30.864085,2-39-79-383,CA-492,0002,0039,2019-04-25 09:04:31-07:00,2019-04-25 16:52:40-07:00,11.879,2019-04-25 11:12:27-07:00,America/Los_Angeles
5cd76922f9af8b7c3f53e3e0,"[{'userID': 558, 'milesRequested': 60, 'WhPerMile': 200, 'minutesAvailable': 539, 'modifiedAt': 'Thu, 25 Apr 2019 16:06:21 GMT', 'paymentRequired': True, 'requestedDeparture': 'Fri, 26 Apr 2019 01:05:21 GMT', 'kWhRequested': 12.0}, {'userID': 558, 'milesRequested': 60, 'WhPerMile': 200, 'minutesAvailable': 539, 'modifiedAt': 'Thu, 25 Apr 2019 16:06:39 GMT', 'paymentRequired': True, 'requestedDeparture': 'Fri, 26 Apr 2019 01:05:21 GMT', 'kWhRequested': 12.0}]",000000558,2_39_78_363_2019-04-25 16:06:20.450162,2-39-78-363,CA-320,0002,0039,2019-04-25 09:06:21-07:00,2019-04-25 19:09:20-07:00,11.724,2019-04-25 16:20:07-07:00,America/Los_Angeles
5cd76922f9af8b7c3f53e3e1,"[{'userID': 1120, 'milesRequested': 60, 'WhPerMile': 375, 'minutesAvailable': 445, 'modifiedAt': 'Thu, 25 Apr 2019 16:23:39 GMT', 'paymentRequired': True, 'requestedDeparture': 'Thu, 25 Apr 2019 23:48:21 GMT', 'kWhRequested': 22.5}]",000001120,2_39_79_376_2019-04-25 16:23:20.691493,2-39-79-376,CA-324,0002,0039,2019-04-25 09:23:21-07:00,2019-04-25 17:22:04-07:00,3.036,2019-04-25 10:18:50-07:00,America/Los_Angeles
5cd76922f9af8b7c3f53e3e2,"[{'userID': 743, 'milesRequested': 20, 'WhPerMile': 400, 'minutesAvailable': 450, 'modifiedAt': 'Thu, 25 Apr 2019 16:26:33 GMT', 'paymentRequired': True, 'requestedDeparture': 'Thu, 25 Apr 2019 23:56:12 GMT', 'kWhRequested': 8.0}, {'userID': 743, 'milesRequested': 20, 'WhPerMile': 400, 'minutesAvailable': 450, 'modifiedAt': 'Thu, 25 Apr 2019 16:26:55 GMT', 'paymentRequired': True, 'requestedDeparture': 'Thu, 25 Apr 2019 23:56:12 GMT', 'kWhRequested': 8.0}]",000000743,2_39_90_26_2019-04-25 16:26:12.486078,2-39-90-26,CA-316,0002,0039,2019-04-25 09:26:12-07:00,2019-04-25 17:25:47-07:00,3.718,2019-04-25 10:45:00-07:00,America/Los_Angeles
5cd76922f9af8b7c3f53e3e3,"[{'userID': 1137, 'milesRequested': 40, 'WhPerMile': 400, 'minutesAvailable': 250, 'modifiedAt': 'Thu, 25 Apr 2019 16:27:27 GMT', 'paymentRequired': True, 'requestedDeparture': 'Thu, 25 Apr 2019 20:37:01 GMT', 'kWhRequested': 16.0}]",000001137,2_39_78_360_2019-04-25 16:27:00.829040,2-39-78-360,CA-322,0002,0039,2019-04-25 09:27:01-07:00,2019-04-25 16:31:19-07:00,15.909,2019-04-25 16:30:55-07:00,America/Los_Angeles
5cd76922f9af8b7c3f53e3e4,"[{'userID': 714, 'milesRequested': 90, 'WhPerMile': 200, 'minutesAvailable': 364, 'modifiedAt': 'Thu, 25 Apr 2019 16:28:23 GMT', 'paymentRequired': True, 'requestedDeparture': 'Thu, 25 Apr 2019 22:31:23 GMT', 'kWhRequested': 18.0}]",000000714,2_39_79_381_2019-04-25 16:27:23.243963,2-39-79-381,CA-490,0002,0039,2019-04-25 09:27:23-07:00,2019-04-25 17:32:02-07:00,12.413,2019-04-25 11:46:06-07:00,America/Los_Angeles
5cd76922f9af8b7c3f53e3e5,"[{'userID': 1095, 'milesRequested': 20, 'WhPerMile': 469, 'minutesAvailable': 448, 'modifiedAt': 'Thu, 25 Apr 2019 17:10:44 GMT', 'paymentRequired': True, 'requestedDeparture': 'Fri, 26 Apr 2019 00:38:37 GMT', 'kWhRequested': 9.38}]",000001095,2_39_78_362_2019-04-25 17:10:36.599281,2-39-78-362,CA-496,0002,0039,2019-04-25 10:10:37-07:00,2019-04-25 18:07:30-07:00,9.275,2019-04-25 18:08:27-07:00,America/Los_Angeles
5cd76922f9af8b7c3f53e3e6,,,2_39_89_439_2019-04-25 17:11:14.934790,2-39-89-439,CA-501,0002,0039,2019-04-25 10:11:15-07:00,2019-04-25 16:22:36-07:00,0.881,2019-04-25 10:42:07-07:00,America/Los_Angeles
5cd76922f9af8b7c3f53e3e7,"[{'userID': 324, 'milesRequested': 20, 'WhPerMile': 600, 'minutesAvailable': 111, 'modifiedAt': 'Thu, 25 Apr 2019 17:12:26 GMT', 'paymentRequired': True, 'requestedDeparture': 'Thu, 25 Apr 2019 19:03:09 GMT', 'kWhRequested': 12.0}]",000000324,2_39_95_27_2019-04-25 17:12:09.333359,2-39-95-27,CA-319,0002,0039,2019-04-25 10:12:09-07:00,2019-04-25 20:31:18-07:00,2.094,2019-04-25 11:16:03-07:00,America/Los_Angeles
5cd76922f9af8b7c3f53e3e8,,,2_39_79_380_2019-04-25 17:29:30.951814,2-39-79-380,CA-489,0002,0039,2019-04-25 10:29:31-07:00,2019-04-25 19:45:25-07:00,4.704,2019-04-25 18:39:00-07:00,America/Los_Angeles
5cd76922f9af8b7c3f53e3e9,"[{'userID': 891, 'milesRequested': 20, 'WhPerMile': 300, 'minutesAvailable': 310, 'modifiedAt': 'Thu, 25 Apr 2019 18:37:04 GMT', 'paymentRequired': True, 'requestedDeparture': 'Thu, 25 Apr 2019 23:46:56 GMT', 'kWhRequested': 6.0}]",000000891,2_39_78_361_2019-04-25 18:36:55.607905,2-39-78-361,CA-493,0002,0039,2019-04-25 11:36:56-07:00,2019-04-25 17:51:06-07:00,1.841,2019-04-25 12:18:36-07:00,America/Los_Angeles
5cd76922f9af8b7c3f53e3ea,"[{'userID': 69, 'milesRequested': 100, 'WhPerMile': 300, 'minutesAvailable': 310, 'modifiedAt': 'Thu, 25 Apr 2019 19:19:14 GMT', 'paymentRequired': True, 'requestedDeparture': 'Fri, 26 Apr 2019 00:29:01 GMT', 'kWhRequested': 30.0}]",000000069,2_39_92_442_2019-04-25 19:19:01.209312,2-39-92-442,CA-498,0002,0039,2019-04-25 12:19:01-07:00,2019-04-25 17:39:48-07:00,13.765,2019-04-25 14:33:12-07:00,America/Los_Angeles
5cd76922f9af8b7c3f53e3eb,"[{'userID': 1124, 'milesRequested': 20, 'WhPerMile': 450, 'minutesAvailable': 60, 'modifiedAt': 'Thu, 25 Apr 2019 19:19:31 GMT', 'paymentRequired': True, 'requestedDeparture': 'Thu, 25 Apr 2019 20:19:07 GMT', 'kWhRequested': 9.0}]",000001124,2_39_78_364_2019-04-25 19:19:06.795307,2-39-78-364,CA-495,0002,0039,2019-04-25 12:19:07-07:00,2019-04-25 20:09:43-07:00,6.674,2019-04-25 14:22:37-07:00,America/Los_Angeles
5cd76922f9af8b7c3f53e3ec,"[{'userID': 560, 'milesRequested': 20, 'WhPerMile': 273, 'minutesAvailable': 281, 'modifiedAt': 'Thu, 25 Apr 2019 19:37:16 GMT', 'paymentRequired': True, 'requestedDeparture': 'Fri, 26 Apr 2019 00:18:06 GMT', 'kWhRequested': 5.46}]",000000560,2_39_88_24_2019-04-25 19:37:06.119285,2-39-88-24,CA-314,0002,0039,2019-04-25 12:37:06-07:00,2019-04-25 15:50:20-07:00,1.991,2019-04-25 13:32:51-07:00,America/Los_Angeles
5cd76922f9af8b7c3f53e3ed,"[{'userID': 562, 'milesRequested': 10, 'WhPerMile': 400, 'minutesAvailable': 211, 'modifiedAt': 'Thu, 25 Apr 2019 20:06:05 GMT', 'paymentRequired': True, 'requestedDeparture': 'Thu, 25 Apr 2019 23:36:43 GMT', 'kWhRequested': 4.0}]",000000562,2_39_90_440_2019-04-25 20:05:42.588771,2-39-90-440,CA-500,0002,0039,2019-04-25 13:05:43-07:00,2019-04-25 19:42:01-07:00,1.522,2019-04-25 13:36:15-07:00,America/Los_Angeles
5cd76922f9af8b7c3f53e3ee,"[{'userID': 567, 'milesRequested': 20, 'WhPerMile': 333, 'minutesAvailable': 425, 'modifiedAt': 'Thu, 25 Apr 2019 20:44:18 GMT', 'paymentRequired': True, 'requestedDeparture': 'Fri, 26 Apr 2019 03:48:52 GMT', 'kWhRequested': 6.66}]",000000567,2_39_124_22_2019-04-25 20:43:52.435733,2-39-124-22,CA-312,0002,0039,2019-04-25 13:43:52-07:00,2019-04-25 18:58:13-07:00,5.893,2019-04-25 15:28:06-07:00,America/Los_Angeles
5cd76922f9af8b7c3f53e3ef,"[{'userID': 629, 'milesRequested': 100, 'WhPerMile': 200, 'minutesAvailable': 181, 'modifiedAt': 'Thu, 25 Apr 2019 20:44:29 GMT', 'paymentRequired': True, 'requestedDeparture': 'Thu, 25 Apr 2019 23:45:25 GMT', 'kWhRequested': 20.0}]",000000629,2_39_78_367_2019-04-25 20:44:24.614079,2-39-78-367,CA-494,0002,0039,2019-04-25 13:44:25-07:00,2019-04-25 17:04:59-07:00,7.778,2019-04-25 15:05:29-07:00,America/Los_Angeles
5cd76922f9af8b7c3f53e3f0,"[{'userID': 1912, 'milesRequested': 40, 'WhPerMile': 400, 'minutesAvailable': 190, 'modifiedAt': 'Thu, 25 Apr 2019 21:21:31 GMT', 'paymentRequired': True, 'requestedDeparture': 'Fri, 26 Apr 2019 00:31:21 GMT', 'kWhRequested': 16.0}]",000001912,2_39_139_28_2019-04-25 21:21:20.867595,2-39-139-28,CA-303,0002,0039,2019-04-25 14:21:21-07:00,2019-04-25 16:09:59-07:00,12.067,2019-04-25 16:09:55-07:00,America/Los_Angeles
5cd76922f9af8b7c3f53e3f1,,,2_39_79_377_2019-04-25 21:44:42.000301,2-39-79-377,CA-325,0002,0039,2019-04-25 14:44:42-07:00,2019-04-25 15:44:44-07:00,0.86,2019-04-25 15:15:38-07:00,America/Los_Angeles
5cd76922f9af8b7c3f53e3f2,"[{'userID': 1222, 'milesRequested': 10, 'WhPerMile': 400, 'minutesAvailable': 72, 'modifiedAt': 'Thu, 25 Apr 2019 23:27:02 GMT', 'paymentRequired': True, 'requestedDeparture': 'Fri, 26 Apr 2019 00:38:37 GMT', 'kWhRequested': 4.0}]",000001222,2_39_89_25_2019-04-25 23:26:37.049075,2-39-89-25,CA-315,0002,0039,2019-04-25 16:26:37-07:00,2019-04-25 17:16:26-07:00,2.526,2019-04-25 17:16:22-07:00,America/Los_Angeles
5cd76922f9af8b7c3f53e3f3,"[{'userID': 1161, 'milesRequested': 40, 'WhPerMile': 400, 'minutesAvailable': 128, 'modifiedAt': 'Fri, 26 Apr 2019 00:31:56 GMT', 'paymentRequired': True, 'requestedDeparture': 'Fri, 26 Apr 2019 02:39:53 GMT', 'kWhRequested': 16.0}]",000001161,2_39_131_30_2019-04-26 00:31:53.223923,2-39-131-30,CA-305,0002,0039,2019-04-25 17:31:53-07:00,2019-04-25 18:24:18-07:00,2.847,2019-04-25 18:24:13-07:00,America/Los_Angeles
5cd76922f9af8b7c3f53e3f4,"[{'userID': 1746, 'milesRequested': 60, 'WhPerMile': 458, 'minutesAvailable': 96, 'modifiedAt': 'Fri, 26 Apr 2019 00:52:47 GMT', 'paymentRequired': True, 'requestedDeparture': 'Fri, 26 Apr 2019 02:27:38 GMT', 'kWhRequested': 27.48}, {'userID': 1746, 'milesRequested': 60, 'WhPerMile': 458, 'minutesAvailable': 96, 'modifiedAt': 'Fri, 26 Apr 2019 02:27:50 GMT', 'paymentRequired': True, 'requestedDeparture': 'Fri, 26 Apr 2019 02:27:38 GMT', 'kWhRequested': 27.48}]",000001746,2_39_89_25_2019-04-26 00:51:38.433607,2-39-89-25,CA-315,0002,0039,2019-04-25 17:51:38-07:00,2019-04-25 19:28:00-07:00,5.363,2019-04-25 19:27:55-07:00,America/Los_Angeles
5cd76922f9af8b7c3f53e3f5,"[{'userID': 1274, 'milesRequested': 30, 'WhPerMile': 333, 'minutesAvailable': 115, 'modifiedAt': 'Fri, 26 Apr 2019 01:06:54 GMT', 'paymentRequired': True, 'requestedDeparture': 'Fri, 26 Apr 2019 03:00:11 GMT', 'kWhRequested': 9.99}]",000001274,2_39_139_28_2019-04-26 01:05:10.876326,2-39-139-28,CA-303,0002,0039,2019-04-25 18:05:11-07:00,2019-04-25 20:16:16-07:00,9.869,2019-04-25 19:41:00-07:00,America/Los_Angeles
5cd76922f9af8b7c3f53e3f6,,,2_39_129_17_2019-04-26 01:21:17.579681,2-39-129-17,CA-307,0002,0039,2019-04-25 18:21:18-07:00,2019-04-25 20:56:53-07:00,0.963,2019-04-25 18:52:09-07:00,America/Los_Angeles
5cd76922f9af8b7c3f53e3f7,"[{'userID': 1108, 'milesRequested': 50, 'WhPerMile': 400, 'minutesAvailable': 233, 'modifiedAt': 'Fri, 26 Apr 2019 01:39:34 GMT', 'paymentRequired': True, 'requestedDeparture': 'Fri, 26 Apr 2019 05:32:14 GMT', 'kWhRequested': 20.0}]",000001108,2_39_79_379_2019-04-26 01:39:13.549356,2-39-79-379,CA-327,0002,0039,2019-04-25 18:39:14-07:00,2019-04-25 22:14:35-07:00,8.032,2019-04-25 22:14:31-07:00,America/Los_Angeles
5cd76922f9af8b7c3f53e3f8,"[{'userID': 1263, 'milesRequested': 70, 'WhPerMile': 250, 'minutesAvailable': 61, 'modifiedAt': 'Fri, 26 Apr 2019 03:25:09 GMT', 'paymentRequired': True, 'requestedDeparture': 'Fri, 26 Apr 2019 04:24:02 GMT', 'kWhRequested': 17.5}]",000001263,2_39_139_28_2019-04-26 03:23:02.252819,2-39-139-28,CA-303,0002,0039,2019-04-25 20:23:02-07:00,2019-04-25 21:40:36-07:00,6.527,2019-04-25 21:29:02-07:00,America/Los_Angeles
5cd76922f9af8b7c3f53e3f9,"[{'userID': 1152, 'milesRequested': 40, 'WhPerMile': 400, 'minutesAvailable': 60, 'modifiedAt': 'Fri, 26 Apr 2019 05:35:57 GMT', 'paymentRequired': True, 'requestedDeparture': 'Fri, 26 Apr 2019 06:35:54 GMT', 'kWhRequested': 16.0}]",000001152,2_39_139_28_2019-04-26 05:35:54.382976,2-39-139-28,CA-303,0002,0039,2019-04-25 22:35:54-07:00,2019-04-26 08:05:04-07:00,15.579,2019-04-26 03:06:57-07:00,America/Los_Angeles
5cd76922f9af8b7c3f53e3fa,"[{'userID': 67, 'milesRequested': 240, 'WhPerMile': 250, 'minutesAvailable': 418, 'modifiedAt': 'Fri, 26 Apr 2019 06:58:40 GMT', 'paymentRequired': True, 'requestedDeparture': 'Fri, 26 Apr 2019 13:55:53 GMT', 'kWhRequested': 60.0}, {'userID': 67, 'milesRequested': 240, 'WhPerMile': 250, 'minutesAvailable': 482, 'modifiedAt': 'Fri, 26 Apr 2019 06:58:53 GMT', 'paymentRequired': True, 'requestedDeparture': 'Fri, 26 Apr 2019 14:59:53 GMT', 'kWhRequested': 60.0}]",000000067,2_39_131_30_2019-04-26 06:57:53.086509,2-39-131-30,CA-305,0002,0039,2019-04-25 23:57:53-07:00,2019-04-26 17:33:09-07:00,31.826,2019-04-26 04:46:48-07:00,America/Los_Angeles
5cd8ba9ff9af8b017171476f,"[{'userID': 560, 'milesRequested': 80, 'WhPerMile': 273, 'minutesAvailable': 281, 'modifiedAt': 'Fri, 26 Apr 2019 13:46:15 GMT', 'paymentRequired': True, 'requestedDeparture': 'Fri, 26 Apr 2019 18:27:11 GMT', 'kWhRequested': 21.84}, {'userID': 560, 'milesRequested': 80, 'WhPerMile': 273, 'minutesAvailable': 281, 'modifiedAt': 'Fri, 26 Apr 2019 13:47:05 GMT', 'paymentRequired': True, 'requestedDeparture': 'Fri, 26 Apr 2019 18:27:11 GMT', 'kWhRequested': 21.84}]",000000560,2_39_88_24_2019-04-26 13:46:10.977552,2-39-88-24,CA-314,0002,0039,2019-04-26 06:46:11-07:00,2019-04-26 12:53:12-07:00,19.569,2019-04-26 10:29:48-07:00,America/Los_Angeles
5cd8ba9ff9af8b0171714770,"[{'userID': 1564, 'milesRequested': 20, 'WhPerMile': 300, 'minutesAvailable': 248, 'modifiedAt': 'Fri, 26 Apr 2019 14:51:18 GMT', 'paymentRequired': True, 'requestedDeparture': 'Fri, 26 Apr 2019 18:59:11 GMT', 'kWhRequested': 6.0}]",000001564,2_39_138_29_2019-04-26 14:51:11.307234,2-39-138-29,CA-304,0002,0039,2019-04-26 07:51:11-07:00,2019-04-26 09:48:25-07:00,5.392,2019-04-26 09:24:07-07:00,America/Los_Angeles
5cd8ba9ff9af8b0171714771,"[{'userID': 858, 'milesRequested': 20, 'WhPerMile': 400, 'minutesAvailable': 223, 'modifiedAt': 'Fri, 26 Apr 2019 14:58:44 GMT', 'paymentRequired': True, 'requestedDeparture': 'Fri, 26 Apr 2019 18:41:31 GMT', 'kWhRequested': 8.0}]",000000858,2_39_123_23_2019-04-26 14:58:31.347500,2-39-123-23,CA-313,0002,0039,2019-04-26 07:58:31-07:00,2019-04-26 16:35:56-07:00,5.946,2019-04-26 09:49:27-07:00,America/Los_Angeles
5cd8ba9ff9af8b0171714772,"[{'userID': 562, 'milesRequested': 20, 'WhPerMile': 400, 'minutesAvailable': 211, 'modifiedAt': 'Fri, 26 Apr 2019 15:16:50 GMT', 'paymentRequired': True, 'requestedDeparture': 'Fri, 26 Apr 2019 18:46:55 GMT', 'kWhRequested': 8.0}]",000000562,2_39_139_28_2019-04-26 15:15:54.586247,2-39-139-28,CA-303,0002,0039,2019-04-26 08:15:55-07:00,2019-04-26 13:22:57-07:00,4.391,2019-04-26 09:39:38-07:00,America/Los_Angeles
5cd8ba9ff9af8b0171714773,"[{'userID': 818, 'milesRequested': 150, 'WhPerMile': 250, 'minutesAvailable': 366, 'modifiedAt': 'Fri, 26 Apr 2019 15:19:16 GMT', 'paymentRequired': True, 'requestedDeparture': 'Fri, 26 Apr 2019 21:24:42 GMT', 'kWhRequested': 37.5}]",000000818,2_39_92_442_2019-04-26 15:18:42.026987,2-39-92-442,CA-498,0002,0039,2019-04-26 08:18:42-07:00,2019-04-26 15:13:52-07:00,37.387,2019-04-26 13:57:28-07:00,America/Los_Angeles
5cd8ba9ff9af8b0171714774,"[{'userID': 1470, 'milesRequested': 100, 'WhPerMile': 292, 'minutesAvailable': 394, 'modifiedAt': 'Fri, 26 Apr 2019 16:08:45 GMT', 'paymentRequired': True, 'requestedDeparture': 'Fri, 26 Apr 2019 22:01:39 GMT', 'kWhRequested': 29.2}, {'userID': 1470, 'milesRequested': 100, 'WhPerMile': 292, 'minutesAvailable': 394, 'modifiedAt': 'Fri, 26 Apr 2019 16:08:54 GMT', 'paymentRequired': True, 'requestedDeparture': 'Fri, 26 Apr 2019 22:01:39 GMT', 'kWhRequested': 29.2}, {'userID': 1470, 'milesRequested': 100, 'WhPerMile': 292, 'minutesAvailable': 394, 'modifiedAt': 'Fri, 26 Apr 2019 16:22:28 GMT', 'paymentRequired': True, 'requestedDeparture': 'Fri, 26 Apr 2019 22:01:39 GMT', 'kWhRequested': 29.2}, {'userID': 1470, 'milesRequested': 100, 'WhPerMile': 292, 'minutesAvailable': 394, 'modifiedAt': 'Fri, 26 Apr 2019 19:17:17 GMT', 'paymentRequired': True, 'requestedDeparture': 'Fri, 26 Apr 2019 22:01:39 GMT', 'kWhRequested': 29.2}]",000001470,2_39_89_25_2019-04-26 15:27:39.430147,2-39-89-25,CA-315,0002,0039,2019-04-26 08:27:39-07:00,2019-04-26 16:38:52-07:00,17.983,2019-04-26 11:52:19-07:00,America/Los_Angeles
5cd8ba9ff9af8b0171714775,"[{'userID': 2149, 'milesRequested': 110, 'WhPerMile': 275, 'minutesAvailable': 414, 'modifiedAt': 'Fri, 26 Apr 2019 15:29:13 GMT', 'paymentRequired': True, 'requestedDeparture': 'Fri, 26 Apr 2019 22:22:35 GMT', 'kWhRequested': 30.25}, {'userID': 2149, 'milesRequested': 110, 'WhPerMile': 275, 'minutesAvailable': 414, 'modifiedAt': 'Fri, 26 Apr 2019 23:22:31 GMT', 'paymentRequired': True, 'requestedDeparture': 'Fri, 26 Apr 2019 22:22:35 GMT', 'kWhRequested': 30.25}]",000002149,2_39_79_381_2019-04-26 15:28:35.426534,2-39-79-381,CA-490,0002,0039,2019-04-26 08:28:35-07:00,2019-04-26 16:22:39-07:00,21.483,2019-04-26 16:22:15-07:00,America/Los_Angeles
5cd8ba9ff9af8b0171714776,"[{'userID': 559, 'milesRequested': 30, 'WhPerMile': 313, 'minutesAvailable': 529, 'modifiedAt': 'Fri, 26 Apr 2019 15:30:08 GMT', 'paymentRequired': True, 'requestedDeparture': 'Sat, 27 Apr 2019 00:18:51 GMT', 'kWhRequested': 9.39}]",000000559,2_39_129_17_2019-04-26 15:29:51.147587,2-39-129-17,CA-307,0002,0039,2019-04-26 08:29:51-07:00,2019-04-26 17:33:48-07:00,6.788,2019-04-26 10:30:42-07:00,America/Los_Angeles
5cd8ba9ff9af8b0171714777,"[{'userID': 1126, 'milesRequested': 80, 'WhPerMile': 250, 'minutesAvailable': 418, 'modifiedAt': 'Fri, 26 Apr 2019 15:38:14 GMT', 'paymentRequired': True, 'requestedDeparture': 'Fri, 26 Apr 2019 22:35:36 GMT', 'kWhRequested': 20.0}]",000001126,2_39_79_379_2019-04-26 15:37:36.502894,2-39-79-379,CA-327,0002,0039,2019-04-26 08:37:36-07:00,2019-04-26 18:06:19-07:00,1.96,2019-04-26 09:13:32-07:00,America/Los_Angeles
5cd8ba9ff9af8b0171714778,"[{'userID': 714, 'milesRequested': 90, 'WhPerMile': 200, 'minutesAvailable': 364, 'modifiedAt': 'Fri, 26 Apr 2019 15:39:06 GMT', 'paymentRequired': True, 'requestedDeparture': 'Fri, 26 Apr 2019 21:42:42 GMT', 'kWhRequested': 18.0}]",000000714,2_39_79_380_2019-04-26 15:38:42.327623,2-39-79-380,CA-489,0002,0039,2019-04-26 08:38:42-07:00,2019-04-26 17:46:36-07:00,14.152,2019-04-26 14:39:20-07:00,America/Los_Angeles
5cd8ba9ff9af8b0171714779,"[{'userID': 1534, 'milesRequested': 20, 'WhPerMile': 250, 'minutesAvailable': 404, 'modifiedAt': 'Fri, 26 Apr 2019 15:45:13 GMT', 'paymentRequired': True, 'requestedDeparture': 'Fri, 26 Apr 2019 22:26:10 GMT', 'kWhRequested': 5.0}]",000001534,2_39_124_558_2019-04-26 15:42:09.926682,2-39-124-558,CA-504,0002,0039,2019-04-26 08:42:10-07:00,2019-04-26 17:05:23-07:00,4.629,2019-04-26 10:07:48-07:00,America/Los_Angeles
5cd8ba9ff9af8b017171477a,"[{'userID': 1957, 'milesRequested': 40, 'WhPerMile': 400, 'minutesAvailable': 419, 'modifiedAt': 'Fri, 26 Apr 2019 15:43:13 GMT', 'paymentRequired': True, 'requestedDeparture': 'Fri, 26 Apr 2019 22:41:46 GMT', 'kWhRequested': 16.0}]",000001957,2_39_78_362_2019-04-26 15:42:45.759137,2-39-78-362,CA-496,0002,0039,2019-04-26 08:42:46-07:00,2019-04-26 16:08:46-07:00,11.726,2019-04-26 16:09:43-07:00,America/Los_Angeles
5cd8ba9ff9af8b017171477b,"[{'userID': 1366, 'milesRequested': 20, 'WhPerMile': 600, 'minutesAvailable': 174, 'modifiedAt': 'Fri, 26 Apr 2019 15:48:08 GMT', 'paymentRequired': True, 'requestedDeparture': 'Fri, 26 Apr 2019 18:41:16 GMT', 'kWhRequested': 12.0}]",000001366,2_39_79_378_2019-04-26 15:47:15.776233,2-39-79-378,CA-326,0002,0039,2019-04-26 08:47:16-07:00,2019-04-26 17:36:39-07:00,5.037,2019-04-26 11:03:48-07:00,America/Los_Angeles
5cd8ba9ff9af8b017171477c,"[{'userID': 1120, 'milesRequested': 60, 'WhPerMile': 375, 'minutesAvailable': 445, 'modifiedAt': 'Fri, 26 Apr 2019 16:01:12 GMT', 'paymentRequired': True, 'requestedDeparture': 'Fri, 26 Apr 2019 23:25:51 GMT', 'kWhRequested': 22.5}]",000001120,2_39_79_377_2019-04-26 16:00:51.419411,2-39-79-377,CA-325,0002,0039,2019-04-26 09:00:51-07:00,2019-04-26 11:01:50-07:00,2.727,2019-04-26 09:49:27-07:00,America/Los_Angeles
5cd8ba9ff9af8b017171477d,"[{'userID': 743, 'milesRequested': 20, 'WhPerMile': 400, 'minutesAvailable': 104, 'modifiedAt': 'Fri, 26 Apr 2019 16:01:54 GMT', 'paymentRequired': True, 'requestedDeparture': 'Fri, 26 Apr 2019 17:45:19 GMT', 'kWhRequested': 8.0}]",000000743,2_39_89_439_2019-04-26 16:01:19.221416,2-39-89-439,CA-501,0002,0039,2019-04-26 09:01:19-07:00,2019-04-26 10:37:52-07:00,5.41,2019-04-26 10:37:48-07:00,America/Los_Angeles
5cd8ba9ff9af8b017171477e,"[{'userID': 1095, 'milesRequested': 20, 'WhPerMile': 469, 'minutesAvailable': 448, 'modifiedAt': 'Fri, 26 Apr 2019 16:02:22 GMT', 'paymentRequired': True, 'requestedDeparture': 'Fri, 26 Apr 2019 23:30:01 GMT', 'kWhRequested': 9.38}]",000001095,2_39_78_366_2019-04-26 16:02:00.611457,2-39-78-366,CA-323,0002,0039,2019-04-26 09:02:01-07:00,2019-04-26 16:19:40-07:00,9.027,2019-04-26 11:27:45-07:00,America/Los_Angeles
5cd8ba9ff9af8b017171477f,"[{'userID': 712, 'milesRequested': 30, 'WhPerMile': 600, 'minutesAvailable': 379, 'modifiedAt': 'Fri, 26 Apr 2019 16:02:13 GMT', 'paymentRequired': True, 'requestedDeparture': 'Fri, 26 Apr 2019 22:21:07 GMT', 'kWhRequested': 18.0}]",000000712,2_39_125_21_2019-04-26 16:02:07.251361,2-39-125-21,CA-311,0002,0039,2019-04-26 09:02:07-07:00,2019-04-26 17:21:56-07:00,4.49,2019-04-26 10:22:50-07:00,America/Los_Angeles
5cd8ba9ff9af8b0171714780,,,2_39_79_382_2019-04-26 16:47:57.569234,2-39-79-382,CA-491,0002,0039,2019-04-26 09:47:58-07:00,2019-04-26 18:44:48-07:00,0.892,2019-04-26 16:07:26-07:00,America/Los_Angeles
5cd8ba9ff9af8b0171714781,"[{'userID': 567, 'milesRequested': 20, 'WhPerMile': 333, 'minutesAvailable': 425, 'modifiedAt': 'Fri, 26 Apr 2019 16:48:36 GMT', 'paymentRequired': True, 'requestedDeparture': 'Fri, 26 Apr 2019 23:53:07 GMT', 'kWhRequested': 6.66}]",000000567,2_39_91_437_2019-04-26 16:48:07.051908,2-39-91-437,CA-317,0002,0039,2019-04-26 09:48:07-07:00,2019-04-26 18:30:16-07:00,6.06,2019-04-26 11:37:36-07:00,America/Los_Angeles
5cd8ba9ff9af8b0171714782,"[{'userID': 324, 'milesRequested': 20, 'WhPerMile': 600, 'minutesAvailable': 111, 'modifiedAt': 'Fri, 26 Apr 2019 16:56:29 GMT', 'paymentRequired': True, 'requestedDeparture': 'Fri, 26 Apr 2019 18:47:18 GMT', 'kWhRequested': 12.0}]",000000324,2_39_92_436_2019-04-26 16:56:17.722024,2-39-92-436,CA-318,0002,0039,2019-04-26 09:56:18-07:00,2019-04-26 21:49:33-07:00,1.399,2019-04-26 10:41:09-07:00,America/Los_Angeles
5cd8ba9ff9af8b0171714783,,,2_39_95_444_2019-04-26 17:27:17.744117,2-39-95-444,CA-497,0002,0039,2019-04-26 10:27:18-07:00,2019-04-26 12:05:17-07:00,0.897,2019-04-26 11:45:03-07:00,America/Los_Angeles
5cd8ba9ff9af8b0171714784,"[{'userID': 850, 'milesRequested': 100, 'WhPerMile': 300, 'minutesAvailable': 60, 'modifiedAt': 'Fri, 26 Apr 2019 17:49:09 GMT', 'paymentRequired': True, 'requestedDeparture': 'Fri, 26 Apr 2019 18:48:57 GMT', 'kWhRequested': 30.0}]",000000850,2_39_90_26_2019-04-26 17:48:57.344490,2-39-90-26,CA-316,0002,0039,2019-04-26 10:48:57-07:00,2019-04-27 00:19:50-07:00,22.696,2019-04-26 14:30:49-07:00,America/Los_Angeles
5cd8ba9ff9af8b0171714785,"[{'userID': 832, 'milesRequested': 80, 'WhPerMile': 300, 'minutesAvailable': 365, 'modifiedAt': 'Fri, 26 Apr 2019 17:51:04 GMT', 'paymentRequired': True, 'requestedDeparture': 'Fri, 26 Apr 2019 23:54:08 GMT', 'kWhRequested': 24.0}]",000000832,2_39_78_365_2019-04-26 17:49:08.112764,2-39-78-365,CA-321,0002,0039,2019-04-26 10:49:08-07:00,2019-04-26 17:05:16-07:00,23.082,2019-04-26 16:48:30-07:00,America/Los_Angeles
5cd8ba9ff9af8b0171714786,"[{'userID': 1274, 'milesRequested': 30, 'WhPerMile': 333, 'minutesAvailable': 341, 'modifiedAt': 'Fri, 26 Apr 2019 18:22:22 GMT', 'paymentRequired': True, 'requestedDeparture': 'Sat, 27 Apr 2019 00:02:04 GMT', 'kWhRequested': 9.99}]",000001274,2_39_79_377_2019-04-26 18:21:04.381013,2-39-79-377,CA-325,0002,0039,2019-04-26 11:21:04-07:00,2019-04-26 18:55:06-07:00,9.884,2019-04-26 17:33:59-07:00,America/Los_Angeles
5cd8ba9ff9af8b0171714787,"[{'userID': 891, 'milesRequested': 20, 'WhPerMile': 300, 'minutesAvailable': 310, 'modifiedAt': 'Fri, 26 Apr 2019 18:36:09 GMT', 'paymentRequired': True, 'requestedDeparture': 'Fri, 26 Apr 2019 23:45:58 GMT', 'kWhRequested': 6.0}]",000000891,2_39_95_27_2019-04-26 18:35:58.148043,2-39-95-27,CA-319,0002,0039,2019-04-26 11:35:58-07:00,2019-04-26 17:26:10-07:00,1.805,2019-04-26 12:18:11-07:00,America/Los_Angeles
5cd8ba9ff9af8b0171714788,"[{'userID': 1124, 'milesRequested': 20, 'WhPerMile': 450, 'minutesAvailable': 60, 'modifiedAt': 'Fri, 26 Apr 2019 18:56:31 GMT', 'paymentRequired': True, 'requestedDeparture': 'Fri, 26 Apr 2019 19:55:58 GMT', 'kWhRequested': 9.0}]",000001124,2_39_78_363_2019-04-26 18:55:57.938091,2-39-78-363,CA-320,0002,0039,2019-04-26 11:55:58-07:00,2019-04-26 19:06:26-07:00,6.599,2019-04-26 13:58:08-07:00,America/Los_Angeles
5cd8ba9ff9af8b0171714789,"[{'userID': 1083, 'milesRequested': 20, 'WhPerMile': 400, 'minutesAvailable': 179, 'modifiedAt': 'Fri, 26 Apr 2019 19:37:45 GMT', 'paymentRequired': True, 'requestedDeparture': 'Fri, 26 Apr 2019 22:35:59 GMT', 'kWhRequested': 8.0}]",000001083,2_39_78_360_2019-04-26 19:36:59.392041,2-39-78-360,CA-322,0002,0039,2019-04-26 12:36:59-07:00,2019-04-26 16:49:31-07:00,3.956,2019-04-26 15:10:07-07:00,America/Los_Angeles
5cd8ba9ff9af8b017171478a,"[{'userID': 1082, 'milesRequested': 40, 'WhPerMile': 400, 'minutesAvailable': 291, 'modifiedAt': 'Fri, 26 Apr 2019 20:11:58 GMT', 'paymentRequired': True, 'requestedDeparture': 'Sat, 27 Apr 2019 01:01:44 GMT', 'kWhRequested': 16.0}]",000001082,2_39_88_24_2019-04-26 20:10:43.692928,2-39-88-24,CA-314,0002,0039,2019-04-26 13:10:44-07:00,2019-04-26 20:20:36-07:00,2.014,2019-04-26 14:11:20-07:00,America/Los_Angeles
5cd8ba9ff9af8b017171478b,,,2_39_89_439_2019-04-26 20:26:43.709771,2-39-89-439,CA-501,0002,0039,2019-04-26 13:26:44-07:00,2019-04-26 18:09:01-07:00,0.897,2019-04-26 16:29:50-07:00,America/Los_Angeles
5cd8ba9ff9af8b017171478c,"[{'userID': 743, 'milesRequested': 20, 'WhPerMile': 400, 'minutesAvailable': 30, 'modifiedAt': 'Fri, 26 Apr 2019 20:32:19 GMT', 'paymentRequired': True, 'requestedDeparture': 'Fri, 26 Apr 2019 21:01:44 GMT', 'kWhRequested': 8.0}, {'userID': 743, 'milesRequested': 20, 'WhPerMile': 400, 'minutesAvailable': 71, 'modifiedAt': 'Fri, 26 Apr 2019 20:44:04 GMT', 'paymentRequired': True, 'requestedDeparture': 'Fri, 26 Apr 2019 21:42:44 GMT', 'kWhRequested': 8.0}]",000000743,2_39_90_440_2019-04-26 20:31:43.520518,2-39-90-440,CA-500,0002,0039,2019-04-26 13:31:44-07:00,2019-04-26 13:44:20-07:00,0.68,2019-04-26 13:44:16-07:00,America/Los_Angeles
5cd8ba9ff9af8b017171478d,,,2_39_78_367_2019-04-26 20:47:46.416205,2-39-78-367,CA-494,0002,0039,2019-04-26 13:47:46-07:00,2019-04-26 17:27:05-07:00,0.887,2019-04-26 15:41:03-07:00,America/Los_Angeles
5cd8ba9ff9af8b017171478e,"[{'userID': 560, 'milesRequested': 20, 'WhPerMile': 273, 'minutesAvailable': 108, 'modifiedAt': 'Fri, 26 Apr 2019 21:10:38 GMT', 'paymentRequired': True, 'requestedDeparture': 'Fri, 26 Apr 2019 22:58:13 GMT', 'kWhRequested': 5.46}]",000000560,2_39_124_22_2019-04-26 21:10:13.298527,2-39-124-22,CA-312,0002,0039,2019-04-26 14:10:13-07:00,2019-04-26 16:00:41-07:00,2.138,2019-04-26 15:09:35-07:00,America/Los_Angeles
5cd8ba9ff9af8b017171478f,"[{'userID': 365, 'milesRequested': 20, 'WhPerMile': 333, 'minutesAvailable': 65, 'modifiedAt': 'Fri, 26 Apr 2019 23:36:44 GMT', 'paymentRequired': True, 'requestedDeparture': 'Sat, 27 Apr 2019 00:41:06 GMT', 'kWhRequested': 6.66}]",000000365,2_39_138_29_2019-04-26 23:36:05.589532,2-39-138-29,CA-304,0002,0039,2019-04-26 16:36:06-07:00,2019-04-26 17:23:35-07:00,0.544,2019-04-26 16:56:27-07:00,America/Los_Angeles
5cd8ba9ff9af8b0171714790,"[{'userID': 1135, 'milesRequested': 50, 'WhPerMile': 400, 'minutesAvailable': 150, 'modifiedAt': 'Fri, 26 Apr 2019 23:44:58 GMT', 'paymentRequired': True, 'requestedDeparture': 'Sat, 27 Apr 2019 02:14:57 GMT', 'kWhRequested': 20.0}]",000001135,2_39_79_376_2019-04-26 23:44:57.025005,2-39-79-376,CA-324,0002,0039,2019-04-26 16:44:57-07:00,2019-04-26 19:33:17-07:00,8.944,2019-04-26 19:33:12-07:00,America/Los_Angeles
5cd8ba9ff9af8b0171714791,"[{'userID': 867, 'milesRequested': 60, 'WhPerMile': 400, 'minutesAvailable': 105, 'modifiedAt': 'Fri, 26 Apr 2019 23:48:45 GMT', 'paymentRequired': True, 'requestedDeparture': 'Sat, 27 Apr 2019 01:33:25 GMT', 'kWhRequested': 24.0}, {'userID': 867, 'milesRequested': 60, 'WhPerMile': 400, 'minutesAvailable': 105, 'modifiedAt': 'Sat, 27 Apr 2019 00:19:27 GMT', 'paymentRequired': True, 'requestedDeparture': 'Sat, 27 Apr 2019 01:33:25 GMT', 'kWhRequested': 24.0}]",000000867,2_39_78_362_2019-04-26 23:48:25.264488,2-39-78-362,CA-496,0002,0039,2019-04-26 16:48:25-07:00,2019-04-26 18:16:40-07:00,9.659,2019-04-26 18:17:38-07:00,America/Los_Angeles
5cd8ba9ff9af8b0171714792,"[{'userID': 2192, 'milesRequested': 30, 'WhPerMile': 400, 'minutesAvailable': 80, 'modifiedAt': 'Sat, 27 Apr 2019 01:17:01 GMT', 'paymentRequired': True, 'requestedDeparture': 'Sat, 27 Apr 2019 02:35:59 GMT', 'kWhRequested': 12.0}, {'userID': 2192, 'milesRequested': 30, 'WhPerMile': 400, 'minutesAvailable': 80, 'modifiedAt': 'Sat, 27 Apr 2019 02:44:20 GMT', 'paymentRequired': True, 'requestedDeparture': 'Sat, 27 Apr 2019 02:35:59 GMT', 'kWhRequested': 12.0}]",000002192,2_39_138_29_2019-04-27 01:15:59.475648,2-39-138-29,CA-304,0002,0039,2019-04-26 18:15:59-07:00,2019-04-26 19:44:24-07:00,9.999,2019-04-26 19:44:19-07:00,America/Los_Angeles
5cd8ba9ff9af8b0171714793,,,2_39_139_28_2019-04-27 01:57:42.958775,2-39-139-28,CA-303,0002,0039,2019-04-26 18:57:43-07:00,2019-04-26 19:45:04-07:00,0.814,2019-04-26 19:45:55-07:00,America/Los_Angeles
5cd8ba9ff9af8b0171714794,"[{'userID': 1202, 'milesRequested': 40, 'WhPerMile': 375, 'minutesAvailable': 161, 'modifiedAt': 'Sat, 27 Apr 2019 05:17:25 GMT', 'paymentRequired': True, 'requestedDeparture': 'Sat, 27 Apr 2019 07:56:40 GMT', 'kWhRequested': 15.0}]",000001202,2_39_139_28_2019-04-27 05:15:40.131842,2-39-139-28,CA-303,0002,0039,2019-04-26 22:15:40-07:00,2019-04-27 10:24:06-07:00,11.624,2019-04-27 01:54:34-07:00,America/Los_Angeles
5cda0c16f9af8b0565023a33,"[{'userID': 1164, 'milesRequested': 20, 'WhPerMile': 525, 'minutesAvailable': 324, 'modifiedAt': 'Sat, 27 Apr 2019 15:43:08 GMT', 'paymentRequired': True, 'requestedDeparture': 'Sat, 27 Apr 2019 21:06:42 GMT', 'kWhRequested': 10.5}]",000001164,2_39_79_383_2019-04-27 15:42:42.323649,2-39-79-383,CA-492,0002,0039,2019-04-27 08:42:42-07:00,2019-04-27 14:39:01-07:00,6.433,2019-04-27 10:45:35-07:00,America/Los_Angeles
5cda0c16f9af8b0565023a34,"[{'userID': 1083, 'milesRequested': 20, 'WhPerMile': 400, 'minutesAvailable': 125, 'modifiedAt': 'Sat, 27 Apr 2019 16:52:00 GMT', 'paymentRequired': True, 'requestedDeparture': 'Sat, 27 Apr 2019 18:56:40 GMT', 'kWhRequested': 8.0}]",000001083,2_39_79_379_2019-04-27 16:51:40.496236,2-39-79-379,CA-327,0002,0039,2019-04-27 09:51:40-07:00,2019-04-27 11:59:09-07:00,6.062,2019-04-27 11:58:41-07:00,America/Los_Angeles
5cda0c16f9af8b0565023a35,"[{'userID': 291, 'milesRequested': 20, 'WhPerMile': 250, 'minutesAvailable': 304, 'modifiedAt': 'Sat, 27 Apr 2019 17:23:13 GMT', 'paymentRequired': True, 'requestedDeparture': 'Sat, 27 Apr 2019 22:27:10 GMT', 'kWhRequested': 5.0}, {'userID': 291, 'milesRequested': 20, 'WhPerMile': 250, 'minutesAvailable': 304, 'modifiedAt': 'Sat, 27 Apr 2019 17:23:25 GMT', 'paymentRequired': True, 'requestedDeparture': 'Sat, 27 Apr 2019 22:27:10 GMT', 'kWhRequested': 5.0}, {'userID': 291, 'milesRequested': 20, 'WhPerMile': 250, 'minutesAvailable': 304, 'modifiedAt': 'Sat, 27 Apr 2019 19:00:24 GMT', 'paymentRequired': True, 'requestedDeparture': 'Sat, 27 Apr 2019 22:27:10 GMT', 'kWhRequested': 5.0}]",000000291,2_39_127_19_2019-04-27 17:23:09.737112,2-39-127-19,CA-309,0002,0039,2019-04-27 10:23:10-07:00,2019-04-27 12:00:46-07:00,4.878,2019-04-27 11:12:56-07:00,America/Los_Angeles
5cda0c16f9af8b0565023a36,"[{'userID': 565, 'milesRequested': 60, 'WhPerMile': 333, 'minutesAvailable': 653, 'modifiedAt': 'Sat, 27 Apr 2019 17:34:22 GMT', 'paymentRequired': True, 'requestedDeparture': 'Sun, 28 Apr 2019 04:27:15 GMT', 'kWhRequested': 19.98}]",000000565,2_39_78_360_2019-04-27 17:34:14.642845,2-39-78-360,CA-322,0002,0039,2019-04-27 10:34:15-07:00,2019-04-27 13:26:15-07:00,12.051,2019-04-27 12:38:36-07:00,America/Los_Angeles
5cda0c16f9af8b0565023a37,"[{'userID': 743, 'milesRequested': 20, 'WhPerMile': 400, 'minutesAvailable': 59, 'modifiedAt': 'Sat, 27 Apr 2019 17:46:38 GMT', 'paymentRequired': True, 'requestedDeparture': 'Sat, 27 Apr 2019 18:44:31 GMT', 'kWhRequested': 8.0}]",000000743,2_39_89_25_2019-04-27 17:45:30.700598,2-39-89-25,CA-315,0002,0039,2019-04-27 10:45:31-07:00,2019-04-27 11:53:45-07:00,2.681,2019-04-27 11:42:50-07:00,America/Los_Angeles
5cda0c16f9af8b0565023a38,"[{'userID': 1133, 'milesRequested': 20, 'WhPerMile': 400, 'minutesAvailable': 60, 'modifiedAt': 'Sat, 27 Apr 2019 17:52:03 GMT', 'paymentRequired': True, 'requestedDeparture': 'Sat, 27 Apr 2019 18:51:26 GMT', 'kWhRequested': 8.0}]",000001133,2_39_139_28_2019-04-27 17:51:25.590446,2-39-139-28,CA-303,0002,0039,2019-04-27 10:51:26-07:00,2019-04-27 12:51:33-07:00,7.893,2019-04-27 12:08:27-07:00,America/Los_Angeles
5cda0c16f9af8b0565023a39,"[{'userID': 248, 'milesRequested': 80, 'WhPerMile': 250, 'minutesAvailable': 352, 'modifiedAt': 'Sat, 27 Apr 2019 18:30:40 GMT', 'paymentRequired': True, 'requestedDeparture': 'Sun, 28 Apr 2019 00:22:07 GMT', 'kWhRequested': 20.0}, {'userID': 248, 'milesRequested': 90, 'WhPerMile': 250, 'minutesAvailable': 352, 'modifiedAt': 'Sat, 27 Apr 2019 22:16:31 GMT', 'paymentRequired': True, 'requestedDeparture': 'Sun, 28 Apr 2019 00:22:07 GMT', 'kWhRequested': 22.5}]",000000248,2_39_79_377_2019-04-27 18:30:06.706511,2-39-79-377,CA-325,0002,0039,2019-04-27 11:30:07-07:00,2019-04-27 15:43:02-07:00,21.927,2019-04-27 15:42:54-07:00,America/Los_Angeles
5cda0c16f9af8b0565023a3a,,,2_39_79_378_2019-04-27 19:47:18.404370,2-39-79-378,CA-326,0002,0039,2019-04-27 12:47:18-07:00,2019-04-27 13:10:53-07:00,0.565,2019-04-27 13:10:48-07:00,America/Los_Angeles
5cda0c16f9af8b0565023a3b,"[{'userID': 1085, 'milesRequested': 40, 'WhPerMile': 292, 'minutesAvailable': 70, 'modifiedAt': 'Sat, 27 Apr 2019 19:52:03 GMT', 'paymentRequired': True, 'requestedDeparture': 'Sat, 27 Apr 2019 21:00:59 GMT', 'kWhRequested': 11.68}]",000001085,2_39_131_30_2019-04-27 19:50:59.462138,2-39-131-30,CA-305,0002,0039,2019-04-27 12:50:59-07:00,2019-04-27 14:02:39-07:00,7.566,2019-04-27 14:02:34-07:00,America/Los_Angeles
5cda0c16f9af8b0565023a3c,"[{'userID': 1222, 'milesRequested': 10, 'WhPerMile': 400, 'minutesAvailable': 72, 'modifiedAt': 'Sat, 27 Apr 2019 21:05:36 GMT', 'paymentRequired': True, 'requestedDeparture': 'Sat, 27 Apr 2019 22:17:00 GMT', 'kWhRequested': 4.0}]",000001222,2_39_95_27_2019-04-27 21:04:59.593333,2-39-95-27,CA-319,0002,0039,2019-04-27 14:05:00-07:00,2019-04-28 10:53:33-07:00,3.865,2019-04-27 15:12:58-07:00,America/Los_Angeles
5cda0c16f9af8b0565023a3d,"[{'userID': 2192, 'milesRequested': 10, 'WhPerMile': 400, 'minutesAvailable': 89, 'modifiedAt': 'Sat, 27 Apr 2019 22:53:48 GMT', 'paymentRequired': True, 'requestedDeparture': 'Sun, 28 Apr 2019 00:20:32 GMT', 'kWhRequested': 4.0}]",000002192,2_39_131_30_2019-04-27 22:51:32.197150,2-39-131-30,CA-305,0002,0039,2019-04-27 15:51:32-07:00,2019-04-27 17:37:17-07:00,3.873,2019-04-27 16:34:49-07:00,America/Los_Angeles
5cda0c16f9af8b0565023a3e,,,2_39_129_17_2019-04-27 23:12:33.602857,2-39-129-17,CA-307,0002,0039,2019-04-27 16:12:34-07:00,2019-04-27 16:38:59-07:00,0.75,2019-04-27 16:38:49-07:00,America/Los_Angeles
5cda0c16f9af8b0565023a3f,"[{'userID': 1214, 'milesRequested': 70, 'WhPerMile': 250, 'minutesAvailable': 126, 'modifiedAt': 'Sat, 27 Apr 2019 23:43:09 GMT', 'paymentRequired': True, 'requestedDeparture': 'Sun, 28 Apr 2019 01:48:44 GMT', 'kWhRequested': 17.5}]",000001214,2_39_79_377_2019-04-27 23:42:44.258519,2-39-79-377,CA-325,0002,0039,2019-04-27 16:42:44-07:00,2019-04-27 18:11:16-07:00,9.515,2019-04-27 18:08:27-07:00,America/Los_Angeles
5cda0c16f9af8b0565023a40,"[{'userID': 1202, 'milesRequested': 40, 'WhPerMile': 375, 'minutesAvailable': 161, 'modifiedAt': 'Sat, 27 Apr 2019 23:53:45 GMT', 'paymentRequired': True, 'requestedDeparture': 'Sun, 28 Apr 2019 02:33:12 GMT', 'kWhRequested': 15.0}]",000001202,2_39_139_28_2019-04-27 23:52:12.011301,2-39-139-28,CA-303,0002,0039,2019-04-27 16:52:12-07:00,2019-04-28 19:06:26-07:00,9.252,2019-04-27 19:48:56-07:00,America/Los_Angeles
5cda0c16f9af8b0565023a41,"[{'userID': 1746, 'milesRequested': 60, 'WhPerMile': 458, 'minutesAvailable': 96, 'modifiedAt': 'Sun, 28 Apr 2019 00:34:11 GMT', 'paymentRequired': True, 'requestedDeparture': 'Sun, 28 Apr 2019 02:09:46 GMT', 'kWhRequested': 27.48}, {'userID': 1746, 'milesRequested': 60, 'WhPerMile': 458, 'minutesAvailable': 96, 'modifiedAt': 'Sun, 28 Apr 2019 02:01:07 GMT', 'paymentRequired': True, 'requestedDeparture': 'Sun, 28 Apr 2019 02:09:46 GMT', 'kWhRequested': 27.48}]",000001746,2_39_125_21_2019-04-28 00:33:45.668151,2-39-125-21,CA-311,0002,0039,2019-04-27 17:33:46-07:00,2019-04-27 19:01:15-07:00,4.804,2019-04-27 19:01:10-07:00,America/Los_Angeles
5cda0c16f9af8b0565023a42,"[{'userID': 292, 'milesRequested': 270, 'WhPerMile': 200, 'minutesAvailable': 720, 'modifiedAt': 'Sun, 28 Apr 2019 01:28:22 GMT', 'paymentRequired': True, 'requestedDeparture': 'Sun, 28 Apr 2019 13:27:54 GMT', 'kWhRequested': 54.0}, {'userID': 292, 'milesRequested': 270, 'WhPerMile': 200, 'minutesAvailable': 720, 'modifiedAt': 'Sun, 28 Apr 2019 06:05:40 GMT', 'paymentRequired': True, 'requestedDeparture': 'Sun, 28 Apr 2019 13:27:54 GMT', 'kWhRequested': 54.0}]",000000292,2_39_91_437_2019-04-28 01:27:54.218478,2-39-91-437,CA-317,0002,0039,2019-04-27 18:27:54-07:00,2019-04-28 09:28:21-07:00,34.889,2019-04-27 23:52:09-07:00,America/Los_Angeles
5cda0c16f9af8b0565023a43,,,2_39_138_29_2019-04-28 01:41:05.225974,2-39-138-29,CA-304,0002,0039,2019-04-27 18:41:05-07:00,2019-04-29 08:04:28-07:00,0.956,2019-04-27 19:12:05-07:00,America/Los_Angeles
5cda0c16f9af8b0565023a44,,,2_39_129_17_2019-04-28 02:06:40.362854,2-39-129-17,CA-307,0002,0039,2019-04-27 19:06:40-07:00,2019-04-27 20:20:53-07:00,0.92,2019-04-27 20:21:52-07:00,America/Los_Angeles
5cdb5d92f9af8b0995dcc6a2,"[{'userID': 324, 'milesRequested': 20, 'WhPerMile': 600, 'minutesAvailable': 77, 'modifiedAt': 'Sun, 28 Apr 2019 14:14:49 GMT', 'paymentRequired': True, 'requestedDeparture': 'Sun, 28 Apr 2019 15:31:31 GMT', 'kWhRequested': 12.0}]",000000324,2_39_131_30_2019-04-28 14:14:31.126306,2-39-131-30,CA-305,0002,0039,2019-04-28 07:14:31-07:00,2019-04-28 09:15:50-07:00,2.386,2019-04-28 08:26:57-07:00,America/Los_Angeles
5cdb5d92f9af8b0995dcc6a3,"[{'userID': 743, 'milesRequested': 20, 'WhPerMile': 400, 'minutesAvailable': 59, 'modifiedAt': 'Sun, 28 Apr 2019 17:48:38 GMT', 'paymentRequired': True, 'requestedDeparture': 'Sun, 28 Apr 2019 17:06:54 GMT', 'kWhRequested': 8.0}, {'userID': 743, 'milesRequested': 20, 'WhPerMile': 400, 'minutesAvailable': 59, 'modifiedAt': 'Sun, 28 Apr 2019 17:48:58 GMT', 'paymentRequired': True, 'requestedDeparture': 'Sun, 28 Apr 2019 17:06:54 GMT', 'kWhRequested': 8.0}, {'userID': 743, 'milesRequested': 20, 'WhPerMile': 400, 'minutesAvailable': 30, 'modifiedAt': 'Sun, 28 Apr 2019 17:50:08 GMT', 'paymentRequired': True, 'requestedDeparture': 'Sun, 28 Apr 2019 16:37:54 GMT', 'kWhRequested': 8.0}]",000000743,2_39_89_25_2019-04-28 16:07:54.150143,2-39-89-25,CA-315,0002,0039,2019-04-28 09:07:54-07:00,2019-04-28 10:50:45-07:00,0.92,2019-04-28 10:50:41-07:00,America/Los_Angeles
5cdb5d92f9af8b0995dcc6a4,"[{'userID': 1346, 'milesRequested': 80, 'WhPerMile': 400, 'minutesAvailable': 60, 'modifiedAt': 'Sun, 28 Apr 2019 16:51:32 GMT', 'paymentRequired': True, 'requestedDeparture': 'Sun, 28 Apr 2019 17:50:19 GMT', 'kWhRequested': 32.0}, {'userID': 1346, 'milesRequested': 80, 'WhPerMile': 400, 'minutesAvailable': 60, 'modifiedAt': 'Sun, 28 Apr 2019 16:51:40 GMT', 'paymentRequired': True, 'requestedDeparture': 'Sun, 28 Apr 2019 17:50:19 GMT', 'kWhRequested': 32.0}]",000001346,2_39_129_17_2019-04-28 16:50:18.934901,2-39-129-17,CA-307,0002,0039,2019-04-28 09:50:19-07:00,2019-04-28 12:19:20-07:00,10.509,2019-04-28 11:26:24-07:00,America/Los_Angeles
5cdb5d92f9af8b0995dcc6a5,"[{'userID': 818, 'milesRequested': 200, 'WhPerMile': 250, 'minutesAvailable': 473, 'modifiedAt': 'Sun, 28 Apr 2019 16:54:25 GMT', 'paymentRequired': True, 'requestedDeparture': 'Mon, 29 Apr 2019 00:46:55 GMT', 'kWhRequested': 50.0}]",000000818,2_39_92_442_2019-04-28 16:53:55.324355,2-39-92-442,CA-498,0002,0039,2019-04-28 09:53:55-07:00,2019-04-28 15:15:49-07:00,36.928,2019-04-28 15:15:44-07:00,America/Los_Angeles
5cdb5d92f9af8b0995dcc6a6,"[{'userID': 2290, 'milesRequested': 70, 'WhPerMile': 400, 'minutesAvailable': 60, 'modifiedAt': 'Sun, 28 Apr 2019 17:52:35 GMT', 'paymentRequired': True, 'requestedDeparture': 'Sun, 28 Apr 2019 17:54:28 GMT', 'kWhRequested': 28.0}, {'userID': 2290, 'milesRequested': 70, 'WhPerMile': 400, 'minutesAvailable': 60, 'modifiedAt': 'Sun, 28 Apr 2019 17:53:39 GMT', 'paymentRequired': True, 'requestedDeparture': 'Sun, 28 Apr 2019 17:54:28 GMT', 'kWhRequested': 28.0}, {'userID': 2290, 'milesRequested': 90, 'WhPerMile': 400, 'minutesAvailable': 60, 'modifiedAt': 'Sun, 28 Apr 2019 17:54:52 GMT', 'paymentRequired': True, 'requestedDeparture': 'Sun, 28 Apr 2019 17:54:28 GMT', 'kWhRequested': 36.0}, {'userID': 2290, 'milesRequested': 90, 'WhPerMile': 400, 'minutesAvailable': 117, 'modifiedAt': 'Sun, 28 Apr 2019 18:50:58 GMT', 'paymentRequired': True, 'requestedDeparture': 'Sun, 28 Apr 2019 18:51:28 GMT', 'kWhRequested': 36.0}, {'userID': 2290, 'milesRequested': 90, 'WhPerMile': 400, 'minutesAvailable': 117, 'modifiedAt': 'Sun, 28 Apr 2019 20:59:45 GMT', 'paymentRequired': True, 'requestedDeparture': 'Sun, 28 Apr 2019 18:51:28 GMT', 'kWhRequested': 36.0}]",000002290,2_39_124_22_2019-04-28 16:54:27.629761,2-39-124-22,CA-312,0002,0039,2019-04-28 09:54:28-07:00,2019-04-28 16:00:37-07:00,7.401,2019-04-28 12:58:05-07:00,America/Los_Angeles
5cdb5d92f9af8b0995dcc6a7,"[{'userID': 891, 'milesRequested': 20, 'WhPerMile': 300, 'minutesAvailable': 310, 'modifiedAt': 'Sun, 28 Apr 2019 17:41:00 GMT', 'paymentRequired': True, 'requestedDeparture': 'Sun, 28 Apr 2019 22:50:30 GMT', 'kWhRequested': 6.0}]",000000891,2_39_131_30_2019-04-28 17:40:30.336113,2-39-131-30,CA-305,0002,0039,2019-04-28 10:40:30-07:00,2019-04-28 12:10:36-07:00,1.885,2019-04-28 11:24:21-07:00,America/Los_Angeles
5cdb5d92f9af8b0995dcc6a8,,,2_39_95_27_2019-04-28 18:23:01.905221,2-39-95-27,CA-319,0002,0039,2019-04-28 11:23:02-07:00,2019-04-28 14:08:52-07:00,0.951,2019-04-28 11:53:14-07:00,America/Los_Angeles
5cdb5d92f9af8b0995dcc6a9,"[{'userID': 1509, 'milesRequested': 50, 'WhPerMile': 400, 'minutesAvailable': 251, 'modifiedAt': 'Sun, 28 Apr 2019 18:48:28 GMT', 'paymentRequired': True, 'requestedDeparture': 'Sun, 28 Apr 2019 22:56:36 GMT', 'kWhRequested': 20.0}]",000001509,2_39_127_19_2019-04-28 18:45:36.390798,2-39-127-19,CA-309,0002,0039,2019-04-28 11:45:36-07:00,2019-04-28 14:48:59-07:00,17.215,2019-04-28 14:27:14-07:00,America/Los_Angeles
5cdb5d92f9af8b0995dcc6aa,,,2_39_130_31_2019-04-28 19:14:16.617854,2-39-130-31,CA-306,0002,0039,2019-04-28 12:14:17-07:00,2019-04-28 15:10:49-07:00,0.966,2019-04-28 12:45:00-07:00,America/Los_Angeles
5cdb5d92f9af8b0995dcc6ab,"[{'userID': 1083, 'milesRequested': 20, 'WhPerMile': 400, 'minutesAvailable': 125, 'modifiedAt': 'Sun, 28 Apr 2019 19:47:53 GMT', 'paymentRequired': True, 'requestedDeparture': 'Sun, 28 Apr 2019 21:52:33 GMT', 'kWhRequested': 8.0}]",000001083,2_39_79_379_2019-04-28 19:47:33.219647,2-39-79-379,CA-327,0002,0039,2019-04-28 12:47:33-07:00,2019-04-28 19:24:03-07:00,4.485,2019-04-28 19:23:58-07:00,America/Los_Angeles
5cdb5d92f9af8b0995dcc6ac,"[{'userID': 1142, 'milesRequested': 20, 'WhPerMile': 400, 'minutesAvailable': 200, 'modifiedAt': 'Sun, 28 Apr 2019 19:54:55 GMT', 'paymentRequired': True, 'requestedDeparture': 'Sun, 28 Apr 2019 23:14:34 GMT', 'kWhRequested': 8.0}]",000001142,2_39_79_380_2019-04-28 19:54:33.973309,2-39-79-380,CA-489,0002,0039,2019-04-28 12:54:34-07:00,2019-04-28 17:14:43-07:00,8.345,2019-04-28 17:06:18-07:00,America/Los_Angeles
5cdb5d92f9af8b0995dcc6ad,"[{'userID': 1161, 'milesRequested': 40, 'WhPerMile': 400, 'minutesAvailable': 128, 'modifiedAt': 'Sun, 28 Apr 2019 20:30:09 GMT', 'paymentRequired': True, 'requestedDeparture': 'Sun, 28 Apr 2019 22:38:00 GMT', 'kWhRequested': 16.0}]",000001161,2_39_131_30_2019-04-28 20:30:00.222139,2-39-131-30,CA-305,0002,0039,2019-04-28 13:30:00-07:00,2019-04-28 15:24:33-07:00,6.267,2019-04-28 15:24:28-07:00,America/Los_Angeles
5cdb5d92f9af8b0995dcc6ae,"[{'userID': 1309, 'milesRequested': 60, 'WhPerMile': 450, 'minutesAvailable': 60, 'modifiedAt': 'Sun, 28 Apr 2019 21:05:49 GMT', 'paymentRequired': True, 'requestedDeparture': 'Sun, 28 Apr 2019 21:55:02 GMT', 'kWhRequested': 27.0}]",000001309,2_39_129_17_2019-04-28 20:55:01.868569,2-39-129-17,CA-307,0002,0039,2019-04-28 13:55:02-07:00,2019-04-28 14:25:38-07:00,2.39,2019-04-28 14:25:34-07:00,America/Los_Angeles
5cdb5d92f9af8b0995dcc6af,"[{'userID': 1826, 'milesRequested': 100, 'WhPerMile': 400, 'minutesAvailable': 720, 'modifiedAt': 'Sun, 28 Apr 2019 21:04:26 GMT', 'paymentRequired': True, 'requestedDeparture': 'Mon, 29 Apr 2019 09:04:23 GMT', 'kWhRequested': 40.0}]",000001826,2_39_128_18_2019-04-28 21:04:22.869438,2-39-128-18,CA-308,0002,0039,2019-04-28 14:04:23-07:00,2019-04-29 20:37:48-07:00,13.824,2019-04-28 16:28:24-07:00,America/Los_Angeles
5cdb5d92f9af8b0995dcc6b0,"[{'userID': 1135, 'milesRequested': 50, 'WhPerMile': 400, 'minutesAvailable': 150, 'modifiedAt': 'Sun, 28 Apr 2019 21:50:53 GMT', 'paymentRequired': True, 'requestedDeparture': 'Mon, 29 Apr 2019 00:20:44 GMT', 'kWhRequested': 20.0}]",000001135,2_39_79_377_2019-04-28 21:50:43.837436,2-39-79-377,CA-325,0002,0039,2019-04-28 14:50:44-07:00,2019-04-28 17:14:02-07:00,8.417,2019-04-28 17:13:58-07:00,America/Los_Angeles
5cdb5d92f9af8b0995dcc6b1,"[{'userID': 1746, 'milesRequested': 60, 'WhPerMile': 458, 'minutesAvailable': 96, 'modifiedAt': 'Sun, 28 Apr 2019 22:31:10 GMT', 'paymentRequired': True, 'requestedDeparture': 'Mon, 29 Apr 2019 00:06:50 GMT', 'kWhRequested': 27.48}, {'userID': 1746, 'milesRequested': 60, 'WhPerMile': 458, 'minutesAvailable': 96, 'modifiedAt': 'Mon, 29 Apr 2019 00:05:49 GMT', 'paymentRequired': True, 'requestedDeparture': 'Mon, 29 Apr 2019 00:06:50 GMT', 'kWhRequested': 27.48}]",000001746,2_39_91_437_2019-04-28 22:30:50.118655,2-39-91-437,CA-317,0002,0039,2019-04-28 15:30:50-07:00,2019-04-28 17:06:20-07:00,2.383,2019-04-28 16:19:34-07:00,America/Los_Angeles
5cdb5d92f9af8b0995dcc6b2,"[{'userID': 1135, 'milesRequested': 50, 'WhPerMile': 400, 'minutesAvailable': 150, 'modifiedAt': 'Mon, 29 Apr 2019 00:46:55 GMT', 'paymentRequired': True, 'requestedDeparture': 'Mon, 29 Apr 2019 03:16:25 GMT', 'kWhRequested': 20.0}]",000001135,2_39_79_377_2019-04-29 00:46:24.996975,2-39-79-377,CA-325,0002,0039,2019-04-28 17:46:25-07:00,2019-04-28 20:58:44-07:00,7.248,2019-04-28 19:51:28-07:00,America/Los_Angeles
5cdcaf22f9af8b0e49d1a2be,"[{'userID': 560, 'milesRequested': 80, 'WhPerMile': 273, 'minutesAvailable': 108, 'modifiedAt': 'Mon, 29 Apr 2019 13:35:10 GMT', 'paymentRequired': True, 'requestedDeparture': 'Mon, 29 Apr 2019 15:22:49 GMT', 'kWhRequested': 21.84}]",000000560,2_39_88_24_2019-04-29 13:34:48.952691,2-39-88-24,CA-314,0002,0039,2019-04-29 06:34:49-07:00,2019-04-29 12:05:30-07:00,17.777,2019-04-29 10:01:46-07:00,America/Los_Angeles
5cdcaf22f9af8b0e49d1a2bf,"[{'userID': 632, 'milesRequested': 40, 'WhPerMile': 400, 'minutesAvailable': 575, 'modifiedAt': 'Mon, 29 Apr 2019 14:33:33 GMT', 'paymentRequired': True, 'requestedDeparture': 'Tue, 30 Apr 2019 00:08:09 GMT', 'kWhRequested': 16.0}]",000000632,2_39_79_382_2019-04-29 14:33:08.828313,2-39-79-382,CA-491,0002,0039,2019-04-29 07:33:09-07:00,2019-04-29 17:26:21-07:00,12.738,2019-04-29 13:25:42-07:00,America/Los_Angeles
5cdcaf22f9af8b0e49d1a2c0,"[{'userID': 1470, 'milesRequested': 100, 'WhPerMile': 292, 'minutesAvailable': 394, 'modifiedAt': 'Mon, 29 Apr 2019 14:43:58 GMT', 'paymentRequired': True, 'requestedDeparture': 'Mon, 29 Apr 2019 21:17:32 GMT', 'kWhRequested': 29.2}]",000001470,2_39_79_377_2019-04-29 14:43:32.496940,2-39-79-377,CA-325,0002,0039,2019-04-29 07:43:32-07:00,2019-04-29 17:10:04-07:00,16.832,2019-04-29 10:56:02-07:00,America/Los_Angeles
5cdcaf22f9af8b0e49d1a2c1,"[{'userID': 563, 'milesRequested': 230, 'WhPerMile': 200, 'minutesAvailable': 546, 'modifiedAt': 'Mon, 29 Apr 2019 14:58:42 GMT', 'paymentRequired': True, 'requestedDeparture': 'Tue, 30 Apr 2019 00:03:53 GMT', 'kWhRequested': 46.0}]",000000563,2_39_79_380_2019-04-29 14:57:53.419931,2-39-79-380,CA-489,0002,0039,2019-04-29 07:57:53-07:00,2019-04-29 17:21:52-07:00,45.875,2019-04-29 16:16:11-07:00,America/Los_Angeles
5cdcaf22f9af8b0e49d1a2c2,"[{'userID': 858, 'milesRequested': 20, 'WhPerMile': 400, 'minutesAvailable': 223, 'modifiedAt': 'Mon, 29 Apr 2019 15:05:55 GMT', 'paymentRequired': True, 'requestedDeparture': 'Mon, 29 Apr 2019 18:48:35 GMT', 'kWhRequested': 8.0}]",000000858,2_39_125_21_2019-04-29 15:05:35.178817,2-39-125-21,CA-311,0002,0039,2019-04-29 08:05:35-07:00,2019-04-29 16:09:06-07:00,3.141,2019-04-29 09:08:37-07:00,America/Los_Angeles
5cdcaf22f9af8b0e49d1a2c3,"[{'userID': 1524, 'milesRequested': 30, 'WhPerMile': 400, 'minutesAvailable': 204, 'modifiedAt': 'Mon, 29 Apr 2019 15:17:15 GMT', 'paymentRequired': True, 'requestedDeparture': 'Mon, 29 Apr 2019 18:38:47 GMT', 'kWhRequested': 12.0}]",000001524,2_39_78_361_2019-04-29 15:14:46.618873,2-39-78-361,CA-493,0002,0039,2019-04-29 08:14:47-07:00,2019-04-29 18:26:48-07:00,9.782,2019-04-29 15:50:14-07:00,America/Los_Angeles
5cdcaf22f9af8b0e49d1a2c4,,,2_39_138_29_2019-04-29 15:32:19.269120,2-39-138-29,CA-304,0002,0039,2019-04-29 08:32:19-07:00,2019-04-29 10:15:10-07:00,0.98,2019-04-29 09:03:31-07:00,America/Los_Angeles
5cdcaf22f9af8b0e49d1a2c5,"[{'userID': 712, 'milesRequested': 50, 'WhPerMile': 600, 'minutesAvailable': 244, 'modifiedAt': 'Mon, 29 Apr 2019 15:40:03 GMT', 'paymentRequired': True, 'requestedDeparture': 'Mon, 29 Apr 2019 19:43:57 GMT', 'kWhRequested': 30.0}]",000000712,2_39_127_19_2019-04-29 15:39:56.667684,2-39-127-19,CA-309,0002,0039,2019-04-29 08:39:57-07:00,2019-04-29 18:37:53-07:00,13.812,2019-04-29 12:33:33-07:00,America/Los_Angeles
5cdcaf22f9af8b0e49d1a2c6,"[{'userID': 431, 'milesRequested': 50, 'WhPerMile': 300, 'minutesAvailable': 161, 'modifiedAt': 'Mon, 29 Apr 2019 15:49:21 GMT', 'paymentRequired': True, 'requestedDeparture': 'Mon, 29 Apr 2019 18:29:57 GMT', 'kWhRequested': 15.0}]",000000431,2_39_95_27_2019-04-29 15:48:57.204657,2-39-95-27,CA-319,0002,0039,2019-04-29 08:48:57-07:00,2019-04-29 10:41:48-07:00,9.574,2019-04-29 10:26:05-07:00,America/Los_Angeles
5cdcaf22f9af8b0e49d1a2c7,,,2_39_78_360_2019-04-29 15:51:02.011368,2-39-78-360,CA-322,0002,0039,2019-04-29 08:51:02-07:00,2019-04-29 17:34:06-07:00,0.834,2019-04-29 17:05:31-07:00,America/Los_Angeles
5cdcaf22f9af8b0e49d1a2c8,"[{'userID': 1534, 'milesRequested': 70, 'WhPerMile': 250, 'minutesAvailable': 404, 'modifiedAt': 'Mon, 29 Apr 2019 15:56:40 GMT', 'paymentRequired': True, 'requestedDeparture': 'Mon, 29 Apr 2019 22:38:49 GMT', 'kWhRequested': 17.5}]",000001534,2_39_124_558_2019-04-29 15:54:48.851021,2-39-124-558,CA-504,0002,0039,2019-04-29 08:54:49-07:00,2019-04-29 17:23:22-07:00,17.247,2019-04-29 14:08:13-07:00,America/Los_Angeles
5cdcaf22f9af8b0e49d1a2c9,,,2_39_139_28_2019-04-29 15:58:30.460908,2-39-139-28,CA-303,0002,0039,2019-04-29 08:58:30-07:00,2019-04-29 12:13:22-07:00,0.841,2019-04-29 09:29:22-07:00,America/Los_Angeles
5cdcaf22f9af8b0e49d1a2ca,"[{'userID': 714, 'milesRequested': 90, 'WhPerMile': 200, 'minutesAvailable': 364, 'modifiedAt': 'Mon, 29 Apr 2019 15:59:26 GMT', 'paymentRequired': True, 'requestedDeparture': 'Mon, 29 Apr 2019 22:03:04 GMT', 'kWhRequested': 18.0}]",000000714,2_39_79_381_2019-04-29 15:59:03.545617,2-39-79-381,CA-490,0002,0039,2019-04-29 08:59:04-07:00,2019-04-29 16:17:16-07:00,6.695,2019-04-29 11:10:48-07:00,America/Los_Angeles
5cdcaf22f9af8b0e49d1a2cb,"[{'userID': 567, 'milesRequested': 20, 'WhPerMile': 333, 'minutesAvailable': 425, 'modifiedAt': 'Mon, 29 Apr 2019 16:01:56 GMT', 'paymentRequired': True, 'requestedDeparture': 'Mon, 29 Apr 2019 23:06:44 GMT', 'kWhRequested': 6.66}]",000000567,2_39_124_22_2019-04-29 16:01:43.569647,2-39-124-22,CA-312,0002,0039,2019-04-29 09:01:44-07:00,2019-04-29 18:51:23-07:00,3.964,2019-04-29 10:12:50-07:00,America/Los_Angeles
5cdcaf22f9af8b0e49d1a2cc,"[{'userID': 743, 'milesRequested': 20, 'WhPerMile': 400, 'minutesAvailable': 451, 'modifiedAt': 'Mon, 29 Apr 2019 16:04:57 GMT', 'paymentRequired': True, 'requestedDeparture': 'Mon, 29 Apr 2019 23:34:57 GMT', 'kWhRequested': 8.0}]",000000743,2_39_89_25_2019-04-29 16:03:57.260193,2-39-89-25,CA-315,0002,0039,2019-04-29 09:03:57-07:00,2019-04-29 17:34:24-07:00,1.249,2019-04-29 09:36:04-07:00,America/Los_Angeles
5cdcaf22f9af8b0e49d1a2cd,"[{'userID': 697, 'milesRequested': 60, 'WhPerMile': 300, 'minutesAvailable': 366, 'modifiedAt': 'Mon, 29 Apr 2019 16:14:15 GMT', 'paymentRequired': True, 'requestedDeparture': 'Mon, 29 Apr 2019 22:19:49 GMT', 'kWhRequested': 18.0}]",000000697,2_39_79_379_2019-04-29 16:13:49.139238,2-39-79-379,CA-327,0002,0039,2019-04-29 09:13:49-07:00,2019-04-29 18:20:43-07:00,10.789,2019-04-29 13:04:24-07:00,America/Los_Angeles
5cdcaf22f9af8b0e49d1a2ce,"[{'userID': 1120, 'milesRequested': 60, 'WhPerMile': 375, 'minutesAvailable': 418, 'modifiedAt': 'Mon, 29 Apr 2019 16:17:38 GMT', 'paymentRequired': True, 'requestedDeparture': 'Mon, 29 Apr 2019 23:14:39 GMT', 'kWhRequested': 22.5}]",000001120,2_39_79_378_2019-04-29 16:16:39.016611,2-39-79-378,CA-326,0002,0039,2019-04-29 09:16:39-07:00,2019-04-29 17:03:06-07:00,8.081,2019-04-29 12:57:11-07:00,America/Los_Angeles
5cdcaf22f9af8b0e49d1a2cf,,,2_39_79_376_2019-04-29 16:21:00.476333,2-39-79-376,CA-324,0002,0039,2019-04-29 09:21:00-07:00,2019-04-29 20:49:38-07:00,0.872,2019-04-29 14:45:07-07:00,America/Los_Angeles
5cdcaf22f9af8b0e49d1a2d0,"[{'userID': 999, 'milesRequested': 70, 'WhPerMile': 500, 'minutesAvailable': 425, 'modifiedAt': 'Mon, 29 Apr 2019 16:37:12 GMT', 'paymentRequired': True, 'requestedDeparture': 'Mon, 29 Apr 2019 23:41:18 GMT', 'kWhRequested': 35.0}]",000000999,2_39_91_437_2019-04-29 16:36:18.313410,2-39-91-437,CA-317,0002,0039,2019-04-29 09:36:18-07:00,2019-04-29 17:24:00-07:00,4.289,2019-04-29 10:24:14-07:00,America/Los_Angeles
5cdcaf22f9af8b0e49d1a2d1,"[{'userID': 668, 'milesRequested': 20, 'WhPerMile': 400, 'minutesAvailable': 199, 'modifiedAt': 'Mon, 29 Apr 2019 16:39:39 GMT', 'paymentRequired': True, 'requestedDeparture': 'Mon, 29 Apr 2019 19:58:22 GMT', 'kWhRequested': 8.0}]",000000668,2_39_78_364_2019-04-29 16:39:22.040439,2-39-78-364,CA-495,0002,0039,2019-04-29 09:39:22-07:00,2019-04-29 11:11:51-07:00,7.846,2019-04-29 11:11:50-07:00,America/Los_Angeles
5cdcaf22f9af8b0e49d1a2d2,"[{'userID': 891, 'milesRequested': 20, 'WhPerMile': 300, 'minutesAvailable': 310, 'modifiedAt': 'Mon, 29 Apr 2019 17:00:45 GMT', 'paymentRequired': True, 'requestedDeparture': 'Mon, 29 Apr 2019 22:08:40 GMT', 'kWhRequested': 6.0}]",000000891,2_39_78_365_2019-04-29 16:58:40.183846,2-39-78-365,CA-321,0002,0039,2019-04-29 09:58:40-07:00,2019-04-29 17:28:33-07:00,2.524,2019-04-29 10:55:07-07:00,America/Los_Angeles
5cdcaf22f9af8b0e49d1a2d3,"[{'userID': 558, 'milesRequested': 100, 'WhPerMile': 200, 'minutesAvailable': 539, 'modifiedAt': 'Mon, 29 Apr 2019 17:00:28 GMT', 'paymentRequired': True, 'requestedDeparture': 'Tue, 30 Apr 2019 01:59:25 GMT', 'kWhRequested': 20.0}]",000000558,2_39_90_26_2019-04-29 17:00:25.406952,2-39-90-26,CA-316,0002,0039,2019-04-29 10:00:25-07:00,2019-04-29 19:13:42-07:00,19.339,2019-04-29 13:04:27-07:00,America/Los_Angeles
5cdcaf22f9af8b0e49d1a2d4,"[{'userID': 324, 'milesRequested': 20, 'WhPerMile': 600, 'minutesAvailable': 109, 'modifiedAt': 'Mon, 29 Apr 2019 17:11:23 GMT', 'paymentRequired': True, 'requestedDeparture': 'Mon, 29 Apr 2019 19:00:07 GMT', 'kWhRequested': 12.0}]",000000324,2_39_92_436_2019-04-29 17:11:07.411922,2-39-92-436,CA-318,0002,0039,2019-04-29 10:11:07-07:00,2019-04-29 21:05:33-07:00,1.757,2019-04-29 11:06:06-07:00,America/Los_Angeles
5cdcaf22f9af8b0e49d1a2d5,"[{'userID': 850, 'milesRequested': 100, 'WhPerMile': 300, 'minutesAvailable': 60, 'modifiedAt': 'Mon, 29 Apr 2019 17:13:32 GMT', 'paymentRequired': True, 'requestedDeparture': 'Mon, 29 Apr 2019 18:13:10 GMT', 'kWhRequested': 30.0}]",000000850,2_39_92_442_2019-04-29 17:13:09.608151,2-39-92-442,CA-498,0002,0039,2019-04-29 10:13:10-07:00,2019-04-29 20:41:18-07:00,21.109,2019-04-29 13:39:50-07:00,America/Los_Angeles
5cdcaf22f9af8b0e49d1a2d6,"[{'userID': 1095, 'milesRequested': 20, 'WhPerMile': 469, 'minutesAvailable': 448, 'modifiedAt': 'Mon, 29 Apr 2019 17:20:26 GMT', 'paymentRequired': True, 'requestedDeparture': 'Tue, 30 Apr 2019 00:48:21 GMT', 'kWhRequested': 9.38}]",000001095,2_39_90_440_2019-04-29 17:20:21.024251,2-39-90-440,CA-500,0002,0039,2019-04-29 10:20:21-07:00,2019-04-29 18:01:56-07:00,9.283,2019-04-29 15:07:13-07:00,America/Los_Angeles
5cdcaf22f9af8b0e49d1a2d7,,,2_39_78_366_2019-04-29 18:16:41.426616,2-39-78-366,CA-323,0002,0039,2019-04-29 11:16:41-07:00,2019-04-29 12:37:38-07:00,1.027,2019-04-29 11:59:34-07:00,America/Los_Angeles
5cdcaf22f9af8b0e49d1a2d8,"[{'userID': 1124, 'milesRequested': 20, 'WhPerMile': 450, 'minutesAvailable': 60, 'modifiedAt': 'Mon, 29 Apr 2019 18:17:13 GMT', 'paymentRequired': True, 'requestedDeparture': 'Mon, 29 Apr 2019 19:16:48 GMT', 'kWhRequested': 9.0}]",000001124,2_39_95_27_2019-04-29 18:16:47.738411,2-39-95-27,CA-319,0002,0039,2019-04-29 11:16:48-07:00,2019-04-29 19:04:34-07:00,6.383,2019-04-29 13:15:08-07:00,America/Los_Angeles
5cdcaf22f9af8b0e49d1a2d9,"[{'userID': 515, 'milesRequested': 40, 'WhPerMile': 250, 'minutesAvailable': 258, 'modifiedAt': 'Mon, 29 Apr 2019 19:26:14 GMT', 'paymentRequired': True, 'requestedDeparture': 'Mon, 29 Apr 2019 23:43:13 GMT', 'kWhRequested': 10.0}]",000000515,2_39_79_383_2019-04-29 19:25:12.561009,2-39-79-383,CA-492,0002,0039,2019-04-29 12:25:13-07:00,2019-04-29 17:38:18-07:00,7.557,2019-04-29 14:59:48-07:00,America/Los_Angeles
5cdcaf22f9af8b0e49d1a2da,"[{'userID': 560, 'milesRequested': 20, 'WhPerMile': 273, 'minutesAvailable': 281, 'modifiedAt': 'Mon, 29 Apr 2019 19:39:27 GMT', 'paymentRequired': True, 'requestedDeparture': 'Tue, 30 Apr 2019 00:20:24 GMT', 'kWhRequested': 5.46}, {'userID': 560, 'milesRequested': 20, 'WhPerMile': 273, 'minutesAvailable': 127, 'modifiedAt': 'Mon, 29 Apr 2019 19:39:37 GMT', 'paymentRequired': True, 'requestedDeparture': 'Mon, 29 Apr 2019 21:46:24 GMT', 'kWhRequested': 5.46}]",000000560,2_39_88_24_2019-04-29 19:39:23.963578,2-39-88-24,CA-314,0002,0039,2019-04-29 12:39:24-07:00,2019-04-29 14:52:08-07:00,2.501,2019-04-29 13:48:25-07:00,America/Los_Angeles
5cdcaf22f9af8b0e49d1a2db,,,2_39_131_30_2019-04-29 19:44:41.326016,2-39-131-30,CA-305,0002,0039,2019-04-29 12:44:41-07:00,2019-04-29 14:33:35-07:00,0.866,2019-04-29 13:15:09-07:00,America/Los_Angeles
5cdcaf22f9af8b0e49d1a2dc,"[{'userID': 1093, 'milesRequested': 30, 'WhPerMile': 333, 'minutesAvailable': 282, 'modifiedAt': 'Mon, 29 Apr 2019 20:22:09 GMT', 'paymentRequired': True, 'requestedDeparture': 'Tue, 30 Apr 2019 01:04:00 GMT', 'kWhRequested': 9.99}]",000001093,2_39_123_23_2019-04-29 20:22:00.051779,2-39-123-23,CA-313,0002,0039,2019-04-29 13:22:00-07:00,2019-04-29 14:48:57-07:00,4.914,2019-04-29 14:48:53-07:00,America/Los_Angeles
5cdcaf22f9af8b0e49d1a2dd,"[{'userID': 752, 'milesRequested': 30, 'WhPerMile': 425, 'minutesAvailable': 440, 'modifiedAt': 'Mon, 29 Apr 2019 21:08:10 GMT', 'paymentRequired': True, 'requestedDeparture': 'Tue, 30 Apr 2019 04:27:51 GMT', 'kWhRequested': 12.75}]",000000752,2_39_83_386_2019-04-29 21:07:51.270729,2-39-83-386,CA-212,0002,0039,2019-04-29 14:07:51-07:00,2019-04-29 16:16:20-07:00,5.676,2019-04-29 15:56:56-07:00,America/Los_Angeles
5cdcaf22f9af8b0e49d1a2de,"[{'userID': 1236, 'milesRequested': 20, 'WhPerMile': 400, 'minutesAvailable': 71, 'modifiedAt': 'Mon, 29 Apr 2019 21:17:56 GMT', 'paymentRequired': True, 'requestedDeparture': 'Mon, 29 Apr 2019 22:26:25 GMT', 'kWhRequested': 8.0}]",000001236,2_39_126_20_2019-04-29 21:15:24.651036,2-39-126-20,CA-310,0002,0039,2019-04-29 14:15:25-07:00,2019-04-29 15:34:37-07:00,4.239,2019-04-29 15:34:33-07:00,America/Los_Angeles
5cdcaf22f9af8b0e49d1a2df,"[{'userID': 1137, 'milesRequested': 40, 'WhPerMile': 400, 'minutesAvailable': 250, 'modifiedAt': 'Mon, 29 Apr 2019 21:36:13 GMT', 'paymentRequired': True, 'requestedDeparture': 'Tue, 30 Apr 2019 01:45:54 GMT', 'kWhRequested': 16.0}]",000001137,2_39_78_366_2019-04-29 21:35:53.812121,2-39-78-366,CA-323,0002,0039,2019-04-29 14:35:54-07:00,2019-04-29 21:04:53-07:00,4.583,2019-04-29 16:06:05-07:00,America/Los_Angeles
5cdcaf22f9af8b0e49d1a2e0,"[{'userID': 1093, 'milesRequested': 30, 'WhPerMile': 333, 'minutesAvailable': 282, 'modifiedAt': 'Mon, 29 Apr 2019 22:07:25 GMT', 'paymentRequired': True, 'requestedDeparture': 'Tue, 30 Apr 2019 02:48:49 GMT', 'kWhRequested': 9.99}]",000001093,2_39_78_367_2019-04-29 22:06:49.089142,2-39-78-367,CA-494,0002,0039,2019-04-29 15:06:49-07:00,2019-04-29 18:29:28-07:00,1.434,2019-04-29 15:42:41-07:00,America/Los_Angeles
5cdcaf22f9af8b0e49d1a2e1,"[{'userID': 1039, 'milesRequested': 240, 'WhPerMile': 271, 'minutesAvailable': 201, 'modifiedAt': 'Mon, 29 Apr 2019 22:15:40 GMT', 'paymentRequired': True, 'requestedDeparture': 'Tue, 30 Apr 2019 01:36:18 GMT', 'kWhRequested': 65.04}]",000001039,2_39_123_23_2019-04-29 22:15:17.972618,2-39-123-23,CA-313,0002,0039,2019-04-29 15:15:18-07:00,2019-04-29 18:17:33-07:00,20.948,2019-04-29 18:17:29-07:00,America/Los_Angeles
5cdcaf22f9af8b0e49d1a2e2,"[{'userID': 774, 'milesRequested': 20, 'WhPerMile': 400, 'minutesAvailable': 60, 'modifiedAt': 'Mon, 29 Apr 2019 23:34:18 GMT', 'paymentRequired': True, 'requestedDeparture': 'Tue, 30 Apr 2019 00:33:20 GMT', 'kWhRequested': 8.0}]",000000774,2_39_126_20_2019-04-29 23:33:20.189288,2-39-126-20,CA-310,0002,0039,2019-04-29 16:33:20-07:00,2019-04-29 17:57:40-07:00,4.847,2019-04-29 17:57:36-07:00,America/Los_Angeles
5cdcaf22f9af8b0e49d1a2e3,,,2_39_125_21_2019-04-30 00:20:18.268622,2-39-125-21,CA-311,0002,0039,2019-04-29 17:20:18-07:00,2019-04-29 18:12:27-07:00,0.836,2019-04-29 17:50:34-07:00,America/Los_Angeles
5cdcaf22f9af8b0e49d1a2e4,"[{'userID': 1164, 'milesRequested': 10, 'WhPerMile': 525, 'minutesAvailable': 236, 'modifiedAt': 'Tue, 30 Apr 2019 01:20:50 GMT', 'paymentRequired': True, 'requestedDeparture': 'Tue, 30 Apr 2019 05:16:18 GMT', 'kWhRequested': 5.25}]",000001164,2_39_131_30_2019-04-30 01:20:18.503797,2-39-131-30,CA-305,0002,0039,2019-04-29 18:20:18-07:00,2019-04-29 19:41:17-07:00,4.495,2019-04-29 19:41:13-07:00,America/Los_Angeles
5cdcaf22f9af8b0e49d1a2e5,"[{'userID': 1274, 'milesRequested': 40, 'WhPerMile': 333, 'minutesAvailable': 108, 'modifiedAt': 'Tue, 30 Apr 2019 02:02:41 GMT', 'paymentRequired': True, 'requestedDeparture': 'Tue, 30 Apr 2019 03:47:12 GMT', 'kWhRequested': 13.32}, {'userID': 1274, 'milesRequested': 40, 'WhPerMile': 333, 'minutesAvailable': 108, 'modifiedAt': 'Tue, 30 Apr 2019 03:22:29 GMT', 'paymentRequired': True, 'requestedDeparture': 'Tue, 30 Apr 2019 03:47:12 GMT', 'kWhRequested': 13.32}]",000001274,2_39_139_28_2019-04-30 01:59:12.205364,2-39-139-28,CA-303,0002,0039,2019-04-29 18:59:12-07:00,2019-04-29 20:23:00-07:00,9.192,2019-04-29 20:22:32-07:00,America/Los_Angeles
5cdcaf22f9af8b0e49d1a2e6,"[{'userID': 1082, 'milesRequested': 40, 'WhPerMile': 400, 'minutesAvailable': 291, 'modifiedAt': 'Tue, 30 Apr 2019 02:00:17 GMT', 'paymentRequired': True, 'requestedDeparture': 'Tue, 30 Apr 2019 06:50:42 GMT', 'kWhRequested': 16.0}]",000001082,2_39_78_365_2019-04-30 01:59:42.221861,2-39-78-365,CA-321,0002,0039,2019-04-29 18:59:42-07:00,2019-04-30 00:38:27-07:00,2.278,2019-04-29 20:05:19-07:00,America/Los_Angeles
5cdcaf22f9af8b0e49d1a2e7,"[{'userID': 1152, 'milesRequested': 20, 'WhPerMile': 600, 'minutesAvailable': 60, 'modifiedAt': 'Tue, 30 Apr 2019 04:26:49 GMT', 'paymentRequired': True, 'requestedDeparture': 'Tue, 30 Apr 2019 05:25:51 GMT', 'kWhRequested': 12.0}, {'userID': 1152, 'milesRequested': 40, 'WhPerMile': 300, 'minutesAvailable': 60, 'modifiedAt': 'Tue, 30 Apr 2019 04:29:33 GMT', 'paymentRequired': True, 'requestedDeparture': 'Tue, 30 Apr 2019 05:25:51 GMT', 'kWhRequested': 12.0}]",000001152,2_39_131_30_2019-04-30 04:25:50.911724,2-39-131-30,CA-305,0002,0039,2019-04-29 21:25:51-07:00,2019-04-30 07:45:31-07:00,11.864,2019-04-30 00:48:59-07:00,America/Los_Angeles
5cdcaf22f9af8b0e49d1a2e8,"[{'userID': 1202, 'milesRequested': 40, 'WhPerMile': 375, 'minutesAvailable': 161, 'modifiedAt': 'Tue, 30 Apr 2019 04:49:49 GMT', 'paymentRequired': True, 'requestedDeparture': 'Tue, 30 Apr 2019 07:30:30 GMT', 'kWhRequested': 15.0}]",000001202,2_39_139_28_2019-04-30 04:49:30.150012,2-39-139-28,CA-303,0002,0039,2019-04-29 21:49:30-07:00,2019-04-29 22:40:40-07:00,2.734,2019-04-29 22:40:35-07:00,America/Los_Angeles
5cde00a7f9af8b123b0671d9,"[{'userID': 560, 'milesRequested': 80, 'WhPerMile': 273, 'minutesAvailable': 127, 'modifiedAt': 'Tue, 30 Apr 2019 13:39:50 GMT', 'paymentRequired': True, 'requestedDeparture': 'Tue, 30 Apr 2019 15:46:48 GMT', 'kWhRequested': 21.84}, {'userID': 560, 'milesRequested': 80, 'WhPerMile': 273, 'minutesAvailable': 294, 'modifiedAt': 'Tue, 30 Apr 2019 13:39:59 GMT', 'paymentRequired': True, 'requestedDeparture': 'Tue, 30 Apr 2019 18:33:48 GMT', 'kWhRequested': 21.84}]",000000560,2_39_88_24_2019-04-30 13:39:48.164527,2-39-88-24,CA-314,0002,0039,2019-04-30 06:39:48-07:00,2019-04-30 12:13:03-07:00,19.026,2019-04-30 10:21:16-07:00,America/Los_Angeles
5cde00a7f9af8b123b0671da,"[{'userID': 566, 'milesRequested': 40, 'WhPerMile': 278, 'minutesAvailable': 55, 'modifiedAt': 'Tue, 30 Apr 2019 14:18:30 GMT', 'paymentRequired': True, 'requestedDeparture': 'Tue, 30 Apr 2019 15:13:11 GMT', 'kWhRequested': 11.12}, {'userID': 566, 'milesRequested': 40, 'WhPerMile': 278, 'minutesAvailable': 55, 'modifiedAt': 'Tue, 30 Apr 2019 14:18:55 GMT', 'paymentRequired': True, 'requestedDeparture': 'Tue, 30 Apr 2019 15:13:11 GMT', 'kWhRequested': 11.12}]",000000566,2_39_127_19_2019-04-30 14:18:11.303447,2-39-127-19,CA-309,0002,0039,2019-04-30 07:18:11-07:00,2019-04-30 08:09:56-07:00,5.311,2019-04-30 08:09:52-07:00,America/Los_Angeles
5cde00a7f9af8b123b0671db,"[{'userID': 1083, 'milesRequested': 20, 'WhPerMile': 400, 'minutesAvailable': 240, 'modifiedAt': 'Tue, 30 Apr 2019 14:48:37 GMT', 'paymentRequired': True, 'requestedDeparture': 'Tue, 30 Apr 2019 18:48:14 GMT', 'kWhRequested': 8.0}]",000001083,2_39_79_379_2019-04-30 14:48:13.550573,2-39-79-379,CA-327,0002,0039,2019-04-30 07:48:14-07:00,2019-04-30 16:23:28-07:00,6.214,2019-04-30 09:52:25-07:00,America/Los_Angeles
5cde00a7f9af8b123b0671dc,"[{'userID': 858, 'milesRequested': 20, 'WhPerMile': 400, 'minutesAvailable': 223, 'modifiedAt': 'Tue, 30 Apr 2019 15:01:41 GMT', 'paymentRequired': True, 'requestedDeparture': 'Tue, 30 Apr 2019 18:44:27 GMT', 'kWhRequested': 8.0}]",000000858,2_39_125_21_2019-04-30 15:01:26.857533,2-39-125-21,CA-311,0002,0039,2019-04-30 08:01:27-07:00,2019-04-30 16:37:06-07:00,4.463,2019-04-30 09:28:51-07:00,America/Los_Angeles
5cde00a7f9af8b123b0671dd,"[{'userID': 632, 'milesRequested': 40, 'WhPerMile': 400, 'minutesAvailable': 188, 'modifiedAt': 'Tue, 30 Apr 2019 15:14:17 GMT', 'paymentRequired': True, 'requestedDeparture': 'Tue, 30 Apr 2019 18:22:03 GMT', 'kWhRequested': 16.0}]",000000632,2_39_79_381_2019-04-30 15:14:02.803482,2-39-79-381,CA-490,0002,0039,2019-04-30 08:14:03-07:00,2019-04-30 10:59:30-07:00,8.479,2019-04-30 10:59:25-07:00,America/Los_Angeles
5cde00a7f9af8b123b0671de,,,2_39_79_380_2019-04-30 15:18:26.263269,2-39-79-380,CA-489,0002,0039,2019-04-30 08:18:26-07:00,2019-04-30 13:51:22-07:00,0.9,2019-04-30 13:27:43-07:00,America/Los_Angeles
5cde00a7f9af8b123b0671df,"[{'userID': 1524, 'milesRequested': 40, 'WhPerMile': 400, 'minutesAvailable': 204, 'modifiedAt': 'Tue, 30 Apr 2019 15:27:33 GMT', 'paymentRequired': True, 'requestedDeparture': 'Tue, 30 Apr 2019 18:47:53 GMT', 'kWhRequested': 16.0}]",000001524,2_39_78_367_2019-04-30 15:23:52.916484,2-39-78-367,CA-494,0002,0039,2019-04-30 08:23:53-07:00,2019-04-30 18:12:55-07:00,9.689,2019-04-30 16:28:45-07:00,America/Los_Angeles
5cde00a7f9af8b123b0671e0,"[{'userID': 559, 'milesRequested': 40, 'WhPerMile': 313, 'minutesAvailable': 506, 'modifiedAt': 'Tue, 30 Apr 2019 15:34:14 GMT', 'paymentRequired': True, 'requestedDeparture': 'Tue, 30 Apr 2019 23:59:56 GMT', 'kWhRequested': 12.52}]",000000559,2_39_139_28_2019-04-30 15:33:55.922148,2-39-139-28,CA-303,0002,0039,2019-04-30 08:33:56-07:00,2019-04-30 17:24:41-07:00,9.958,2019-04-30 11:37:41-07:00,America/Los_Angeles
5cde00a7f9af8b123b0671e1,"[{'userID': 1126, 'milesRequested': 80, 'WhPerMile': 250, 'minutesAvailable': 418, 'modifiedAt': 'Tue, 30 Apr 2019 15:35:37 GMT', 'paymentRequired': True, 'requestedDeparture': 'Tue, 30 Apr 2019 22:33:00 GMT', 'kWhRequested': 20.0}]",000001126,2_39_79_378_2019-04-30 15:35:00.144207,2-39-79-378,CA-326,0002,0039,2019-04-30 08:35:00-07:00,2019-04-30 17:42:29-07:00,1.129,2019-04-30 08:54:03-07:00,America/Los_Angeles
5cde00a7f9af8b123b0671e2,"[{'userID': 945, 'milesRequested': 50, 'WhPerMile': 600, 'minutesAvailable': 555, 'modifiedAt': 'Tue, 30 Apr 2019 15:39:54 GMT', 'paymentRequired': True, 'requestedDeparture': 'Wed, 01 May 2019 00:54:41 GMT', 'kWhRequested': 30.0}]",000000945,2_39_78_366_2019-04-30 15:39:40.899085,2-39-78-366,CA-323,0002,0039,2019-04-30 08:39:41-07:00,2019-04-30 17:39:07-07:00,14.067,2019-04-30 17:09:18-07:00,America/Los_Angeles
5cde00a7f9af8b123b0671e3,"[{'userID': 1534, 'milesRequested': 20, 'WhPerMile': 250, 'minutesAvailable': 404, 'modifiedAt': 'Tue, 30 Apr 2019 15:48:21 GMT', 'paymentRequired': True, 'requestedDeparture': 'Tue, 30 Apr 2019 22:29:30 GMT', 'kWhRequested': 5.0}]",000001534,2_39_124_558_2019-04-30 15:45:30.152741,2-39-124-558,CA-504,0002,0039,2019-04-30 08:45:30-07:00,2019-04-30 17:30:09-07:00,4.785,2019-04-30 10:40:51-07:00,America/Los_Angeles
5cde00a7f9af8b123b0671e4,"[{'userID': 2354, 'milesRequested': 20, 'WhPerMile': 400, 'minutesAvailable': 60, 'modifiedAt': 'Tue, 30 Apr 2019 15:51:35 GMT', 'paymentRequired': True, 'requestedDeparture': 'Tue, 30 Apr 2019 16:50:14 GMT', 'kWhRequested': 8.0}]",000002354,2_39_123_23_2019-04-30 15:50:13.833702,2-39-123-23,CA-313,0002,0039,2019-04-30 08:50:14-07:00,2019-04-30 10:22:54-07:00,7.882,2019-04-30 10:11:04-07:00,America/Los_Angeles
5cde00a7f9af8b123b0671e5,"[{'userID': 1957, 'milesRequested': 70, 'WhPerMile': 400, 'minutesAvailable': 453, 'modifiedAt': 'Tue, 30 Apr 2019 15:52:51 GMT', 'paymentRequired': True, 'requestedDeparture': 'Tue, 30 Apr 2019 23:24:59 GMT', 'kWhRequested': 28.0}]",000001957,2_39_92_442_2019-04-30 15:51:58.864062,2-39-92-442,CA-498,0002,0039,2019-04-30 08:51:59-07:00,2019-04-30 17:37:20-07:00,22.116,2019-04-30 12:16:02-07:00,America/Los_Angeles
5cde00a7f9af8b123b0671e6,"[{'userID': 1120, 'milesRequested': 60, 'WhPerMile': 375, 'minutesAvailable': 418, 'modifiedAt': 'Tue, 30 Apr 2019 15:55:42 GMT', 'paymentRequired': True, 'requestedDeparture': 'Tue, 30 Apr 2019 22:53:30 GMT', 'kWhRequested': 22.5}]",000001120,2_39_79_377_2019-04-30 15:55:30.067900,2-39-79-377,CA-325,0002,0039,2019-04-30 08:55:30-07:00,2019-04-30 17:04:32-07:00,3.266,2019-04-30 09:36:28-07:00,America/Los_Angeles
5cde00a7f9af8b123b0671e7,"[{'userID': 743, 'milesRequested': 20, 'WhPerMile': 400, 'minutesAvailable': 451, 'modifiedAt': 'Tue, 30 Apr 2019 16:07:07 GMT', 'paymentRequired': True, 'requestedDeparture': 'Tue, 30 Apr 2019 23:37:47 GMT', 'kWhRequested': 8.0}]",000000743,2_39_89_439_2019-04-30 16:06:46.832433,2-39-89-439,CA-501,0002,0039,2019-04-30 09:06:47-07:00,2019-04-30 17:11:34-07:00,4.222,2019-04-30 10:53:19-07:00,America/Los_Angeles
5cde00a7f9af8b123b0671e8,"[{'userID': 567, 'milesRequested': 20, 'WhPerMile': 333, 'minutesAvailable': 425, 'modifiedAt': 'Tue, 30 Apr 2019 16:10:31 GMT', 'paymentRequired': True, 'requestedDeparture': 'Tue, 30 Apr 2019 23:15:14 GMT', 'kWhRequested': 6.66}]",000000567,2_39_126_20_2019-04-30 16:10:13.557853,2-39-126-20,CA-310,0002,0039,2019-04-30 09:10:14-07:00,2019-04-30 18:39:16-07:00,6.577,2019-04-30 17:44:53-07:00,America/Los_Angeles
5cde00a7f9af8b123b0671e9,"[{'userID': 850, 'milesRequested': 100, 'WhPerMile': 300, 'minutesAvailable': 60, 'modifiedAt': 'Tue, 30 Apr 2019 16:17:14 GMT', 'paymentRequired': True, 'requestedDeparture': 'Tue, 30 Apr 2019 17:17:12 GMT', 'kWhRequested': 30.0}]",000000850,2_39_90_26_2019-04-30 16:17:12.304967,2-39-90-26,CA-316,0002,0039,2019-04-30 09:17:12-07:00,2019-04-30 16:39:37-07:00,19.129,2019-04-30 12:26:25-07:00,America/Los_Angeles
5cde00a7f9af8b123b0671ea,"[{'userID': 324, 'milesRequested': 20, 'WhPerMile': 600, 'minutesAvailable': 161, 'modifiedAt': 'Tue, 30 Apr 2019 16:20:29 GMT', 'paymentRequired': True, 'requestedDeparture': 'Tue, 30 Apr 2019 19:01:01 GMT', 'kWhRequested': 12.0}]",000000324,2_39_91_437_2019-04-30 16:20:00.956539,2-39-91-437,CA-317,0002,0039,2019-04-30 09:20:01-07:00,2019-04-30 21:17:45-07:00,1.912,2019-04-30 10:18:59-07:00,America/Los_Angeles
5cde00a7f9af8b123b0671eb,"[{'userID': 999, 'milesRequested': 70, 'WhPerMile': 500, 'minutesAvailable': 425, 'modifiedAt': 'Tue, 30 Apr 2019 16:23:36 GMT', 'paymentRequired': True, 'requestedDeparture': 'Tue, 30 Apr 2019 23:27:59 GMT', 'kWhRequested': 35.0}]",000000999,2_39_92_436_2019-04-30 16:22:59.070020,2-39-92-436,CA-318,0002,0039,2019-04-30 09:22:59-07:00,2019-04-30 17:11:16-07:00,6.275,2019-04-30 10:31:24-07:00,America/Los_Angeles
5cde00a7f9af8b123b0671ec,"[{'userID': 1826, 'milesRequested': 40, 'WhPerMile': 400, 'minutesAvailable': 320, 'modifiedAt': 'Tue, 30 Apr 2019 16:33:53 GMT', 'paymentRequired': True, 'requestedDeparture': 'Tue, 30 Apr 2019 21:53:02 GMT', 'kWhRequested': 16.0}, {'userID': 1826, 'milesRequested': 100, 'WhPerMile': 400, 'minutesAvailable': 441, 'modifiedAt': 'Tue, 30 Apr 2019 16:38:35 GMT', 'paymentRequired': True, 'requestedDeparture': 'Tue, 30 Apr 2019 23:54:02 GMT', 'kWhRequested': 40.0}]",000001826,2_39_95_27_2019-04-30 16:33:01.732517,2-39-95-27,CA-319,0002,0039,2019-04-30 09:33:02-07:00,2019-04-30 15:53:34-07:00,13.861,2019-04-30 11:53:54-07:00,America/Los_Angeles
5cde00a7f9af8b123b0671ed,"[{'userID': 714, 'milesRequested': 90, 'WhPerMile': 200, 'minutesAvailable': 364, 'modifiedAt': 'Tue, 30 Apr 2019 16:48:13 GMT', 'paymentRequired': True, 'requestedDeparture': 'Tue, 30 Apr 2019 22:51:59 GMT', 'kWhRequested': 18.0}]",000000714,2_39_79_376_2019-04-30 16:47:58.844641,2-39-79-376,CA-324,0002,0039,2019-04-30 09:47:59-07:00,2019-04-30 18:36:29-07:00,9.813,2019-04-30 11:56:50-07:00,America/Los_Angeles
5cde00a7f9af8b123b0671ee,"[{'userID': 1090, 'milesRequested': 50, 'WhPerMile': 400, 'minutesAvailable': 283, 'modifiedAt': 'Tue, 30 Apr 2019 16:49:13 GMT', 'paymentRequired': True, 'requestedDeparture': 'Tue, 30 Apr 2019 21:31:04 GMT', 'kWhRequested': 20.0}]",000001090,2_39_78_365_2019-04-30 16:48:03.644893,2-39-78-365,CA-321,0002,0039,2019-04-30 09:48:04-07:00,2019-04-30 18:56:04-07:00,16.119,2019-04-30 16:05:42-07:00,America/Los_Angeles
5cde00a7f9af8b123b0671ef,"[{'userID': 668, 'milesRequested': 20, 'WhPerMile': 400, 'minutesAvailable': 199, 'modifiedAt': 'Tue, 30 Apr 2019 16:55:08 GMT', 'paymentRequired': True, 'requestedDeparture': 'Tue, 30 Apr 2019 20:13:52 GMT', 'kWhRequested': 8.0}, {'userID': 668, 'milesRequested': 20, 'WhPerMile': 400, 'minutesAvailable': 199, 'modifiedAt': 'Tue, 30 Apr 2019 18:39:46 GMT', 'paymentRequired': True, 'requestedDeparture': 'Tue, 30 Apr 2019 20:13:52 GMT', 'kWhRequested': 8.0}]",000000668,2_39_79_383_2019-04-30 16:54:52.116790,2-39-79-383,CA-492,0002,0039,2019-04-30 09:54:52-07:00,2019-04-30 14:12:55-07:00,7.896,2019-04-30 14:12:27-07:00,America/Los_Angeles
5cde00a7f9af8b123b0671f0,"[{'userID': 1095, 'milesRequested': 30, 'WhPerMile': 469, 'minutesAvailable': 448, 'modifiedAt': 'Tue, 30 Apr 2019 17:04:43 GMT', 'paymentRequired': True, 'requestedDeparture': 'Wed, 01 May 2019 00:32:31 GMT', 'kWhRequested': 14.07}]",000001095,2_39_78_362_2019-04-30 17:04:31.009459,2-39-78-362,CA-496,0002,0039,2019-04-30 10:04:31-07:00,2019-04-30 17:59:18-07:00,11.535,2019-04-30 18:00:18-07:00,America/Los_Angeles
5cde00a7f9af8b123b0671f1,"[{'userID': 1104, 'milesRequested': 70, 'WhPerMile': 250, 'minutesAvailable': 197, 'modifiedAt': 'Tue, 30 Apr 2019 17:07:53 GMT', 'paymentRequired': True, 'requestedDeparture': 'Tue, 30 Apr 2019 20:24:33 GMT', 'kWhRequested': 17.5}]",000001104,2_39_90_440_2019-04-30 17:07:32.925111,2-39-90-440,CA-500,0002,0039,2019-04-30 10:07:33-07:00,2019-04-30 15:08:33-07:00,17.415,2019-04-30 14:55:01-07:00,America/Los_Angeles
5cde00a7f9af8b123b0671f2,"[{'userID': 891, 'milesRequested': 20, 'WhPerMile': 300, 'minutesAvailable': 310, 'modifiedAt': 'Tue, 30 Apr 2019 17:14:54 GMT', 'paymentRequired': True, 'requestedDeparture': 'Tue, 30 Apr 2019 22:22:20 GMT', 'kWhRequested': 6.0}]",000000891,2_39_78_360_2019-04-30 17:12:19.534977,2-39-78-360,CA-322,0002,0039,2019-04-30 10:12:20-07:00,2019-04-30 18:21:44-07:00,2.149,2019-04-30 11:31:53-07:00,America/Los_Angeles
5cde00a7f9af8b123b0671f3,,,2_39_78_361_2019-04-30 17:12:37.887898,2-39-78-361,CA-493,0002,0039,2019-04-30 10:12:38-07:00,2019-04-30 11:07:49-07:00,0.886,2019-04-30 11:07:46-07:00,America/Los_Angeles
5cde00a7f9af8b123b0671f4,"[{'userID': 958, 'milesRequested': 100, 'WhPerMile': 400, 'minutesAvailable': 570, 'modifiedAt': 'Tue, 30 Apr 2019 17:16:56 GMT', 'paymentRequired': True, 'requestedDeparture': 'Wed, 01 May 2019 02:46:48 GMT', 'kWhRequested': 40.0}]",000000958,2_39_124_22_2019-04-30 17:16:47.592064,2-39-124-22,CA-312,0002,0039,2019-04-30 10:16:48-07:00,2019-04-30 19:07:01-07:00,12.408,2019-04-30 12:59:20-07:00,America/Los_Angeles
5cde00a7f9af8b123b0671f5,"[{'userID': 697, 'milesRequested': 60, 'WhPerMile': 300, 'minutesAvailable': 366, 'modifiedAt': 'Tue, 30 Apr 2019 17:32:35 GMT', 'paymentRequired': True, 'requestedDeparture': 'Tue, 30 Apr 2019 23:37:31 GMT', 'kWhRequested': 18.0}]",000000697,2_39_95_444_2019-04-30 17:31:31.371893,2-39-95-444,CA-497,0002,0039,2019-04-30 10:31:31-07:00,2019-04-30 18:11:27-07:00,8.502,2019-04-30 11:56:49-07:00,America/Los_Angeles
5cde00a7f9af8b123b0671f6,"[{'userID': 1137, 'milesRequested': 40, 'WhPerMile': 400, 'minutesAvailable': 250, 'modifiedAt': 'Tue, 30 Apr 2019 17:32:40 GMT', 'paymentRequired': True, 'requestedDeparture': 'Tue, 30 Apr 2019 21:42:22 GMT', 'kWhRequested': 16.0}]",000001137,2_39_78_363_2019-04-30 17:32:22.324075,2-39-78-363,CA-320,0002,0039,2019-04-30 10:32:22-07:00,2019-04-30 16:46:16-07:00,10.585,2019-04-30 14:00:46-07:00,America/Los_Angeles
5cde00a7f9af8b123b0671f7,"[{'userID': 515, 'milesRequested': 40, 'WhPerMile': 250, 'minutesAvailable': 258, 'modifiedAt': 'Tue, 30 Apr 2019 17:33:29 GMT', 'paymentRequired': True, 'requestedDeparture': 'Tue, 30 Apr 2019 21:51:09 GMT', 'kWhRequested': 10.0}]",000000515,2_39_123_23_2019-04-30 17:33:08.771760,2-39-123-23,CA-313,0002,0039,2019-04-30 10:33:09-07:00,2019-04-30 15:18:00-07:00,7.334,2019-04-30 15:16:52-07:00,America/Los_Angeles
5cde00a7f9af8b123b0671f8,,,2_39_78_361_2019-04-30 18:25:19.363753,2-39-78-361,CA-493,0002,0039,2019-04-30 11:25:19-07:00,2019-04-30 13:06:29-07:00,1.006,2019-04-30 12:28:50-07:00,America/Los_Angeles
5cde00a7f9af8b123b0671f9,"[{'userID': 1082, 'milesRequested': 40, 'WhPerMile': 400, 'minutesAvailable': 291, 'modifiedAt': 'Tue, 30 Apr 2019 19:04:53 GMT', 'paymentRequired': True, 'requestedDeparture': 'Tue, 30 Apr 2019 23:55:23 GMT', 'kWhRequested': 16.0}]",000001082,2_39_79_381_2019-04-30 19:04:23.080863,2-39-79-381,CA-490,0002,0039,2019-04-30 12:04:23-07:00,2019-04-30 20:42:30-07:00,1.897,2019-04-30 13:01:36-07:00,America/Los_Angeles
5cde00a7f9af8b123b0671fa,,,2_39_89_25_2019-04-30 19:34:50.358555,2-39-89-25,CA-315,0002,0039,2019-04-30 12:34:50-07:00,2019-04-30 17:33:05-07:00,1.002,2019-04-30 14:25:38-07:00,America/Los_Angeles
5cde00a7f9af8b123b0671fb,,,2_39_78_361_2019-04-30 20:07:59.033526,2-39-78-361,CA-493,0002,0039,2019-04-30 13:07:59-07:00,2019-04-30 15:58:54-07:00,0.905,2019-04-30 13:45:56-07:00,America/Los_Angeles
5cde00a7f9af8b123b0671fc,"[{'userID': 712, 'milesRequested': 30, 'WhPerMile': 600, 'minutesAvailable': 275, 'modifiedAt': 'Tue, 30 Apr 2019 21:31:42 GMT', 'paymentRequired': True, 'requestedDeparture': 'Wed, 01 May 2019 01:23:33 GMT', 'kWhRequested': 18.0}]",000000712,2_39_78_364_2019-04-30 20:48:33.105114,2-39-78-364,CA-495,0002,0039,2019-04-30 13:48:33-07:00,2019-04-30 18:04:41-07:00,8.62,2019-04-30 16:45:57-07:00,America/Los_Angeles
5cde00a7f9af8b123b0671fd,"[{'userID': 1236, 'milesRequested': 20, 'WhPerMile': 400, 'minutesAvailable': 71, 'modifiedAt': 'Tue, 30 Apr 2019 20:57:52 GMT', 'paymentRequired': True, 'requestedDeparture': 'Tue, 30 Apr 2019 22:04:32 GMT', 'kWhRequested': 8.0}]",000001236,2_39_79_380_2019-04-30 20:53:31.931093,2-39-79-380,CA-489,0002,0039,2019-04-30 13:53:32-07:00,2019-04-30 15:28:38-07:00,5.037,2019-04-30 15:28:33-07:00,America/Los_Angeles
5cde00a7f9af8b123b0671fe,,,2_39_79_383_2019-04-30 21:53:26.511642,2-39-79-383,CA-492,0002,0039,2019-04-30 14:53:27-07:00,2019-04-30 19:46:07-07:00,0.912,2019-04-30 16:29:55-07:00,America/Los_Angeles
5cde00a7f9af8b123b0671ff,"[{'userID': 1093, 'milesRequested': 30, 'WhPerMile': 333, 'minutesAvailable': 282, 'modifiedAt': 'Tue, 30 Apr 2019 22:04:31 GMT', 'paymentRequired': True, 'requestedDeparture': 'Wed, 01 May 2019 02:46:16 GMT', 'kWhRequested': 9.99}]",000001093,2_39_138_566_2019-04-30 22:04:16.358463,2-39-138-566,CA-512,0002,0039,2019-04-30 15:04:16-07:00,2019-04-30 18:34:58-07:00,1.864,2019-04-30 15:48:08-07:00,America/Los_Angeles
5cde00a7f9af8b123b067200,"[{'userID': 724, 'milesRequested': 10, 'WhPerMile': 288, 'minutesAvailable': 556, 'modifiedAt': 'Tue, 30 Apr 2019 23:49:17 GMT', 'paymentRequired': True, 'requestedDeparture': 'Wed, 01 May 2019 09:02:59 GMT', 'kWhRequested': 2.88}]",000000724,2_39_123_23_2019-04-30 23:46:59.499525,2-39-123-23,CA-313,0002,0039,2019-04-30 16:46:59-07:00,2019-04-30 18:39:22-07:00,1.452,2019-04-30 17:02:01-07:00,America/Los_Angeles
5cde00a7f9af8b123b067201,"[{'userID': 1164, 'milesRequested': 20, 'WhPerMile': 525, 'minutesAvailable': 236, 'modifiedAt': 'Wed, 01 May 2019 01:19:53 GMT', 'paymentRequired': True, 'requestedDeparture': 'Wed, 01 May 2019 05:14:34 GMT', 'kWhRequested': 10.5}]",000001164,2_39_138_29_2019-05-01 01:18:34.430773,2-39-138-29,CA-304,0002,0039,2019-04-30 18:18:34-07:00,2019-04-30 19:45:36-07:00,4.804,2019-04-30 19:45:31-07:00,America/Los_Angeles
5cde00a7f9af8b123b067202,"[{'userID': 1509, 'milesRequested': 30, 'WhPerMile': 400, 'minutesAvailable': 73, 'modifiedAt': 'Wed, 01 May 2019 01:19:54 GMT', 'paymentRequired': True, 'requestedDeparture': 'Wed, 01 May 2019 02:32:03 GMT', 'kWhRequested': 12.0}]",000001509,2_39_127_19_2019-05-01 01:19:02.861477,2-39-127-19,CA-309,0002,0039,2019-04-30 18:19:03-07:00,2019-04-30 19:41:29-07:00,5.8,2019-04-30 19:18:44-07:00,America/Los_Angeles
5cde00a7f9af8b123b067203,"[{'userID': 2192, 'milesRequested': 20, 'WhPerMile': 600, 'minutesAvailable': 59, 'modifiedAt': 'Wed, 01 May 2019 01:36:21 GMT', 'paymentRequired': True, 'requestedDeparture': 'Wed, 01 May 2019 02:34:21 GMT', 'kWhRequested': 12.0}]",000002192,2_39_129_17_2019-05-01 01:35:21.105598,2-39-129-17,CA-307,0002,0039,2019-04-30 18:35:21-07:00,2019-04-30 19:43:40-07:00,7.725,2019-04-30 19:43:35-07:00,America/Los_Angeles
5cde00a7f9af8b123b067204,"[{'userID': 1826, 'milesRequested': 80, 'WhPerMile': 400, 'minutesAvailable': 720, 'modifiedAt': 'Wed, 01 May 2019 01:40:55 GMT', 'paymentRequired': True, 'requestedDeparture': 'Wed, 01 May 2019 13:40:56 GMT', 'kWhRequested': 32.0}]",000001826,2_39_139_28_2019-05-01 01:40:46.205473,2-39-139-28,CA-303,0002,0039,2019-04-30 18:40:56-07:00,2019-05-01 16:22:48-07:00,7.123,2019-04-30 19:52:43-07:00,America/Los_Angeles
5cde00a7f9af8b123b067205,"[{'userID': 1099, 'milesRequested': 80, 'WhPerMile': 438, 'minutesAvailable': 111, 'modifiedAt': 'Wed, 01 May 2019 03:29:00 GMT', 'paymentRequired': True, 'requestedDeparture': 'Wed, 01 May 2019 05:18:31 GMT', 'kWhRequested': 35.04}]",000001099,2_39_127_19_2019-05-01 03:27:30.968615,2-39-127-19,CA-309,0002,0039,2019-04-30 20:27:31-07:00,2019-04-30 22:39:48-07:00,13.504,2019-04-30 22:39:39-07:00,America/Los_Angeles
5cde00a7f9af8b123b067206,"[{'userID': 1135, 'milesRequested': 50, 'WhPerMile': 400, 'minutesAvailable': 150, 'modifiedAt': 'Wed, 01 May 2019 03:51:18 GMT', 'paymentRequired': True, 'requestedDeparture': 'Wed, 01 May 2019 06:21:15 GMT', 'kWhRequested': 20.0}]",000001135,2_39_79_378_2019-05-01 03:51:14.700314,2-39-79-378,CA-326,0002,0039,2019-04-30 20:51:15-07:00,2019-05-01 11:39:20-07:00,15.931,2019-05-01 01:25:42-07:00,America/Los_Angeles
5cde00a7f9af8b123b067207,"[{'userID': 1202, 'milesRequested': 40, 'WhPerMile': 375, 'minutesAvailable': 161, 'modifiedAt': 'Wed, 01 May 2019 04:39:36 GMT', 'paymentRequired': True, 'requestedDeparture': 'Wed, 01 May 2019 07:20:08 GMT', 'kWhRequested': 15.0}]",000001202,2_39_129_17_2019-05-01 04:39:07.562205,2-39-129-17,CA-307,0002,0039,2019-04-30 21:39:08-07:00,2019-04-30 22:38:49-07:00,2.358,2019-04-30 22:27:51-07:00,America/Los_Angeles
5cdf5222f9af8b1497df1cb9,"[{'userID': 67, 'milesRequested': 240, 'WhPerMile': 250, 'minutesAvailable': 482, 'modifiedAt': 'Wed, 01 May 2019 08:18:58 GMT', 'paymentRequired': True, 'requestedDeparture': 'Wed, 01 May 2019 16:20:45 GMT', 'kWhRequested': 60.0}]",000000067,2_39_131_30_2019-05-01 08:18:44.595638,2-39-131-30,CA-305,0002,0039,2019-05-01 01:18:45-07:00,2019-05-01 15:52:36-07:00,44.069,2019-05-01 07:56:09-07:00,America/Los_Angeles
5cdf5222f9af8b1497df1cba,"[{'userID': 560, 'milesRequested': 80, 'WhPerMile': 273, 'minutesAvailable': 294, 'modifiedAt': 'Wed, 01 May 2019 13:33:29 GMT', 'paymentRequired': True, 'requestedDeparture': 'Wed, 01 May 2019 18:27:14 GMT', 'kWhRequested': 21.84}]",000000560,2_39_88_24_2019-05-01 13:33:13.958599,2-39-88-24,CA-314,0002,0039,2019-05-01 06:33:14-07:00,2019-05-01 11:50:55-07:00,17.666,2019-05-01 10:12:35-07:00,America/Los_Angeles
5cdf5222f9af8b1497df1cbb,"[{'userID': 1083, 'milesRequested': 10, 'WhPerMile': 400, 'minutesAvailable': 240, 'modifiedAt': 'Wed, 01 May 2019 13:54:41 GMT', 'paymentRequired': True, 'requestedDeparture': 'Wed, 01 May 2019 17:54:21 GMT', 'kWhRequested': 4.0}]",000001083,2_39_79_379_2019-05-01 13:54:21.241471,2-39-79-379,CA-327,0002,0039,2019-05-01 06:54:21-07:00,2019-05-01 15:21:59-07:00,2.908,2019-05-01 07:52:52-07:00,America/Los_Angeles
5cdf5222f9af8b1497df1cbc,"[{'userID': 569, 'milesRequested': 90, 'WhPerMile': 300, 'minutesAvailable': 529, 'modifiedAt': 'Wed, 01 May 2019 14:09:11 GMT', 'paymentRequired': True, 'requestedDeparture': 'Wed, 01 May 2019 22:57:58 GMT', 'kWhRequested': 27.0}]",000000569,2_39_78_366_2019-05-01 14:08:57.921419,2-39-78-366,CA-323,0002,0039,2019-05-01 07:08:58-07:00,2019-05-01 16:21:08-07:00,22.51,2019-05-01 15:47:29-07:00,America/Los_Angeles
5cdf5222f9af8b1497df1cbd,"[{'userID': 710, 'milesRequested': 150, 'WhPerMile': 261, 'minutesAvailable': 500, 'modifiedAt': 'Wed, 01 May 2019 14:44:11 GMT', 'paymentRequired': True, 'requestedDeparture': 'Wed, 01 May 2019 23:03:42 GMT', 'kWhRequested': 39.15}]",000000710,2_39_129_17_2019-05-01 14:43:41.837319,2-39-129-17,CA-307,0002,0039,2019-05-01 07:43:42-07:00,2019-05-01 19:49:07-07:00,31.208,2019-05-01 12:37:59-07:00,America/Los_Angeles
5cdf5222f9af8b1497df1cbe,"[{'userID': 999, 'milesRequested': 70, 'WhPerMile': 500, 'minutesAvailable': 425, 'modifiedAt': 'Wed, 01 May 2019 15:20:22 GMT', 'paymentRequired': True, 'requestedDeparture': 'Wed, 01 May 2019 22:24:15 GMT', 'kWhRequested': 35.0}]",000000999,2_39_128_18_2019-05-01 15:19:15.333912,2-39-128-18,CA-308,0002,0039,2019-05-01 08:19:15-07:00,2019-05-01 13:34:15-07:00,8.742,2019-05-01 09:51:27-07:00,America/Los_Angeles
5cdf5222f9af8b1497df1cbf,,,2_39_79_380_2019-05-01 15:25:54.888943,2-39-79-380,CA-489,0002,0039,2019-05-01 08:25:55-07:00,2019-05-01 18:07:18-07:00,1.081,2019-05-01 09:19:34-07:00,America/Los_Angeles
5cdf5222f9af8b1497df1cc0,"[{'userID': 559, 'milesRequested': 40, 'WhPerMile': 313, 'minutesAvailable': 506, 'modifiedAt': 'Wed, 01 May 2019 15:29:18 GMT', 'paymentRequired': True, 'requestedDeparture': 'Wed, 01 May 2019 23:55:02 GMT', 'kWhRequested': 12.52}]",000000559,2_39_79_376_2019-05-01 15:29:01.581646,2-39-79-376,CA-324,0002,0039,2019-05-01 08:29:02-07:00,2019-05-01 15:41:23-07:00,7.958,2019-05-01 12:23:25-07:00,America/Los_Angeles
5cdf5222f9af8b1497df1cc1,"[{'userID': 945, 'milesRequested': 50, 'WhPerMile': 600, 'minutesAvailable': 555, 'modifiedAt': 'Wed, 01 May 2019 15:32:35 GMT', 'paymentRequired': True, 'requestedDeparture': 'Thu, 02 May 2019 00:47:16 GMT', 'kWhRequested': 30.0}]",000000945,2_39_78_365_2019-05-01 15:32:15.698157,2-39-78-365,CA-321,0002,0039,2019-05-01 08:32:16-07:00,2019-05-01 18:50:26-07:00,13.609,2019-05-01 14:58:08-07:00,America/Los_Angeles
5cdf5222f9af8b1497df1cc2,"[{'userID': 1470, 'milesRequested': 120, 'WhPerMile': 292, 'minutesAvailable': 473, 'modifiedAt': 'Wed, 01 May 2019 15:35:28 GMT', 'paymentRequired': True, 'requestedDeparture': 'Wed, 01 May 2019 23:28:22 GMT', 'kWhRequested': 35.04}]",000001470,2_39_95_27_2019-05-01 15:35:21.813898,2-39-95-27,CA-319,0002,0039,2019-05-01 08:35:22-07:00,2019-05-01 15:57:39-07:00,29.524,2019-05-01 12:59:55-07:00,America/Los_Angeles
5cdf5222f9af8b1497df1cc3,"[{'userID': 712, 'milesRequested': 30, 'WhPerMile': 600, 'minutesAvailable': 275, 'modifiedAt': 'Wed, 01 May 2019 15:39:24 GMT', 'paymentRequired': True, 'requestedDeparture': 'Wed, 01 May 2019 20:14:19 GMT', 'kWhRequested': 18.0}]",000000712,2_39_127_19_2019-05-01 15:39:18.925731,2-39-127-19,CA-309,0002,0039,2019-05-01 08:39:19-07:00,2019-05-01 18:14:48-07:00,4.663,2019-05-01 10:02:19-07:00,America/Los_Angeles
5cdf5222f9af8b1497df1cc4,"[{'userID': 818, 'milesRequested': 210, 'WhPerMile': 250, 'minutesAvailable': 473, 'modifiedAt': 'Wed, 01 May 2019 15:43:37 GMT', 'paymentRequired': True, 'requestedDeparture': 'Wed, 01 May 2019 23:36:14 GMT', 'kWhRequested': 52.5}]",000000818,2_39_92_442_2019-05-01 15:43:14.131837,2-39-92-442,CA-498,0002,0039,2019-05-01 08:43:14-07:00,2019-05-01 16:26:04-07:00,51.85,2019-05-01 16:26:00-07:00,America/Los_Angeles
5cdf5222f9af8b1497df1cc5,"[{'userID': 431, 'milesRequested': 60, 'WhPerMile': 300, 'minutesAvailable': 220, 'modifiedAt': 'Wed, 01 May 2019 15:45:49 GMT', 'paymentRequired': True, 'requestedDeparture': 'Wed, 01 May 2019 19:25:28 GMT', 'kWhRequested': 18.0}]",000000431,2_39_91_437_2019-05-01 15:45:27.916726,2-39-91-437,CA-317,0002,0039,2019-05-01 08:45:28-07:00,2019-05-01 18:39:04-07:00,17.191,2019-05-01 11:36:09-07:00,America/Los_Angeles
5cdf5222f9af8b1497df1cc6,"[{'userID': 1095, 'milesRequested': 30, 'WhPerMile': 469, 'minutesAvailable': 448, 'modifiedAt': 'Wed, 01 May 2019 15:53:54 GMT', 'paymentRequired': True, 'requestedDeparture': 'Wed, 01 May 2019 23:21:47 GMT', 'kWhRequested': 14.07}]",000001095,2_39_79_383_2019-05-01 15:53:46.975370,2-39-79-383,CA-492,0002,0039,2019-05-01 08:53:47-07:00,2019-05-01 16:29:32-07:00,10.054,2019-05-01 12:17:29-07:00,America/Los_Angeles
5cdf5222f9af8b1497df1cc7,"[{'userID': 714, 'milesRequested': 90, 'WhPerMile': 200, 'minutesAvailable': 364, 'modifiedAt': 'Wed, 01 May 2019 15:55:58 GMT', 'paymentRequired': True, 'requestedDeparture': 'Wed, 01 May 2019 21:59:40 GMT', 'kWhRequested': 18.0}]",000000714,2_39_79_377_2019-05-01 15:55:40.240381,2-39-79-377,CA-325,0002,0039,2019-05-01 08:55:40-07:00,2019-05-01 18:11:10-07:00,13.849,2019-05-01 13:07:24-07:00,America/Los_Angeles
5cdf5222f9af8b1497df1cc8,"[{'userID': 273, 'milesRequested': 300, 'WhPerMile': 267, 'minutesAvailable': 443, 'modifiedAt': 'Wed, 01 May 2019 15:58:08 GMT', 'paymentRequired': True, 'requestedDeparture': 'Wed, 01 May 2019 23:19:58 GMT', 'kWhRequested': 80.1}]",000000273,2_39_88_438_2019-05-01 15:56:57.816169,2-39-88-438,CA-502,0002,0039,2019-05-01 08:56:58-07:00,2019-05-01 16:28:29-07:00,33.579,2019-05-01 14:00:58-07:00,America/Los_Angeles
5cdf5222f9af8b1497df1cc9,"[{'userID': 1534, 'milesRequested': 40, 'WhPerMile': 250, 'minutesAvailable': 404, 'modifiedAt': 'Wed, 01 May 2019 16:05:40 GMT', 'paymentRequired': True, 'requestedDeparture': 'Wed, 01 May 2019 22:47:35 GMT', 'kWhRequested': 10.0}]",000001534,2_39_124_558_2019-05-01 16:03:34.809336,2-39-124-558,CA-504,0002,0039,2019-05-01 09:03:35-07:00,2019-05-01 19:05:24-07:00,8.5,2019-05-01 12:56:40-07:00,America/Los_Angeles
5cdf5222f9af8b1497df1cca,"[{'userID': 632, 'milesRequested': 40, 'WhPerMile': 400, 'minutesAvailable': 273, 'modifiedAt': 'Wed, 01 May 2019 16:04:53 GMT', 'paymentRequired': True, 'requestedDeparture': 'Wed, 01 May 2019 20:37:36 GMT', 'kWhRequested': 16.0}]",000000632,2_39_79_381_2019-05-01 16:04:36.186567,2-39-79-381,CA-490,0002,0039,2019-05-01 09:04:36-07:00,2019-05-01 17:09:06-07:00,16.169,2019-05-01 16:24:02-07:00,America/Los_Angeles
5cdf5222f9af8b1497df1ccb,"[{'userID': 743, 'milesRequested': 20, 'WhPerMile': 400, 'minutesAvailable': 451, 'modifiedAt': 'Wed, 01 May 2019 16:06:20 GMT', 'paymentRequired': True, 'requestedDeparture': 'Wed, 01 May 2019 23:36:58 GMT', 'kWhRequested': 8.0}]",000000743,2_39_89_25_2019-05-01 16:05:58.363347,2-39-89-25,CA-315,0002,0039,2019-05-01 09:05:58-07:00,2019-05-01 17:34:20-07:00,4.368,2019-05-01 11:47:20-07:00,America/Los_Angeles
5cdf5222f9af8b1497df1ccc,"[{'userID': 1120, 'milesRequested': 60, 'WhPerMile': 375, 'minutesAvailable': 418, 'modifiedAt': 'Wed, 01 May 2019 16:13:39 GMT', 'paymentRequired': True, 'requestedDeparture': 'Wed, 01 May 2019 23:11:17 GMT', 'kWhRequested': 22.5}]",000001120,2_39_78_360_2019-05-01 16:13:17.462183,2-39-78-360,CA-322,0002,0039,2019-05-01 09:13:17-07:00,2019-05-01 16:36:16-07:00,3.47,2019-05-01 10:22:49-07:00,America/Los_Angeles
5cdf5222f9af8b1497df1ccd,"[{'userID': 562, 'milesRequested': 20, 'WhPerMile': 400, 'minutesAvailable': 211, 'modifiedAt': 'Wed, 01 May 2019 16:24:07 GMT', 'paymentRequired': True, 'requestedDeparture': 'Wed, 01 May 2019 19:52:34 GMT', 'kWhRequested': 8.0}]",000000562,2_39_123_23_2019-05-01 16:21:33.604642,2-39-123-23,CA-313,0002,0039,2019-05-01 09:21:34-07:00,2019-05-01 13:06:58-07:00,4.956,2019-05-01 10:56:27-07:00,America/Los_Angeles
5cdf5222f9af8b1497df1cce,"[{'userID': 1481, 'milesRequested': 20, 'WhPerMile': 400, 'minutesAvailable': 61, 'modifiedAt': 'Wed, 01 May 2019 16:37:20 GMT', 'paymentRequired': True, 'requestedDeparture': 'Wed, 01 May 2019 17:38:15 GMT', 'kWhRequested': 8.0}]",000001481,2_39_90_26_2019-05-01 16:37:15.246069,2-39-90-26,CA-316,0002,0039,2019-05-01 09:37:15-07:00,2019-05-01 18:05:35-07:00,5.401,2019-05-01 11:14:26-07:00,America/Los_Angeles
5cdf5222f9af8b1497df1ccf,"[{'userID': 668, 'milesRequested': 20, 'WhPerMile': 400, 'minutesAvailable': 199, 'modifiedAt': 'Wed, 01 May 2019 16:48:46 GMT', 'paymentRequired': True, 'requestedDeparture': 'Wed, 01 May 2019 20:07:03 GMT', 'kWhRequested': 8.0}]",000000668,2_39_89_439_2019-05-01 16:48:02.613902,2-39-89-439,CA-501,0002,0039,2019-05-01 09:48:03-07:00,2019-05-01 16:02:37-07:00,7.89,2019-05-01 12:52:16-07:00,America/Los_Angeles
5cdf5222f9af8b1497df1cd0,"[{'userID': 324, 'milesRequested': 20, 'WhPerMile': 600, 'minutesAvailable': 129, 'modifiedAt': 'Wed, 01 May 2019 16:51:13 GMT', 'paymentRequired': True, 'requestedDeparture': 'Wed, 01 May 2019 18:59:58 GMT', 'kWhRequested': 12.0}]",000000324,2_39_78_363_2019-05-01 16:50:58.314373,2-39-78-363,CA-320,0002,0039,2019-05-01 09:50:58-07:00,2019-05-01 18:50:55-07:00,1.813,2019-05-01 10:42:57-07:00,America/Los_Angeles
5cdf5222f9af8b1497df1cd1,,,2_39_78_364_2019-05-01 16:53:46.112347,2-39-78-364,CA-495,0002,0039,2019-05-01 09:53:46-07:00,2019-05-01 17:03:08-07:00,3.394,2019-05-01 15:18:13-07:00,America/Los_Angeles
5cdf5222f9af8b1497df1cd2,"[{'userID': 1864, 'milesRequested': 30, 'WhPerMile': 333, 'minutesAvailable': 430, 'modifiedAt': 'Wed, 01 May 2019 16:59:21 GMT', 'paymentRequired': True, 'requestedDeparture': 'Thu, 02 May 2019 00:03:49 GMT', 'kWhRequested': 9.99}]",000001864,2_39_90_440_2019-05-01 16:53:49.397821,2-39-90-440,CA-500,0002,0039,2019-05-01 09:53:49-07:00,2019-05-01 18:42:16-07:00,4.46,2019-05-01 12:11:24-07:00,America/Los_Angeles
5cdf5222f9af8b1497df1cd3,"[{'userID': 567, 'milesRequested': 20, 'WhPerMile': 333, 'minutesAvailable': 425, 'modifiedAt': 'Wed, 01 May 2019 16:58:57 GMT', 'paymentRequired': True, 'requestedDeparture': 'Thu, 02 May 2019 00:03:52 GMT', 'kWhRequested': 6.66}]",000000567,2_39_78_362_2019-05-01 16:58:51.960389,2-39-78-362,CA-496,0002,0039,2019-05-01 09:58:52-07:00,2019-05-01 19:40:43-07:00,6.466,2019-05-01 19:41:43-07:00,America/Los_Angeles
5cdf5222f9af8b1497df1cd4,"[{'userID': 1526, 'milesRequested': 50, 'WhPerMile': 350, 'minutesAvailable': 223, 'modifiedAt': 'Wed, 01 May 2019 17:19:50 GMT', 'paymentRequired': True, 'requestedDeparture': 'Wed, 01 May 2019 21:02:02 GMT', 'kWhRequested': 17.5}]",000001526,2_39_95_444_2019-05-01 17:19:01.874288,2-39-95-444,CA-497,0002,0039,2019-05-01 10:19:02-07:00,2019-05-01 15:14:23-07:00,12.285,2019-05-01 13:57:17-07:00,America/Los_Angeles
5cdf5222f9af8b1497df1cd5,"[{'userID': 697, 'milesRequested': 20, 'WhPerMile': 300, 'minutesAvailable': 411, 'modifiedAt': 'Wed, 01 May 2019 17:26:31 GMT', 'paymentRequired': True, 'requestedDeparture': 'Thu, 02 May 2019 00:17:11 GMT', 'kWhRequested': 6.0}]",000000697,2_39_91_441_2019-05-01 17:26:10.624460,2-39-91-441,CA-499,0002,0039,2019-05-01 10:26:11-07:00,2019-05-01 19:19:14-07:00,4.867,2019-05-01 11:15:53-07:00,America/Los_Angeles
5cdf5222f9af8b1497df1cd6,"[{'userID': 858, 'milesRequested': 20, 'WhPerMile': 400, 'minutesAvailable': 223, 'modifiedAt': 'Wed, 01 May 2019 18:00:16 GMT', 'paymentRequired': True, 'requestedDeparture': 'Wed, 01 May 2019 21:42:37 GMT', 'kWhRequested': 8.0}]",000000858,2_39_124_22_2019-05-01 17:59:37.023704,2-39-124-22,CA-312,0002,0039,2019-05-01 10:59:37-07:00,2019-05-01 16:35:14-07:00,4.446,2019-05-01 12:39:03-07:00,America/Los_Angeles
5cdf5222f9af8b1497df1cd7,"[{'userID': 560, 'milesRequested': 20, 'WhPerMile': 273, 'minutesAvailable': 182, 'modifiedAt': 'Wed, 01 May 2019 19:23:29 GMT', 'paymentRequired': True, 'requestedDeparture': 'Wed, 01 May 2019 22:25:06 GMT', 'kWhRequested': 5.46}]",000000560,2_39_88_24_2019-05-01 19:23:06.104633,2-39-88-24,CA-314,0002,0039,2019-05-01 12:23:06-07:00,2019-05-01 15:55:34-07:00,1.205,2019-05-01 13:14:35-07:00,America/Los_Angeles
5cdf5222f9af8b1497df1cd8,"[{'userID': 891, 'milesRequested': 20, 'WhPerMile': 300, 'minutesAvailable': 310, 'modifiedAt': 'Wed, 01 May 2019 19:25:22 GMT', 'paymentRequired': True, 'requestedDeparture': 'Thu, 02 May 2019 00:35:03 GMT', 'kWhRequested': 6.0}]",000000891,2_39_79_378_2019-05-01 19:25:03.085152,2-39-79-378,CA-326,0002,0039,2019-05-01 12:25:03-07:00,2019-05-01 18:15:07-07:00,2.325,2019-05-01 13:17:15-07:00,America/Los_Angeles
5cdf5222f9af8b1497df1cd9,"[{'userID': 1236, 'milesRequested': 20, 'WhPerMile': 400, 'minutesAvailable': 71, 'modifiedAt': 'Wed, 01 May 2019 20:53:55 GMT', 'paymentRequired': True, 'requestedDeparture': 'Wed, 01 May 2019 22:01:20 GMT', 'kWhRequested': 8.0}]",000001236,2_39_128_18_2019-05-01 20:50:20.478241,2-39-128-18,CA-308,0002,0039,2019-05-01 13:50:20-07:00,2019-05-01 15:12:14-07:00,4.376,2019-05-01 15:12:10-07:00,America/Los_Angeles
5cdf5222f9af8b1497df1cda,"[{'userID': 562, 'milesRequested': 10, 'WhPerMile': 400, 'minutesAvailable': 211, 'modifiedAt': 'Wed, 01 May 2019 21:09:44 GMT', 'paymentRequired': True, 'requestedDeparture': 'Thu, 02 May 2019 00:40:06 GMT', 'kWhRequested': 4.0}]",000000562,2_39_123_23_2019-05-01 21:09:06.461400,2-39-123-23,CA-313,0002,0039,2019-05-01 14:09:06-07:00,2019-05-01 18:45:33-07:00,1.455,2019-05-01 14:39:10-07:00,America/Los_Angeles
5cdf5222f9af8b1497df1cdb,,,2_39_79_382_2019-05-01 21:22:53.214459,2-39-79-382,CA-491,0002,0039,2019-05-01 14:22:53-07:00,2019-05-01 17:01:10-07:00,0.83,2019-05-01 14:53:09-07:00,America/Los_Angeles
5cdf5222f9af8b1497df1cdc,"[{'userID': 1124, 'milesRequested': 20, 'WhPerMile': 450, 'minutesAvailable': 60, 'modifiedAt': 'Wed, 01 May 2019 22:01:34 GMT', 'paymentRequired': True, 'requestedDeparture': 'Wed, 01 May 2019 23:01:12 GMT', 'kWhRequested': 9.0}]",000001124,2_39_78_367_2019-05-01 22:01:12.391393,2-39-78-367,CA-494,0002,0039,2019-05-01 15:01:12-07:00,2019-05-01 19:51:22-07:00,6.37,2019-05-01 17:00:30-07:00,America/Los_Angeles
5cdf5222f9af8b1497df1cdd,"[{'userID': 774, 'milesRequested': 20, 'WhPerMile': 400, 'minutesAvailable': 60, 'modifiedAt': 'Wed, 01 May 2019 23:38:45 GMT', 'paymentRequired': True, 'requestedDeparture': 'Thu, 02 May 2019 00:38:46 GMT', 'kWhRequested': 8.0}]",000000774,2_39_139_28_2019-05-01 23:38:44.276748,2-39-139-28,CA-303,0002,0039,2019-05-01 16:38:46-07:00,2019-05-01 17:54:17-07:00,4.337,2019-05-01 17:54:13-07:00,America/Los_Angeles
5cdf5222f9af8b1497df1cde,"[{'userID': 1564, 'milesRequested': 20, 'WhPerMile': 300, 'minutesAvailable': 151, 'modifiedAt': 'Thu, 02 May 2019 01:22:06 GMT', 'paymentRequired': True, 'requestedDeparture': 'Thu, 02 May 2019 03:52:54 GMT', 'kWhRequested': 6.0}, {'userID': 1564, 'milesRequested': 20, 'WhPerMile': 300, 'minutesAvailable': 151, 'modifiedAt': 'Thu, 02 May 2019 03:44:34 GMT', 'paymentRequired': True, 'requestedDeparture': 'Thu, 02 May 2019 03:52:54 GMT', 'kWhRequested': 6.0}]",000001564,2_39_126_20_2019-05-02 01:21:53.704574,2-39-126-20,CA-310,0002,0039,2019-05-01 18:21:54-07:00,2019-05-01 20:45:08-07:00,5.887,2019-05-01 19:22:30-07:00,America/Los_Angeles
5ce0a39ff9af8b1a6e2c7018,"[{'userID': 560, 'milesRequested': 70, 'WhPerMile': 273, 'minutesAvailable': 182, 'modifiedAt': 'Thu, 02 May 2019 13:39:19 GMT', 'paymentRequired': True, 'requestedDeparture': 'Thu, 02 May 2019 16:40:09 GMT', 'kWhRequested': 19.11}]",000000560,2_39_88_24_2019-05-02 13:38:09.368662,2-39-88-24,CA-314,0002,0039,2019-05-02 06:38:09-07:00,2019-05-02 11:34:10-07:00,18.751,2019-05-02 10:15:17-07:00,America/Los_Angeles
5ce0a39ff9af8b1a6e2c7019,"[{'userID': 569, 'milesRequested': 90, 'WhPerMile': 300, 'minutesAvailable': 529, 'modifiedAt': 'Thu, 02 May 2019 14:07:57 GMT', 'paymentRequired': True, 'requestedDeparture': 'Thu, 02 May 2019 22:56:35 GMT', 'kWhRequested': 27.0}]",000000569,2_39_78_366_2019-05-02 14:07:35.468285,2-39-78-366,CA-323,0002,0039,2019-05-02 07:07:35-07:00,2019-05-02 16:35:21-07:00,5.782,2019-05-02 14:06:34-07:00,America/Los_Angeles
5ce0a39ff9af8b1a6e2c701a,"[{'userID': 1083, 'milesRequested': 20, 'WhPerMile': 400, 'minutesAvailable': 240, 'modifiedAt': 'Thu, 02 May 2019 14:12:27 GMT', 'paymentRequired': True, 'requestedDeparture': 'Thu, 02 May 2019 18:12:16 GMT', 'kWhRequested': 8.0}]",000001083,2_39_79_379_2019-05-02 14:12:16.157954,2-39-79-379,CA-327,0002,0039,2019-05-02 07:12:16-07:00,2019-05-02 19:49:00-07:00,4.919,2019-05-02 18:02:08-07:00,America/Los_Angeles
5ce0a39ff9af8b1a6e2c701b,"[{'userID': 858, 'milesRequested': 20, 'WhPerMile': 400, 'minutesAvailable': 223, 'modifiedAt': 'Thu, 02 May 2019 15:00:34 GMT', 'paymentRequired': True, 'requestedDeparture': 'Thu, 02 May 2019 18:43:19 GMT', 'kWhRequested': 8.0}]",000000858,2_39_131_30_2019-05-02 15:00:18.523087,2-39-131-30,CA-305,0002,0039,2019-05-02 08:00:19-07:00,2019-05-02 16:42:39-07:00,3.081,2019-05-02 09:00:55-07:00,America/Los_Angeles
5ce0a39ff9af8b1a6e2c701c,,,2_39_79_377_2019-05-02 15:06:23.046695,2-39-79-377,CA-325,0002,0039,2019-05-02 08:06:23-07:00,2019-05-02 17:26:41-07:00,0.815,2019-05-02 08:35:40-07:00,America/Los_Angeles
5ce0a39ff9af8b1a6e2c701d,"[{'userID': 559, 'milesRequested': 50, 'WhPerMile': 313, 'minutesAvailable': 506, 'modifiedAt': 'Thu, 02 May 2019 15:30:50 GMT', 'paymentRequired': True, 'requestedDeparture': 'Thu, 02 May 2019 23:56:42 GMT', 'kWhRequested': 15.65}]",000000559,2_39_139_28_2019-05-02 15:30:41.751896,2-39-139-28,CA-303,0002,0039,2019-05-02 08:30:42-07:00,2019-05-02 17:32:37-07:00,14.101,2019-05-02 11:45:02-07:00,America/Los_Angeles
5ce0a39ff9af8b1a6e2c701e,"[{'userID': 743, 'milesRequested': 20, 'WhPerMile': 400, 'minutesAvailable': 451, 'modifiedAt': 'Thu, 02 May 2019 15:40:26 GMT', 'paymentRequired': True, 'requestedDeparture': 'Thu, 02 May 2019 23:11:09 GMT', 'kWhRequested': 8.0}]",000000743,2_39_89_25_2019-05-02 15:40:09.313476,2-39-89-25,CA-315,0002,0039,2019-05-02 08:40:09-07:00,2019-05-02 20:52:04-07:00,3.658,2019-05-02 09:53:58-07:00,America/Los_Angeles
5ce0a39ff9af8b1a6e2c701f,"[{'userID': 712, 'milesRequested': 30, 'WhPerMile': 600, 'minutesAvailable': 275, 'modifiedAt': 'Thu, 02 May 2019 15:46:56 GMT', 'paymentRequired': True, 'requestedDeparture': 'Thu, 02 May 2019 20:21:53 GMT', 'kWhRequested': 18.0}]",000000712,2_39_129_17_2019-05-02 15:46:53.346703,2-39-129-17,CA-307,0002,0039,2019-05-02 08:46:53-07:00,2019-05-02 13:39:01-07:00,4.879,2019-05-02 10:11:55-07:00,America/Los_Angeles
5ce0a39ff9af8b1a6e2c7020,"[{'userID': 1001, 'milesRequested': 20, 'WhPerMile': 600, 'minutesAvailable': 129, 'modifiedAt': 'Thu, 02 May 2019 15:47:45 GMT', 'paymentRequired': True, 'requestedDeparture': 'Thu, 02 May 2019 17:56:40 GMT', 'kWhRequested': 12.0}]",000001001,2_39_79_383_2019-05-02 15:47:40.138227,2-39-79-383,CA-492,0002,0039,2019-05-02 08:47:40-07:00,2019-05-02 16:53:02-07:00,12.773,2019-05-02 15:33:13-07:00,America/Los_Angeles
5ce0a39ff9af8b1a6e2c7021,"[{'userID': 562, 'milesRequested': 20, 'WhPerMile': 400, 'minutesAvailable': 211, 'modifiedAt': 'Thu, 02 May 2019 15:56:10 GMT', 'paymentRequired': True, 'requestedDeparture': 'Thu, 02 May 2019 19:26:35 GMT', 'kWhRequested': 8.0}]",000000562,2_39_138_29_2019-05-02 15:55:35.116833,2-39-138-29,CA-304,0002,0039,2019-05-02 08:55:35-07:00,2019-05-02 19:30:58-07:00,4.674,2019-05-02 10:23:23-07:00,America/Los_Angeles
5ce0a39ff9af8b1a6e2c7022,"[{'userID': 1104, 'milesRequested': 160, 'WhPerMile': 250, 'minutesAvailable': 490, 'modifiedAt': 'Thu, 02 May 2019 16:00:11 GMT', 'paymentRequired': True, 'requestedDeparture': 'Fri, 03 May 2019 00:09:04 GMT', 'kWhRequested': 40.0}]",000001104,2_39_79_381_2019-05-02 15:59:03.530775,2-39-79-381,CA-490,0002,0039,2019-05-02 08:59:04-07:00,2019-05-02 18:07:09-07:00,39.897,2019-05-02 17:12:01-07:00,America/Los_Angeles
5ce0a39ff9af8b1a6e2c7023,"[{'userID': 1120, 'milesRequested': 60, 'WhPerMile': 375, 'minutesAvailable': 418, 'modifiedAt': 'Thu, 02 May 2019 16:03:51 GMT', 'paymentRequired': True, 'requestedDeparture': 'Thu, 02 May 2019 23:01:32 GMT', 'kWhRequested': 22.5}]",000001120,2_39_79_378_2019-05-02 16:03:32.425927,2-39-79-378,CA-326,0002,0039,2019-05-02 09:03:32-07:00,2019-05-02 16:40:47-07:00,3.353,2019-05-02 11:01:57-07:00,America/Los_Angeles
5ce0a39ff9af8b1a6e2c7024,"[{'userID': 1826, 'milesRequested': 100, 'WhPerMile': 400, 'minutesAvailable': 441, 'modifiedAt': 'Thu, 02 May 2019 16:13:03 GMT', 'paymentRequired': True, 'requestedDeparture': 'Thu, 02 May 2019 23:33:45 GMT', 'kWhRequested': 40.0}]",000001826,2_39_90_26_2019-05-02 16:12:44.566586,2-39-90-26,CA-316,0002,0039,2019-05-02 09:12:45-07:00,2019-05-02 20:36:59-07:00,10.957,2019-05-02 11:05:42-07:00,America/Los_Angeles
5ce0a39ff9af8b1a6e2c7025,"[{'userID': 714, 'milesRequested': 90, 'WhPerMile': 200, 'minutesAvailable': 364, 'modifiedAt': 'Thu, 02 May 2019 16:21:08 GMT', 'paymentRequired': True, 'requestedDeparture': 'Thu, 02 May 2019 22:24:29 GMT', 'kWhRequested': 18.0}]",000000714,2_39_79_380_2019-05-02 16:20:28.952918,2-39-79-380,CA-489,0002,0039,2019-05-02 09:20:29-07:00,2019-05-02 17:12:11-07:00,14.208,2019-05-02 14:07:33-07:00,America/Los_Angeles
5ce0a39ff9af8b1a6e2c7026,,,2_39_127_19_2019-05-02 16:25:14.187512,2-39-127-19,CA-309,0002,0039,2019-05-02 09:25:14-07:00,2019-05-02 10:24:52-07:00,0.682,2019-05-02 10:25:51-07:00,America/Los_Angeles
5ce0a39ff9af8b1a6e2c7027,"[{'userID': 1095, 'milesRequested': 30, 'WhPerMile': 469, 'minutesAvailable': 448, 'modifiedAt': 'Thu, 02 May 2019 17:02:01 GMT', 'paymentRequired': True, 'requestedDeparture': 'Fri, 03 May 2019 00:29:16 GMT', 'kWhRequested': 14.07}]",000001095,2_39_78_362_2019-05-02 17:01:15.631878,2-39-78-362,CA-496,0002,0039,2019-05-02 10:01:16-07:00,2019-05-02 13:09:25-07:00,10.335,2019-05-02 13:10:25-07:00,America/Los_Angeles
5ce0a39ff9af8b1a6e2c7028,"[{'userID': 668, 'milesRequested': 20, 'WhPerMile': 400, 'minutesAvailable': 199, 'modifiedAt': 'Thu, 02 May 2019 17:08:42 GMT', 'paymentRequired': True, 'requestedDeparture': 'Thu, 02 May 2019 20:27:26 GMT', 'kWhRequested': 8.0}]",000000668,2_39_89_439_2019-05-02 17:08:25.558626,2-39-89-439,CA-501,0002,0039,2019-05-02 10:08:26-07:00,2019-05-02 17:31:30-07:00,5.117,2019-05-02 10:57:40-07:00,America/Los_Angeles
5ce0a39ff9af8b1a6e2c7029,,,2_39_126_20_2019-05-02 17:10:10.452245,2-39-126-20,CA-310,0002,0039,2019-05-02 10:10:10-07:00,2019-05-02 16:24:49-07:00,0.887,2019-05-02 10:40:42-07:00,America/Los_Angeles
5ce0a39ff9af8b1a6e2c702a,"[{'userID': 1137, 'milesRequested': 70, 'WhPerMile': 400, 'minutesAvailable': 250, 'modifiedAt': 'Thu, 02 May 2019 17:23:14 GMT', 'paymentRequired': True, 'requestedDeparture': 'Thu, 02 May 2019 21:32:03 GMT', 'kWhRequested': 28.0}]",000001137,2_39_78_365_2019-05-02 17:22:02.599805,2-39-78-365,CA-321,0002,0039,2019-05-02 10:22:03-07:00,2019-05-02 16:10:46-07:00,19.612,2019-05-02 14:27:15-07:00,America/Los_Angeles
5ce0a39ff9af8b1a6e2c702b,"[{'userID': 567, 'milesRequested': 20, 'WhPerMile': 333, 'minutesAvailable': 425, 'modifiedAt': 'Thu, 02 May 2019 17:25:12 GMT', 'paymentRequired': True, 'requestedDeparture': 'Fri, 03 May 2019 00:29:56 GMT', 'kWhRequested': 6.66}]",000000567,2_39_127_19_2019-05-02 17:24:56.355403,2-39-127-19,CA-309,0002,0039,2019-05-02 10:24:56-07:00,2019-05-02 18:36:37-07:00,5.305,2019-05-02 11:59:38-07:00,America/Los_Angeles
5ce0a39ff9af8b1a6e2c702c,"[{'userID': 1082, 'milesRequested': 40, 'WhPerMile': 400, 'minutesAvailable': 291, 'modifiedAt': 'Thu, 02 May 2019 17:39:14 GMT', 'paymentRequired': True, 'requestedDeparture': 'Thu, 02 May 2019 22:29:11 GMT', 'kWhRequested': 16.0}]",000001082,2_39_95_27_2019-05-02 17:38:11.200433,2-39-95-27,CA-319,0002,0039,2019-05-02 10:38:11-07:00,2019-05-02 22:09:27-07:00,2.017,2019-05-02 11:38:44-07:00,America/Los_Angeles
5ce0a39ff9af8b1a6e2c702d,"[{'userID': 850, 'milesRequested': 100, 'WhPerMile': 300, 'minutesAvailable': 60, 'modifiedAt': 'Thu, 02 May 2019 18:01:44 GMT', 'paymentRequired': True, 'requestedDeparture': 'Thu, 02 May 2019 19:01:21 GMT', 'kWhRequested': 30.0}]",000000850,2_39_92_442_2019-05-02 18:01:21.044022,2-39-92-442,CA-498,0002,0039,2019-05-02 11:01:21-07:00,2019-05-03 05:27:54-07:00,22.964,2019-05-02 14:48:12-07:00,America/Los_Angeles
5ce0a39ff9af8b1a6e2c702e,"[{'userID': 832, 'milesRequested': 100, 'WhPerMile': 300, 'minutesAvailable': 323, 'modifiedAt': 'Thu, 02 May 2019 18:38:49 GMT', 'paymentRequired': True, 'requestedDeparture': 'Fri, 03 May 2019 00:01:05 GMT', 'kWhRequested': 30.0}]",000000832,2_39_79_382_2019-05-02 18:38:05.322095,2-39-79-382,CA-491,0002,0039,2019-05-02 11:38:05-07:00,2019-05-02 17:14:57-07:00,29.884,2019-05-02 16:07:10-07:00,America/Los_Angeles
5ce0a39ff9af8b1a6e2c702f,,,2_39_82_385_2019-05-02 19:37:17.661750,2-39-82-385,CA-148,0002,0039,2019-05-02 12:37:18-07:00,2019-05-02 14:45:40-07:00,0.768,2019-05-02 14:44:09-07:00,America/Los_Angeles
5ce0a39ff9af8b1a6e2c7030,"[{'userID': 560, 'milesRequested': 10, 'WhPerMile': 273, 'minutesAvailable': 182, 'modifiedAt': 'Thu, 02 May 2019 19:46:35 GMT', 'paymentRequired': True, 'requestedDeparture': 'Thu, 02 May 2019 22:48:29 GMT', 'kWhRequested': 2.73}, {'userID': 560, 'milesRequested': 10, 'WhPerMile': 273, 'minutesAvailable': 182, 'modifiedAt': 'Thu, 02 May 2019 19:47:30 GMT', 'paymentRequired': True, 'requestedDeparture': 'Thu, 02 May 2019 22:48:29 GMT', 'kWhRequested': 2.73}]",000000560,2_39_88_24_2019-05-02 19:46:29.029019,2-39-88-24,CA-314,0002,0039,2019-05-02 12:46:29-07:00,2019-05-02 15:59:03-07:00,2.603,2019-05-02 13:46:34-07:00,America/Los_Angeles
5ce0a39ff9af8b1a6e2c7031,"[{'userID': 1124, 'milesRequested': 20, 'WhPerMile': 450, 'minutesAvailable': 60, 'modifiedAt': 'Thu, 02 May 2019 20:17:54 GMT', 'paymentRequired': True, 'requestedDeparture': 'Thu, 02 May 2019 21:17:31 GMT', 'kWhRequested': 9.0}]",000001124,2_39_92_436_2019-05-02 20:17:30.717984,2-39-92-436,CA-318,0002,0039,2019-05-02 13:17:31-07:00,2019-05-02 19:27:25-07:00,6.578,2019-05-02 15:18:09-07:00,America/Los_Angeles
5ce0a39ff9af8b1a6e2c7032,,,2_39_78_362_2019-05-02 20:24:59.856770,2-39-78-362,CA-496,0002,0039,2019-05-02 13:25:00-07:00,2019-05-02 18:08:43-07:00,1.1265232974865376,2019-05-02 18:09:41-07:00,America/Los_Angeles
5ce0a39ff9af8b1a6e2c7033,,,2_39_78_363_2019-05-02 20:29:30.668885,2-39-78-363,CA-320,0002,0039,2019-05-02 13:29:31-07:00,2019-05-02 14:06:36-07:00,0.925,2019-05-02 14:00:12-07:00,America/Los_Angeles
5ce0a39ff9af8b1a6e2c7034,,,2_39_129_17_2019-05-02 20:40:23.789901,2-39-129-17,CA-307,0002,0039,2019-05-02 13:40:24-07:00,2019-05-02 14:00:02-07:00,0.566,2019-05-02 13:59:54-07:00,America/Los_Angeles
5ce0a39ff9af8b1a6e2c7035,"[{'userID': 1470, 'milesRequested': 60, 'WhPerMile': 292, 'minutesAvailable': 237, 'modifiedAt': 'Thu, 02 May 2019 21:16:21 GMT', 'paymentRequired': True, 'requestedDeparture': 'Fri, 03 May 2019 01:13:02 GMT', 'kWhRequested': 17.52}]",000001470,2_39_78_363_2019-05-02 21:16:02.013263,2-39-78-363,CA-320,0002,0039,2019-05-02 14:16:02-07:00,2019-05-02 15:51:30-07:00,5.307,2019-05-02 15:05:21-07:00,America/Los_Angeles
5ce0a39ff9af8b1a6e2c7036,"[{'userID': 1746, 'milesRequested': 60, 'WhPerMile': 458, 'minutesAvailable': 96, 'modifiedAt': 'Thu, 02 May 2019 23:36:09 GMT', 'paymentRequired': True, 'requestedDeparture': 'Fri, 03 May 2019 01:11:54 GMT', 'kWhRequested': 27.48}, {'userID': 1746, 'milesRequested': 60, 'WhPerMile': 458, 'minutesAvailable': 96, 'modifiedAt': 'Fri, 03 May 2019 01:24:04 GMT', 'paymentRequired': True, 'requestedDeparture': 'Fri, 03 May 2019 01:11:54 GMT', 'kWhRequested': 27.48}]",000001746,2_39_88_24_2019-05-02 23:35:53.793154,2-39-88-24,CA-314,0002,0039,2019-05-02 16:35:54-07:00,2019-05-02 18:24:12-07:00,6.043,2019-05-02 18:24:07-07:00,America/Los_Angeles
5ce0a39ff9af8b1a6e2c7037,"[{'userID': 1133, 'milesRequested': 20, 'WhPerMile': 400, 'minutesAvailable': 60, 'modifiedAt': 'Fri, 03 May 2019 01:23:32 GMT', 'paymentRequired': True, 'requestedDeparture': 'Fri, 03 May 2019 02:22:57 GMT', 'kWhRequested': 8.0}]",000001133,2_39_129_17_2019-05-03 01:22:56.900026,2-39-129-17,CA-307,0002,0039,2019-05-02 18:22:57-07:00,2019-05-02 20:06:00-07:00,7.868,2019-05-02 19:37:33-07:00,America/Los_Angeles
5ce0a39ff9af8b1a6e2c7038,"[{'userID': 1108, 'milesRequested': 50, 'WhPerMile': 400, 'minutesAvailable': 233, 'modifiedAt': 'Fri, 03 May 2019 01:29:27 GMT', 'paymentRequired': True, 'requestedDeparture': 'Fri, 03 May 2019 05:22:25 GMT', 'kWhRequested': 20.0}]",000001108,2_39_91_437_2019-05-03 01:29:24.728158,2-39-91-437,CA-317,0002,0039,2019-05-02 18:29:25-07:00,2019-05-02 22:02:36-07:00,12.56,2019-05-02 22:02:32-07:00,America/Los_Angeles
5ce0a39ff9af8b1a6e2c7039,"[{'userID': 1509, 'milesRequested': 30, 'WhPerMile': 400, 'minutesAvailable': 73, 'modifiedAt': 'Fri, 03 May 2019 01:32:55 GMT', 'paymentRequired': True, 'requestedDeparture': 'Fri, 03 May 2019 02:42:36 GMT', 'kWhRequested': 12.0}]",000001509,2_39_79_377_2019-05-03 01:29:35.712774,2-39-79-377,CA-325,0002,0039,2019-05-02 18:29:36-07:00,2019-05-02 19:39:36-07:00,7.759,2019-05-02 19:39:32-07:00,America/Los_Angeles
5ce0a39ff9af8b1a6e2c703a,"[{'userID': 1161, 'milesRequested': 40, 'WhPerMile': 400, 'minutesAvailable': 40, 'modifiedAt': 'Fri, 03 May 2019 04:20:46 GMT', 'paymentRequired': True, 'requestedDeparture': 'Fri, 03 May 2019 05:00:31 GMT', 'kWhRequested': 16.0}, {'userID': 1161, 'milesRequested': 40, 'WhPerMile': 400, 'minutesAvailable': 88, 'modifiedAt': 'Fri, 03 May 2019 04:20:56 GMT', 'paymentRequired': True, 'requestedDeparture': 'Fri, 03 May 2019 05:48:31 GMT', 'kWhRequested': 16.0}]",000001161,2_39_138_29_2019-05-03 04:20:30.914594,2-39-138-29,CA-304,0002,0039,2019-05-02 21:20:31-07:00,2019-05-02 22:33:05-07:00,3.965,2019-05-02 22:32:57-07:00,America/Los_Angeles
5ce1f522f9af8b1e78b13103,,,2_39_79_379_2019-05-03 07:01:04.750920,2-39-79-379,CA-327,0002,0039,2019-05-03 00:01:05-07:00,2019-05-03 00:26:49-07:00,0.75,2019-05-03 00:26:45-07:00,America/Los_Angeles
5ce1f522f9af8b1e78b13104,"[{'userID': 560, 'milesRequested': 70, 'WhPerMile': 273, 'minutesAvailable': 304, 'modifiedAt': 'Fri, 03 May 2019 13:31:22 GMT', 'paymentRequired': True, 'requestedDeparture': 'Fri, 03 May 2019 18:34:28 GMT', 'kWhRequested': 19.11}]",000000560,2_39_88_24_2019-05-03 13:30:28.387450,2-39-88-24,CA-314,0002,0039,2019-05-03 06:30:28-07:00,2019-05-03 11:46:07-07:00,18.822,2019-05-03 10:07:20-07:00,America/Los_Angeles
5ce1f522f9af8b1e78b13105,"[{'userID': 1083, 'milesRequested': 10, 'WhPerMile': 400, 'minutesAvailable': 240, 'modifiedAt': 'Fri, 03 May 2019 14:19:04 GMT', 'paymentRequired': True, 'requestedDeparture': 'Fri, 03 May 2019 18:18:53 GMT', 'kWhRequested': 4.0}]",000001083,2_39_79_379_2019-05-03 14:18:53.317699,2-39-79-379,CA-327,0002,0039,2019-05-03 07:18:53-07:00,2019-05-03 19:10:34-07:00,2.839,2019-05-03 08:13:27-07:00,America/Los_Angeles
5ce1f522f9af8b1e78b13106,"[{'userID': 569, 'milesRequested': 70, 'WhPerMile': 300, 'minutesAvailable': 529, 'modifiedAt': 'Fri, 03 May 2019 14:41:27 GMT', 'paymentRequired': True, 'requestedDeparture': 'Fri, 03 May 2019 23:29:51 GMT', 'kWhRequested': 21.0}]",000000569,2_39_78_366_2019-05-03 14:40:50.612230,2-39-78-366,CA-323,0002,0039,2019-05-03 07:40:51-07:00,2019-05-03 11:17:59-07:00,6.025,2019-05-03 11:16:35-07:00,America/Los_Angeles
5ce1f522f9af8b1e78b13107,"[{'userID': 858, 'milesRequested': 20, 'WhPerMile': 400, 'minutesAvailable': 223, 'modifiedAt': 'Fri, 03 May 2019 15:00:19 GMT', 'paymentRequired': True, 'requestedDeparture': 'Fri, 03 May 2019 18:43:00 GMT', 'kWhRequested': 8.0}]",000000858,2_39_78_363_2019-05-03 14:59:59.634513,2-39-78-363,CA-320,0002,0039,2019-05-03 08:00:00-07:00,2019-05-03 15:25:33-07:00,4.772,2019-05-03 09:30:34-07:00,America/Los_Angeles
5ce1f522f9af8b1e78b13108,"[{'userID': 1524, 'milesRequested': 20, 'WhPerMile': 400, 'minutesAvailable': 204, 'modifiedAt': 'Fri, 03 May 2019 15:29:57 GMT', 'paymentRequired': True, 'requestedDeparture': 'Fri, 03 May 2019 18:50:19 GMT', 'kWhRequested': 8.0}]",000001524,2_39_79_383_2019-05-03 15:26:19.057017,2-39-79-383,CA-492,0002,0039,2019-05-03 08:26:19-07:00,2019-05-03 14:57:46-07:00,4.167,2019-05-03 09:52:33-07:00,America/Los_Angeles
5ce1f522f9af8b1e78b13109,"[{'userID': 431, 'milesRequested': 50, 'WhPerMile': 300, 'minutesAvailable': 220, 'modifiedAt': 'Fri, 03 May 2019 15:26:57 GMT', 'paymentRequired': True, 'requestedDeparture': 'Fri, 03 May 2019 19:06:37 GMT', 'kWhRequested': 15.0}]",000000431,2_39_91_437_2019-05-03 15:26:37.243561,2-39-91-437,CA-317,0002,0039,2019-05-03 08:26:37-07:00,2019-05-03 12:45:35-07:00,9.926,2019-05-03 10:07:34-07:00,America/Los_Angeles
5ce1f522f9af8b1e78b1310a,"[{'userID': 1470, 'milesRequested': 40, 'WhPerMile': 292, 'minutesAvailable': 237, 'modifiedAt': 'Fri, 03 May 2019 15:38:58 GMT', 'paymentRequired': True, 'requestedDeparture': 'Fri, 03 May 2019 19:35:39 GMT', 'kWhRequested': 11.68}, {'userID': 1470, 'milesRequested': 40, 'WhPerMile': 292, 'minutesAvailable': 237, 'modifiedAt': 'Fri, 03 May 2019 16:13:21 GMT', 'paymentRequired': True, 'requestedDeparture': 'Fri, 03 May 2019 19:35:39 GMT', 'kWhRequested': 11.68}]",000001470,2_39_79_382_2019-05-03 15:38:39.008387,2-39-79-382,CA-491,0002,0039,2019-05-03 08:38:39-07:00,2019-05-03 17:17:03-07:00,9.526,2019-05-03 11:13:42-07:00,America/Los_Angeles
5ce1f522f9af8b1e78b1310b,"[{'userID': 559, 'milesRequested': 30, 'WhPerMile': 313, 'minutesAvailable': 506, 'modifiedAt': 'Fri, 03 May 2019 15:40:36 GMT', 'paymentRequired': True, 'requestedDeparture': 'Sat, 04 May 2019 00:06:17 GMT', 'kWhRequested': 9.39}]",000000559,2_39_130_31_2019-05-03 15:40:16.861912,2-39-130-31,CA-306,0002,0039,2019-05-03 08:40:17-07:00,2019-05-03 17:29:47-07:00,6.414,2019-05-03 10:36:55-07:00,America/Los_Angeles
5ce1f522f9af8b1e78b1310c,"[{'userID': 1534, 'milesRequested': 50, 'WhPerMile': 250, 'minutesAvailable': 404, 'modifiedAt': 'Fri, 03 May 2019 15:47:49 GMT', 'paymentRequired': True, 'requestedDeparture': 'Fri, 03 May 2019 22:30:28 GMT', 'kWhRequested': 12.5}]",000001534,2_39_124_558_2019-05-03 15:46:27.946885,2-39-124-558,CA-504,0002,0039,2019-05-03 08:46:28-07:00,2019-05-03 16:54:20-07:00,12.377,2019-05-03 12:32:28-07:00,America/Los_Angeles
5ce1f522f9af8b1e78b1310d,"[{'userID': 69, 'milesRequested': 100, 'WhPerMile': 300, 'minutesAvailable': 310, 'modifiedAt': 'Fri, 03 May 2019 15:54:23 GMT', 'paymentRequired': True, 'requestedDeparture': 'Fri, 03 May 2019 21:03:53 GMT', 'kWhRequested': 30.0}]",000000069,2_39_79_380_2019-05-03 15:53:52.921511,2-39-79-380,CA-489,0002,0039,2019-05-03 08:53:53-07:00,2019-05-03 14:56:41-07:00,13.309,2019-05-03 11:55:52-07:00,America/Los_Angeles
5ce1f522f9af8b1e78b1310e,"[{'userID': 1120, 'milesRequested': 60, 'WhPerMile': 375, 'minutesAvailable': 418, 'modifiedAt': 'Fri, 03 May 2019 15:57:41 GMT', 'paymentRequired': True, 'requestedDeparture': 'Fri, 03 May 2019 22:55:27 GMT', 'kWhRequested': 22.5}]",000001120,2_39_79_377_2019-05-03 15:57:27.484843,2-39-79-377,CA-325,0002,0039,2019-05-03 08:57:27-07:00,2019-05-03 13:31:55-07:00,4.125,2019-05-03 10:19:41-07:00,America/Los_Angeles
5ce1f522f9af8b1e78b1310f,"[{'userID': 712, 'milesRequested': 30, 'WhPerMile': 600, 'minutesAvailable': 275, 'modifiedAt': 'Fri, 03 May 2019 16:11:53 GMT', 'paymentRequired': True, 'requestedDeparture': 'Fri, 03 May 2019 20:46:51 GMT', 'kWhRequested': 18.0}]",000000712,2_39_127_19_2019-05-03 16:11:51.417585,2-39-127-19,CA-309,0002,0039,2019-05-03 09:11:51-07:00,2019-05-03 19:00:04-07:00,7.455,2019-05-03 11:20:42-07:00,America/Los_Angeles
5ce1f522f9af8b1e78b13110,"[{'userID': 743, 'milesRequested': 20, 'WhPerMile': 400, 'minutesAvailable': 451, 'modifiedAt': 'Fri, 03 May 2019 16:21:06 GMT', 'paymentRequired': True, 'requestedDeparture': 'Fri, 03 May 2019 23:51:52 GMT', 'kWhRequested': 8.0}, {'userID': 743, 'milesRequested': 20, 'WhPerMile': 400, 'minutesAvailable': 161, 'modifiedAt': 'Fri, 03 May 2019 16:24:23 GMT', 'paymentRequired': True, 'requestedDeparture': 'Fri, 03 May 2019 19:01:52 GMT', 'kWhRequested': 8.0}]",000000743,2_39_89_25_2019-05-03 16:20:52.160134,2-39-89-25,CA-315,0002,0039,2019-05-03 09:20:52-07:00,2019-05-03 12:31:00-07:00,5.154,2019-05-03 11:00:37-07:00,America/Los_Angeles
5ce1f522f9af8b1e78b13111,,,2_39_83_386_2019-05-03 16:23:04.480298,2-39-83-386,CA-212,0002,0039,2019-05-03 09:23:04-07:00,2019-05-03 11:53:01-07:00,0.84,2019-05-03 09:53:52-07:00,America/Los_Angeles
5ce1f522f9af8b1e78b13112,"[{'userID': 697, 'milesRequested': 20, 'WhPerMile': 300, 'minutesAvailable': 411, 'modifiedAt': 'Fri, 03 May 2019 16:33:04 GMT', 'paymentRequired': True, 'requestedDeparture': 'Fri, 03 May 2019 23:23:36 GMT', 'kWhRequested': 6.0}]",000000697,2_39_79_381_2019-05-03 16:32:36.288429,2-39-79-381,CA-490,0002,0039,2019-05-03 09:32:36-07:00,2019-05-03 18:37:43-07:00,5.876,2019-05-03 17:01:38-07:00,America/Los_Angeles
5ce1f522f9af8b1e78b13113,"[{'userID': 564, 'milesRequested': 180, 'WhPerMile': 231, 'minutesAvailable': 282, 'modifiedAt': 'Fri, 03 May 2019 16:33:38 GMT', 'paymentRequired': True, 'requestedDeparture': 'Fri, 03 May 2019 21:15:08 GMT', 'kWhRequested': 41.58}, {'userID': 564, 'milesRequested': 120, 'WhPerMile': 231, 'minutesAvailable': 461, 'modifiedAt': 'Fri, 03 May 2019 18:34:27 GMT', 'paymentRequired': True, 'requestedDeparture': 'Sat, 04 May 2019 00:14:08 GMT', 'kWhRequested': 27.72}]",000000564,2_39_92_442_2019-05-03 16:33:08.312556,2-39-92-442,CA-498,0002,0039,2019-05-03 09:33:08-07:00,2019-05-03 17:50:39-07:00,17.466,2019-05-03 12:23:54-07:00,America/Los_Angeles
5ce1f522f9af8b1e78b13114,"[{'userID': 1481, 'milesRequested': 20, 'WhPerMile': 400, 'minutesAvailable': 61, 'modifiedAt': 'Fri, 03 May 2019 17:00:53 GMT', 'paymentRequired': True, 'requestedDeparture': 'Fri, 03 May 2019 17:37:36 GMT', 'kWhRequested': 8.0}]",000001481,2_39_124_22_2019-05-03 16:36:36.174787,2-39-124-22,CA-312,0002,0039,2019-05-03 09:36:36-07:00,2019-05-03 17:25:41-07:00,3.123,2019-05-03 10:46:01-07:00,America/Los_Angeles
5ce1f522f9af8b1e78b13115,"[{'userID': 567, 'milesRequested': 20, 'WhPerMile': 333, 'minutesAvailable': 425, 'modifiedAt': 'Fri, 03 May 2019 16:40:34 GMT', 'paymentRequired': True, 'requestedDeparture': 'Fri, 03 May 2019 23:45:25 GMT', 'kWhRequested': 6.66}]",000000567,2_39_123_23_2019-05-03 16:40:24.938897,2-39-123-23,CA-313,0002,0039,2019-05-03 09:40:25-07:00,2019-05-03 19:39:01-07:00,5.713,2019-05-03 11:22:20-07:00,America/Los_Angeles
5ce1f522f9af8b1e78b13116,"[{'userID': 891, 'milesRequested': 20, 'WhPerMile': 300, 'minutesAvailable': 310, 'modifiedAt': 'Fri, 03 May 2019 17:23:16 GMT', 'paymentRequired': True, 'requestedDeparture': 'Fri, 03 May 2019 22:29:43 GMT', 'kWhRequested': 6.0}]",000000891,2_39_92_436_2019-05-03 17:19:43.246041,2-39-92-436,CA-318,0002,0039,2019-05-03 10:19:43-07:00,2019-05-03 17:45:57-07:00,3.608,2019-05-03 11:35:18-07:00,America/Los_Angeles
5ce1f522f9af8b1e78b13117,"[{'userID': 1953, 'milesRequested': 20, 'WhPerMile': 400, 'minutesAvailable': 280, 'modifiedAt': 'Fri, 03 May 2019 19:23:07 GMT', 'paymentRequired': True, 'requestedDeparture': 'Fri, 03 May 2019 23:09:17 GMT', 'kWhRequested': 8.0}]",000001953,2_39_78_365_2019-05-03 18:29:17.420082,2-39-78-365,CA-321,0002,0039,2019-05-03 11:29:17-07:00,2019-05-03 17:24:48-07:00,4.609,2019-05-03 13:05:27-07:00,America/Los_Angeles
5ce1f522f9af8b1e78b13118,"[{'userID': 1214, 'milesRequested': 80, 'WhPerMile': 250, 'minutesAvailable': 193, 'modifiedAt': 'Fri, 03 May 2019 19:21:34 GMT', 'paymentRequired': True, 'requestedDeparture': 'Fri, 03 May 2019 22:33:53 GMT', 'kWhRequested': 20.0}]",000001214,2_39_90_440_2019-05-03 19:20:52.922387,2-39-90-440,CA-500,0002,0039,2019-05-03 12:20:53-07:00,2019-05-03 15:26:41-07:00,19.868,2019-05-03 15:23:43-07:00,America/Los_Angeles
5ce1f522f9af8b1e78b13119,"[{'userID': 560, 'milesRequested': 70, 'WhPerMile': 273, 'minutesAvailable': 304, 'modifiedAt': 'Fri, 03 May 2019 19:26:47 GMT', 'paymentRequired': True, 'requestedDeparture': 'Sat, 04 May 2019 00:30:35 GMT', 'kWhRequested': 19.11}, {'userID': 560, 'milesRequested': 20, 'WhPerMile': 273, 'minutesAvailable': 304, 'modifiedAt': 'Fri, 03 May 2019 19:26:52 GMT', 'paymentRequired': True, 'requestedDeparture': 'Sat, 04 May 2019 00:30:35 GMT', 'kWhRequested': 5.46}]",000000560,2_39_88_24_2019-05-03 19:26:34.826857,2-39-88-24,CA-314,0002,0039,2019-05-03 12:26:35-07:00,2019-05-03 15:53:48-07:00,1.526,2019-05-03 13:21:25-07:00,America/Los_Angeles
5ce1f522f9af8b1e78b1311a,"[{'userID': 1124, 'milesRequested': 20, 'WhPerMile': 450, 'minutesAvailable': 60, 'modifiedAt': 'Fri, 03 May 2019 19:36:55 GMT', 'paymentRequired': True, 'requestedDeparture': 'Fri, 03 May 2019 20:36:35 GMT', 'kWhRequested': 9.0}]",000001124,2_39_89_25_2019-05-03 19:36:35.348426,2-39-89-25,CA-315,0002,0039,2019-05-03 12:36:35-07:00,2019-05-03 19:23:28-07:00,6.58,2019-05-03 14:36:50-07:00,America/Los_Angeles
5ce1f522f9af8b1e78b1311b,"[{'userID': 850, 'milesRequested': 100, 'WhPerMile': 300, 'minutesAvailable': 60, 'modifiedAt': 'Fri, 03 May 2019 20:53:09 GMT', 'paymentRequired': True, 'requestedDeparture': 'Fri, 03 May 2019 21:53:05 GMT', 'kWhRequested': 30.0}]",000000850,2_39_91_441_2019-05-03 20:53:04.899083,2-39-91-441,CA-499,0002,0039,2019-05-03 13:53:05-07:00,2019-05-03 20:53:02-07:00,17.403,2019-05-03 16:41:52-07:00,America/Los_Angeles
5ce1f522f9af8b1e78b1311c,"[{'userID': 579, 'milesRequested': 100, 'WhPerMile': 525, 'minutesAvailable': 101, 'modifiedAt': 'Fri, 03 May 2019 21:33:36 GMT', 'paymentRequired': True, 'requestedDeparture': 'Fri, 03 May 2019 23:14:23 GMT', 'kWhRequested': 52.5}]",000000579,2_39_90_26_2019-05-03 21:33:23.089531,2-39-90-26,CA-316,0002,0039,2019-05-03 14:33:23-07:00,2019-05-03 16:52:53-07:00,10.864,2019-05-03 16:18:55-07:00,America/Los_Angeles
5ce1f522f9af8b1e78b1311d,"[{'userID': 743, 'milesRequested': 20, 'WhPerMile': 400, 'minutesAvailable': 161, 'modifiedAt': 'Fri, 03 May 2019 21:38:18 GMT', 'paymentRequired': True, 'requestedDeparture': 'Sat, 04 May 2019 00:18:56 GMT', 'kWhRequested': 8.0}]",000000743,2_39_126_560_2019-05-03 21:37:55.815261,2-39-126-560,CA-506,0002,0039,2019-05-03 14:37:56-07:00,2019-05-03 18:18:17-07:00,3.848,2019-05-03 15:54:54-07:00,America/Los_Angeles
5ce1f522f9af8b1e78b1311e,,,2_39_126_20_2019-05-04 00:12:31.489862,2-39-126-20,CA-310,0002,0039,2019-05-03 17:12:31-07:00,2019-05-03 18:11:14-07:00,0.845,2019-05-03 17:42:51-07:00,America/Los_Angeles
5ce1f522f9af8b1e78b1311f,"[{'userID': 565, 'milesRequested': 60, 'WhPerMile': 333, 'minutesAvailable': 653, 'modifiedAt': 'Sat, 04 May 2019 03:25:41 GMT', 'paymentRequired': True, 'requestedDeparture': 'Sat, 04 May 2019 14:17:41 GMT', 'kWhRequested': 19.98}]",000000565,2_39_79_382_2019-05-04 03:24:41.106226,2-39-79-382,CA-491,0002,0039,2019-05-03 20:24:41-07:00,2019-05-03 22:58:30-07:00,12.625,2019-05-03 22:40:50-07:00,America/Los_Angeles
5ce1f522f9af8b1e78b13120,"[{'userID': 489, 'milesRequested': 250, 'WhPerMile': 500, 'minutesAvailable': 469, 'modifiedAt': 'Sat, 04 May 2019 03:57:44 GMT', 'paymentRequired': True, 'requestedDeparture': 'Sat, 04 May 2019 11:45:47 GMT', 'kWhRequested': 125.0}, {'userID': 489, 'milesRequested': 250, 'WhPerMile': 500, 'minutesAvailable': 446, 'modifiedAt': 'Sat, 04 May 2019 03:57:50 GMT', 'paymentRequired': True, 'requestedDeparture': 'Sat, 04 May 2019 11:22:47 GMT', 'kWhRequested': 125.0}]",000000489,2_39_139_28_2019-05-04 03:56:47.408643,2-39-139-28,CA-303,0002,0039,2019-05-03 20:56:47-07:00,2019-05-04 21:09:20-07:00,51.506,2019-05-04 04:38:22-07:00,America/Los_Angeles
5ce1f522f9af8b1e78b13121,"[{'userID': 1202, 'milesRequested': 40, 'WhPerMile': 375, 'minutesAvailable': 161, 'modifiedAt': 'Sat, 04 May 2019 04:45:48 GMT', 'paymentRequired': True, 'requestedDeparture': 'Sat, 04 May 2019 07:25:54 GMT', 'kWhRequested': 15.0}]",000001202,2_39_131_30_2019-05-04 04:44:54.092420,2-39-131-30,CA-305,0002,0039,2019-05-03 21:44:54-07:00,2019-05-04 13:55:42-07:00,11.81,2019-05-04 01:27:37-07:00,America/Los_Angeles
5ce1f522f9af8b1e78b13122,"[{'userID': 292, 'milesRequested': 250, 'WhPerMile': 200, 'minutesAvailable': 720, 'modifiedAt': 'Sat, 04 May 2019 06:03:06 GMT', 'paymentRequired': True, 'requestedDeparture': 'Sat, 04 May 2019 18:02:03 GMT', 'kWhRequested': 50.0}]",000000292,2_39_89_25_2019-05-04 06:02:02.511526,2-39-89-25,CA-315,0002,0039,2019-05-03 23:02:03-07:00,2019-05-05 18:52:55-07:00,36.88,2019-05-04 04:31:32-07:00,America/Los_Angeles
5ce34694f9af8b22847d25e4,"[{'userID': 675, 'milesRequested': 40, 'WhPerMile': 399, 'minutesAvailable': 115, 'modifiedAt': 'Sat, 04 May 2019 14:48:35 GMT', 'paymentRequired': True, 'requestedDeparture': 'Sat, 04 May 2019 16:42:58 GMT', 'kWhRequested': 15.96}]",000000675,2_39_129_17_2019-05-04 14:47:58.239568,2-39-129-17,CA-307,0002,0039,2019-05-04 07:47:58-07:00,2019-05-04 09:38:27-07:00,6.362,2019-05-04 09:00:20-07:00,America/Los_Angeles
5ce34694f9af8b22847d25e5,"[{'userID': 1133, 'milesRequested': 20, 'WhPerMile': 400, 'minutesAvailable': 60, 'modifiedAt': 'Sat, 04 May 2019 17:10:06 GMT', 'paymentRequired': True, 'requestedDeparture': 'Sat, 04 May 2019 18:09:37 GMT', 'kWhRequested': 8.0}]",000001133,2_39_138_29_2019-05-04 17:09:36.969474,2-39-138-29,CA-304,0002,0039,2019-05-04 10:09:37-07:00,2019-05-04 11:46:22-07:00,7.893,2019-05-04 11:25:04-07:00,America/Los_Angeles
5ce34694f9af8b22847d25e6,"[{'userID': 1274, 'milesRequested': 30, 'WhPerMile': 333, 'minutesAvailable': 122, 'modifiedAt': 'Sat, 04 May 2019 17:15:40 GMT', 'paymentRequired': True, 'requestedDeparture': 'Sat, 04 May 2019 19:12:45 GMT', 'kWhRequested': 9.99}]",000001274,2_39_129_17_2019-05-04 17:10:45.426205,2-39-129-17,CA-307,0002,0039,2019-05-04 10:10:45-07:00,2019-05-04 12:28:45-07:00,9.879,2019-05-04 11:48:40-07:00,America/Los_Angeles
5ce34694f9af8b22847d25e7,"[{'userID': 1164, 'milesRequested': 20, 'WhPerMile': 525, 'minutesAvailable': 236, 'modifiedAt': 'Sat, 04 May 2019 18:03:29 GMT', 'paymentRequired': True, 'requestedDeparture': 'Sat, 04 May 2019 21:59:09 GMT', 'kWhRequested': 10.5}]",000001164,2_39_79_383_2019-05-04 18:03:09.139532,2-39-79-383,CA-492,0002,0039,2019-05-04 11:03:09-07:00,2019-05-04 19:00:22-07:00,4.71,2019-05-04 12:37:04-07:00,America/Los_Angeles
5ce34694f9af8b22847d25e8,"[{'userID': 2290, 'milesRequested': 90, 'WhPerMile': 400, 'minutesAvailable': 117, 'modifiedAt': 'Sat, 04 May 2019 19:56:44 GMT', 'paymentRequired': True, 'requestedDeparture': 'Sat, 04 May 2019 20:32:42 GMT', 'kWhRequested': 36.0}, {'userID': 2290, 'milesRequested': 90, 'WhPerMile': 400, 'minutesAvailable': 117, 'modifiedAt': 'Sat, 04 May 2019 19:57:38 GMT', 'paymentRequired': True, 'requestedDeparture': 'Sat, 04 May 2019 20:32:42 GMT', 'kWhRequested': 36.0}, {'userID': 2290, 'milesRequested': 90, 'WhPerMile': 400, 'minutesAvailable': 117, 'modifiedAt': 'Sat, 04 May 2019 21:32:54 GMT', 'paymentRequired': True, 'requestedDeparture': 'Sat, 04 May 2019 20:32:42 GMT', 'kWhRequested': 36.0}]",000002290,2_39_127_19_2019-05-04 18:35:42.242225,2-39-127-19,CA-309,0002,0039,2019-05-04 11:35:42-07:00,2019-05-04 14:51:22-07:00,7.526,2019-05-04 14:51:17-07:00,America/Los_Angeles
5ce34694f9af8b22847d25e9,"[{'userID': 1083, 'milesRequested': 20, 'WhPerMile': 400, 'minutesAvailable': 148, 'modifiedAt': 'Sat, 04 May 2019 19:10:30 GMT', 'paymentRequired': True, 'requestedDeparture': 'Sat, 04 May 2019 21:38:17 GMT', 'kWhRequested': 8.0}]",000001083,2_39_79_379_2019-05-04 19:10:17.182103,2-39-79-379,CA-327,0002,0039,2019-05-04 12:10:17-07:00,2019-05-04 19:12:08-07:00,3.174,2019-05-04 16:25:50-07:00,America/Los_Angeles
5ce34694f9af8b22847d25ea,"[{'userID': 1161, 'milesRequested': 30, 'WhPerMile': 400, 'minutesAvailable': 62, 'modifiedAt': 'Sat, 04 May 2019 20:16:50 GMT', 'paymentRequired': True, 'requestedDeparture': 'Sat, 04 May 2019 21:17:59 GMT', 'kWhRequested': 12.0}]",000001161,2_39_129_17_2019-05-04 20:15:58.612464,2-39-129-17,CA-307,0002,0039,2019-05-04 13:15:59-07:00,2019-05-04 14:01:10-07:00,2.461,2019-05-04 14:01:05-07:00,America/Los_Angeles
5ce34694f9af8b22847d25eb,"[{'userID': 1746, 'milesRequested': 60, 'WhPerMile': 600, 'minutesAvailable': 96, 'modifiedAt': 'Sat, 04 May 2019 22:30:32 GMT', 'paymentRequired': True, 'requestedDeparture': 'Sun, 05 May 2019 00:06:20 GMT', 'kWhRequested': 36.0}, {'userID': 1746, 'milesRequested': 60, 'WhPerMile': 600, 'minutesAvailable': 115, 'modifiedAt': 'Sat, 04 May 2019 22:31:43 GMT', 'paymentRequired': True, 'requestedDeparture': 'Sun, 05 May 2019 00:25:20 GMT', 'kWhRequested': 36.0}, {'userID': 1746, 'milesRequested': 60, 'WhPerMile': 600, 'minutesAvailable': 115, 'modifiedAt': 'Sun, 05 May 2019 00:32:41 GMT', 'paymentRequired': True, 'requestedDeparture': 'Sun, 05 May 2019 00:25:20 GMT', 'kWhRequested': 36.0}]",000001746,2_39_95_27_2019-05-04 22:30:19.831562,2-39-95-27,CA-319,0002,0039,2019-05-04 15:30:20-07:00,2019-05-04 17:32:50-07:00,5.251,2019-05-04 17:11:00-07:00,America/Los_Angeles
5ce34694f9af8b22847d25ec,"[{'userID': 1327, 'milesRequested': 60, 'WhPerMile': 400, 'minutesAvailable': 217, 'modifiedAt': 'Sun, 05 May 2019 02:29:52 GMT', 'paymentRequired': True, 'requestedDeparture': 'Sun, 05 May 2019 05:17:57 GMT', 'kWhRequested': 24.0}]",000001327,2_39_131_30_2019-05-05 01:40:56.513642,2-39-131-30,CA-305,0002,0039,2019-05-04 18:40:57-07:00,2019-05-05 10:46:33-07:00,16.11,2019-05-04 23:54:05-07:00,America/Los_Angeles
5ce34694f9af8b22847d25ed,"[{'userID': 1286, 'milesRequested': 70, 'WhPerMile': 577, 'minutesAvailable': 392, 'modifiedAt': 'Sun, 05 May 2019 02:56:47 GMT', 'paymentRequired': True, 'requestedDeparture': 'Sun, 05 May 2019 09:26:32 GMT', 'kWhRequested': 40.39}]",000001286,2_39_79_382_2019-05-05 02:54:31.594526,2-39-79-382,CA-491,0002,0039,2019-05-04 19:54:32-07:00,2019-05-06 10:28:53-07:00,40.272,2019-05-05 01:53:40-07:00,America/Los_Angeles
5ce34694f9af8b22847d25ee,"[{'userID': 1726, 'milesRequested': 150, 'WhPerMile': 600, 'minutesAvailable': 720, 'modifiedAt': 'Sun, 05 May 2019 03:07:49 GMT', 'paymentRequired': True, 'requestedDeparture': 'Sun, 05 May 2019 15:04:57 GMT', 'kWhRequested': 90.0}]",000001726,2_39_129_17_2019-05-05 03:04:57.137023,2-39-129-17,CA-307,0002,0039,2019-05-04 20:04:57-07:00,2019-05-05 15:11:30-07:00,16.157,2019-05-05 00:44:40-07:00,America/Los_Angeles
5ce34694f9af8b22847d25ef,"[{'userID': 838, 'milesRequested': 80, 'WhPerMile': 433, 'minutesAvailable': 307, 'modifiedAt': 'Sun, 05 May 2019 03:07:49 GMT', 'paymentRequired': True, 'requestedDeparture': 'Sun, 05 May 2019 08:14:25 GMT', 'kWhRequested': 34.64}, {'userID': 838, 'milesRequested': 80, 'WhPerMile': 433, 'minutesAvailable': 307, 'modifiedAt': 'Sun, 05 May 2019 03:08:05 GMT', 'paymentRequired': True, 'requestedDeparture': 'Sun, 05 May 2019 08:14:25 GMT', 'kWhRequested': 34.64}]",000000838,2_39_138_29_2019-05-05 03:07:25.463972,2-39-138-29,CA-304,0002,0039,2019-05-04 20:07:25-07:00,2019-05-05 15:11:21-07:00,15.815,2019-05-05 00:40:15-07:00,America/Los_Angeles
5ce49814f9af8b26784ed8d2,"[{'userID': 1152, 'milesRequested': 20, 'WhPerMile': 300, 'minutesAvailable': 60, 'modifiedAt': 'Sun, 05 May 2019 08:42:36 GMT', 'paymentRequired': True, 'requestedDeparture': 'Sun, 05 May 2019 09:42:33 GMT', 'kWhRequested': 6.0}]",000001152,2_39_139_28_2019-05-05 08:42:32.827468,2-39-139-28,CA-303,0002,0039,2019-05-05 01:42:33-07:00,2019-05-05 11:01:28-07:00,5.882,2019-05-05 06:52:32-07:00,America/Los_Angeles
5ce49814f9af8b26784ed8d3,"[{'userID': 1826, 'milesRequested': 100, 'WhPerMile': 400, 'minutesAvailable': 720, 'modifiedAt': 'Sun, 05 May 2019 09:22:50 GMT', 'paymentRequired': True, 'requestedDeparture': 'Sun, 05 May 2019 21:22:38 GMT', 'kWhRequested': 40.0}]",000001826,2_39_79_377_2019-05-05 09:22:37.577213,2-39-79-377,CA-325,0002,0039,2019-05-05 02:22:38-07:00,2019-05-07 17:11:38-07:00,14.062,2019-05-05 08:48:24-07:00,America/Los_Angeles
5ce49814f9af8b26784ed8d4,"[{'userID': 743, 'milesRequested': 20, 'WhPerMile': 400, 'minutesAvailable': 62, 'modifiedAt': 'Sun, 05 May 2019 15:53:26 GMT', 'paymentRequired': True, 'requestedDeparture': 'Sun, 05 May 2019 16:54:14 GMT', 'kWhRequested': 8.0}]",000000743,2_39_91_437_2019-05-05 15:52:14.019221,2-39-91-437,CA-317,0002,0039,2019-05-05 08:52:14-07:00,2019-05-05 10:20:07-07:00,1.418,2019-05-05 09:27:18-07:00,America/Los_Angeles
5ce49814f9af8b26784ed8d5,"[{'userID': 291, 'milesRequested': 160, 'WhPerMile': 250, 'minutesAvailable': 304, 'modifiedAt': 'Sun, 05 May 2019 16:52:52 GMT', 'paymentRequired': True, 'requestedDeparture': 'Sun, 05 May 2019 21:56:24 GMT', 'kWhRequested': 40.0}, {'userID': 291, 'milesRequested': 160, 'WhPerMile': 250, 'minutesAvailable': 304, 'modifiedAt': 'Sun, 05 May 2019 17:16:44 GMT', 'paymentRequired': True, 'requestedDeparture': 'Sun, 05 May 2019 21:56:24 GMT', 'kWhRequested': 40.0}, {'userID': 291, 'milesRequested': 160, 'WhPerMile': 250, 'minutesAvailable': 304, 'modifiedAt': 'Sun, 05 May 2019 20:27:07 GMT', 'paymentRequired': True, 'requestedDeparture': 'Sun, 05 May 2019 21:56:24 GMT', 'kWhRequested': 40.0}, {'userID': 291, 'milesRequested': 160, 'WhPerMile': 250, 'minutesAvailable': 393, 'modifiedAt': 'Sun, 05 May 2019 22:29:31 GMT', 'paymentRequired': True, 'requestedDeparture': 'Sun, 05 May 2019 23:25:24 GMT', 'kWhRequested': 40.0}, {'userID': 291, 'milesRequested': 160, 'WhPerMile': 250, 'minutesAvailable': 393, 'modifiedAt': 'Sun, 05 May 2019 22:30:22 GMT', 'paymentRequired': True, 'requestedDeparture': 'Sun, 05 May 2019 23:25:24 GMT', 'kWhRequested': 40.0}, {'userID': 291, 'milesRequested': 160, 'WhPerMile': 250, 'minutesAvailable': 393, 'modifiedAt': 'Sun, 05 May 2019 23:09:48 GMT', 'paymentRequired': True, 'requestedDeparture': 'Sun, 05 May 2019 23:25:24 GMT', 'kWhRequested': 40.0}, {'userID': 291, 'milesRequested': 160, 'WhPerMile': 250, 'minutesAvailable': 436, 'modifiedAt': 'Sun, 05 May 2019 23:13:09 GMT', 'paymentRequired': True, 'requestedDeparture': 'Mon, 06 May 2019 00:08:24 GMT', 'kWhRequested': 40.0}, {'userID': 291, 'milesRequested': 160, 'WhPerMile': 250, 'minutesAvailable': 436, 'modifiedAt': 'Mon, 06 May 2019 00:08:58 GMT', 'paymentRequired': True, 'requestedDeparture': 'Mon, 06 May 2019 00:08:24 GMT', 'kWhRequested': 40.0}]",000000291,2_39_127_19_2019-05-05 16:52:24.210678,2-39-127-19,CA-309,0002,0039,2019-05-05 09:52:24-07:00,2019-05-05 17:29:12-07:00,39.343,2019-05-05 15:45:33-07:00,America/Los_Angeles
5ce49814f9af8b26784ed8d6,"[{'userID': 1083, 'milesRequested': 20, 'WhPerMile': 400, 'minutesAvailable': 123, 'modifiedAt': 'Sun, 05 May 2019 17:33:25 GMT', 'paymentRequired': True, 'requestedDeparture': 'Sun, 05 May 2019 19:36:08 GMT', 'kWhRequested': 8.0}]",000001083,2_39_79_379_2019-05-05 17:33:07.986705,2-39-79-379,CA-327,0002,0039,2019-05-05 10:33:08-07:00,2019-05-05 13:45:22-07:00,6.247,2019-05-05 12:35:21-07:00,America/Los_Angeles
5ce49814f9af8b26784ed8d7,"[{'userID': 850, 'milesRequested': 100, 'WhPerMile': 300, 'minutesAvailable': 720, 'modifiedAt': 'Sun, 05 May 2019 18:47:30 GMT', 'paymentRequired': True, 'requestedDeparture': 'Mon, 06 May 2019 06:46:47 GMT', 'kWhRequested': 30.0}]",000000850,2_39_92_442_2019-05-05 18:46:46.938907,2-39-92-442,CA-498,0002,0039,2019-05-05 11:46:47-07:00,2019-05-05 16:24:44-07:00,11.892,2019-05-05 13:42:02-07:00,America/Los_Angeles
5ce49814f9af8b26784ed8d8,"[{'userID': 248, 'milesRequested': 100, 'WhPerMile': 250, 'minutesAvailable': 308, 'modifiedAt': 'Sun, 05 May 2019 18:52:17 GMT', 'paymentRequired': True, 'requestedDeparture': 'Sun, 05 May 2019 23:59:38 GMT', 'kWhRequested': 25.0}]",000000248,2_39_78_366_2019-05-05 18:51:37.990711,2-39-78-366,CA-323,0002,0039,2019-05-05 11:51:38-07:00,2019-05-05 16:57:10-07:00,20.609,2019-05-05 15:08:48-07:00,America/Los_Angeles
5ce49814f9af8b26784ed8d9,,,2_39_131_30_2019-05-05 19:10:40.815735,2-39-131-30,CA-305,0002,0039,2019-05-05 12:10:41-07:00,2019-05-05 12:59:09-07:00,0.963,2019-05-05 12:41:24-07:00,America/Los_Angeles
5ce49814f9af8b26784ed8da,"[{'userID': 1236, 'milesRequested': 20, 'WhPerMile': 400, 'minutesAvailable': 71, 'modifiedAt': 'Sun, 05 May 2019 20:31:52 GMT', 'paymentRequired': True, 'requestedDeparture': 'Sun, 05 May 2019 21:39:15 GMT', 'kWhRequested': 8.0}]",000001236,2_39_131_30_2019-05-05 20:28:14.793299,2-39-131-30,CA-305,0002,0039,2019-05-05 13:28:15-07:00,2019-05-05 15:07:57-07:00,5.349,2019-05-05 15:07:48-07:00,America/Los_Angeles
5ce49814f9af8b26784ed8db,"[{'userID': 2404, 'milesRequested': 20, 'WhPerMile': 250, 'minutesAvailable': 60, 'modifiedAt': 'Sun, 05 May 2019 23:07:21 GMT', 'paymentRequired': True, 'requestedDeparture': 'Sun, 05 May 2019 23:54:55 GMT', 'kWhRequested': 5.0}]",000002404,2_39_139_28_2019-05-05 22:54:54.882183,2-39-139-28,CA-303,0002,0039,2019-05-05 15:54:55-07:00,2019-05-05 19:05:31-07:00,4.691,2019-05-05 17:35:04-07:00,America/Los_Angeles
5ce49814f9af8b26784ed8dc,"[{'userID': 243, 'milesRequested': 80, 'WhPerMile': 200, 'minutesAvailable': 61, 'modifiedAt': 'Mon, 06 May 2019 00:38:47 GMT', 'paymentRequired': True, 'requestedDeparture': 'Mon, 06 May 2019 01:39:47 GMT', 'kWhRequested': 16.0}]",000000243,2_39_126_20_2019-05-06 00:38:39.918068,2-39-126-20,CA-310,0002,0039,2019-05-05 17:38:47-07:00,2019-05-05 17:43:54-07:00,0.574,2019-05-05 17:43:50-07:00,America/Los_Angeles
5ce49814f9af8b26784ed8dd,"[{'userID': 243, 'milesRequested': 80, 'WhPerMile': 200, 'minutesAvailable': 61, 'modifiedAt': 'Mon, 06 May 2019 01:10:50 GMT', 'paymentRequired': True, 'requestedDeparture': 'Mon, 06 May 2019 02:11:22 GMT', 'kWhRequested': 16.0}]",000000243,2_39_126_20_2019-05-06 01:10:22.389181,2-39-126-20,CA-310,0002,0039,2019-05-05 18:10:22-07:00,2019-05-05 18:31:27-07:00,2.401,2019-05-05 18:31:23-07:00,America/Los_Angeles
5ce49814f9af8b26784ed8de,"[{'userID': 1099, 'milesRequested': 80, 'WhPerMile': 438, 'minutesAvailable': 176, 'modifiedAt': 'Mon, 06 May 2019 02:10:00 GMT', 'paymentRequired': True, 'requestedDeparture': 'Mon, 06 May 2019 05:04:35 GMT', 'kWhRequested': 35.04}, {'userID': 1099, 'milesRequested': 80, 'WhPerMile': 438, 'minutesAvailable': 176, 'modifiedAt': 'Mon, 06 May 2019 02:10:22 GMT', 'paymentRequired': True, 'requestedDeparture': 'Mon, 06 May 2019 05:04:35 GMT', 'kWhRequested': 35.04}, {'userID': 1099, 'milesRequested': 80, 'WhPerMile': 438, 'minutesAvailable': 150, 'modifiedAt': 'Mon, 06 May 2019 02:10:43 GMT', 'paymentRequired': True, 'requestedDeparture': 'Mon, 06 May 2019 04:38:35 GMT', 'kWhRequested': 35.04}]",000001099,2_39_127_19_2019-05-06 02:08:34.544085,2-39-127-19,CA-309,0002,0039,2019-05-05 19:08:35-07:00,2019-05-05 22:21:32-07:00,16.264,2019-05-05 22:21:24-07:00,America/Los_Angeles
5ce5e99ff9af8b325aae4bce,"[{'userID': 560, 'milesRequested': 80, 'WhPerMile': 273, 'minutesAvailable': 304, 'modifiedAt': 'Mon, 06 May 2019 13:38:27 GMT', 'paymentRequired': True, 'requestedDeparture': 'Mon, 06 May 2019 18:42:13 GMT', 'kWhRequested': 21.84}]",000000560,2_39_88_24_2019-05-06 13:38:12.798997,2-39-88-24,CA-314,0002,0039,2019-05-06 06:38:13-07:00,2019-05-06 11:38:53-07:00,18.729,2019-05-06 10:21:35-07:00,America/Los_Angeles
5ce5e99ff9af8b325aae4bcf,"[{'userID': 1083, 'milesRequested': 20, 'WhPerMile': 400, 'minutesAvailable': 123, 'modifiedAt': 'Mon, 06 May 2019 14:14:41 GMT', 'paymentRequired': True, 'requestedDeparture': 'Mon, 06 May 2019 16:17:27 GMT', 'kWhRequested': 8.0}]",000001083,2_39_79_379_2019-05-06 14:14:27.028419,2-39-79-379,CA-327,0002,0039,2019-05-06 07:14:27-07:00,2019-05-06 19:26:45-07:00,2.809,2019-05-06 09:14:50-07:00,America/Los_Angeles
5ce5e99ff9af8b325aae4bd0,"[{'userID': 569, 'milesRequested': 170, 'WhPerMile': 300, 'minutesAvailable': 529, 'modifiedAt': 'Mon, 06 May 2019 14:15:17 GMT', 'paymentRequired': True, 'requestedDeparture': 'Mon, 06 May 2019 23:03:54 GMT', 'kWhRequested': 51.0}]",000000569,2_39_78_366_2019-05-06 14:14:53.586826,2-39-78-366,CA-323,0002,0039,2019-05-06 07:14:54-07:00,2019-05-06 18:03:56-07:00,35.387,2019-05-06 17:19:30-07:00,America/Los_Angeles
5ce5e99ff9af8b325aae4bd1,"[{'userID': 632, 'milesRequested': 40, 'WhPerMile': 400, 'minutesAvailable': 252, 'modifiedAt': 'Mon, 06 May 2019 15:22:05 GMT', 'paymentRequired': True, 'requestedDeparture': 'Mon, 06 May 2019 19:33:50 GMT', 'kWhRequested': 16.0}]",000000632,2_39_79_383_2019-05-06 15:21:50.320614,2-39-79-383,CA-492,0002,0039,2019-05-06 08:21:50-07:00,2019-05-06 11:31:51-07:00,10.91,2019-05-06 11:31:46-07:00,America/Los_Angeles
5ce5e99ff9af8b325aae4bd2,"[{'userID': 712, 'milesRequested': 30, 'WhPerMile': 600, 'minutesAvailable': 275, 'modifiedAt': 'Mon, 06 May 2019 15:36:33 GMT', 'paymentRequired': True, 'requestedDeparture': 'Mon, 06 May 2019 20:11:27 GMT', 'kWhRequested': 18.0}]",000000712,2_39_131_30_2019-05-06 15:36:27.191936,2-39-131-30,CA-305,0002,0039,2019-05-06 08:36:27-07:00,2019-05-06 12:10:17-07:00,10.318,2019-05-06 11:36:31-07:00,America/Los_Angeles
5ce5e99ff9af8b325aae4bd3,"[{'userID': 945, 'milesRequested': 50, 'WhPerMile': 600, 'minutesAvailable': 555, 'modifiedAt': 'Mon, 06 May 2019 15:44:31 GMT', 'paymentRequired': True, 'requestedDeparture': 'Tue, 07 May 2019 00:59:19 GMT', 'kWhRequested': 30.0}]",000000945,2_39_95_27_2019-05-06 15:44:18.916411,2-39-95-27,CA-319,0002,0039,2019-05-06 08:44:19-07:00,2019-05-06 18:24:43-07:00,13.273,2019-05-06 10:46:36-07:00,America/Los_Angeles
5ce5e99ff9af8b325aae4bd4,"[{'userID': 1524, 'milesRequested': 50, 'WhPerMile': 400, 'minutesAvailable': 204, 'modifiedAt': 'Mon, 06 May 2019 15:59:21 GMT', 'paymentRequired': True, 'requestedDeparture': 'Mon, 06 May 2019 19:18:08 GMT', 'kWhRequested': 20.0}]",000001524,2_39_78_367_2019-05-06 15:54:08.068297,2-39-78-367,CA-494,0002,0039,2019-05-06 08:54:08-07:00,2019-05-06 14:18:50-07:00,16.359,2019-05-06 14:01:02-07:00,America/Los_Angeles
5ce5e99ff9af8b325aae4bd5,,,2_39_79_378_2019-05-06 15:54:41.525628,2-39-79-378,CA-326,0002,0039,2019-05-06 08:54:42-07:00,2019-05-06 18:00:45-07:00,1.404,2019-05-06 18:00:11-07:00,America/Los_Angeles
5ce5e99ff9af8b325aae4bd6,"[{'userID': 1104, 'milesRequested': 120, 'WhPerMile': 250, 'minutesAvailable': 490, 'modifiedAt': 'Mon, 06 May 2019 15:57:54 GMT', 'paymentRequired': True, 'requestedDeparture': 'Tue, 07 May 2019 00:06:56 GMT', 'kWhRequested': 30.0}]",000001104,2_39_92_442_2019-05-06 15:56:56.110904,2-39-92-442,CA-498,0002,0039,2019-05-06 08:56:56-07:00,2019-05-06 17:39:28-07:00,19.916,2019-05-06 12:01:52-07:00,America/Los_Angeles
5ce5e99ff9af8b325aae4bd7,"[{'userID': 567, 'milesRequested': 20, 'WhPerMile': 333, 'minutesAvailable': 425, 'modifiedAt': 'Mon, 06 May 2019 16:06:25 GMT', 'paymentRequired': True, 'requestedDeparture': 'Mon, 06 May 2019 23:11:20 GMT', 'kWhRequested': 6.66}]",000000567,2_39_139_28_2019-05-06 16:06:19.825120,2-39-139-28,CA-303,0002,0039,2019-05-06 09:06:20-07:00,2019-05-06 19:10:38-07:00,3.685,2019-05-06 10:19:21-07:00,America/Los_Angeles
5ce5e99ff9af8b325aae4bd8,"[{'userID': 1481, 'milesRequested': 20, 'WhPerMile': 400, 'minutesAvailable': 61, 'modifiedAt': 'Mon, 06 May 2019 16:10:53 GMT', 'paymentRequired': True, 'requestedDeparture': 'Mon, 06 May 2019 17:10:25 GMT', 'kWhRequested': 8.0}]",000001481,2_39_129_17_2019-05-06 16:09:25.240309,2-39-129-17,CA-307,0002,0039,2019-05-06 09:09:25-07:00,2019-05-06 11:07:27-07:00,3.882,2019-05-06 10:21:20-07:00,America/Los_Angeles
5ce5e99ff9af8b325aae4bd9,"[{'userID': 1470, 'milesRequested': 40, 'WhPerMile': 292, 'minutesAvailable': 237, 'modifiedAt': 'Mon, 06 May 2019 16:14:59 GMT', 'paymentRequired': True, 'requestedDeparture': 'Mon, 06 May 2019 20:11:35 GMT', 'kWhRequested': 11.68}]",000001470,2_39_78_365_2019-05-06 16:14:34.837175,2-39-78-365,CA-321,0002,0039,2019-05-06 09:14:35-07:00,2019-05-06 16:47:33-07:00,6.269,2019-05-06 15:00:48-07:00,America/Los_Angeles
5ce5e99ff9af8b325aae4bda,"[{'userID': 2354, 'milesRequested': 20, 'WhPerMile': 400, 'minutesAvailable': 60, 'modifiedAt': 'Mon, 06 May 2019 16:31:03 GMT', 'paymentRequired': True, 'requestedDeparture': 'Mon, 06 May 2019 17:19:15 GMT', 'kWhRequested': 8.0}]",000002354,2_39_127_19_2019-05-06 16:19:15.140380,2-39-127-19,CA-309,0002,0039,2019-05-06 09:19:15-07:00,2019-05-06 10:46:40-07:00,7.588,2019-05-06 10:46:36-07:00,America/Los_Angeles
5ce5e99ff9af8b325aae4bdb,"[{'userID': 1534, 'milesRequested': 50, 'WhPerMile': 250, 'minutesAvailable': 404, 'modifiedAt': 'Mon, 06 May 2019 16:23:09 GMT', 'paymentRequired': True, 'requestedDeparture': 'Mon, 06 May 2019 23:05:43 GMT', 'kWhRequested': 12.5}]",000001534,2_39_124_558_2019-05-06 16:21:42.771770,2-39-124-558,CA-504,0002,0039,2019-05-06 09:21:43-07:00,2019-05-06 15:56:11-07:00,11.91,2019-05-06 12:58:26-07:00,America/Los_Angeles
5ce5e99ff9af8b325aae4bdc,"[{'userID': 562, 'milesRequested': 20, 'WhPerMile': 400, 'minutesAvailable': 211, 'modifiedAt': 'Mon, 06 May 2019 16:22:39 GMT', 'paymentRequired': True, 'requestedDeparture': 'Mon, 06 May 2019 19:53:22 GMT', 'kWhRequested': 8.0}]",000000562,2_39_123_23_2019-05-06 16:22:21.991037,2-39-123-23,CA-313,0002,0039,2019-05-06 09:22:22-07:00,2019-05-06 18:32:25-07:00,4.58,2019-05-06 10:48:36-07:00,America/Los_Angeles
5ce5e99ff9af8b325aae4bdd,"[{'userID': 743, 'milesRequested': 20, 'WhPerMile': 400, 'minutesAvailable': 471, 'modifiedAt': 'Mon, 06 May 2019 16:23:08 GMT', 'paymentRequired': True, 'requestedDeparture': 'Tue, 07 May 2019 00:13:37 GMT', 'kWhRequested': 8.0}]",000000743,2_39_89_25_2019-05-06 16:22:37.111148,2-39-89-25,CA-315,0002,0039,2019-05-06 09:22:37-07:00,2019-05-06 17:11:45-07:00,4.556,2019-05-06 11:06:03-07:00,America/Los_Angeles
5ce5e99ff9af8b325aae4bde,"[{'userID': 620, 'milesRequested': 20, 'WhPerMile': 500, 'minutesAvailable': 384, 'modifiedAt': 'Mon, 06 May 2019 16:38:19 GMT', 'paymentRequired': True, 'requestedDeparture': 'Mon, 06 May 2019 23:01:18 GMT', 'kWhRequested': 10.0}]",000000620,2_39_90_26_2019-05-06 16:37:18.264898,2-39-90-26,CA-316,0002,0039,2019-05-06 09:37:18-07:00,2019-05-06 17:02:44-07:00,5.742,2019-05-06 11:47:24-07:00,America/Los_Angeles
5ce5e99ff9af8b325aae4bdf,"[{'userID': 558, 'milesRequested': 70, 'WhPerMile': 200, 'minutesAvailable': 539, 'modifiedAt': 'Mon, 06 May 2019 16:59:32 GMT', 'paymentRequired': True, 'requestedDeparture': 'Tue, 07 May 2019 01:58:29 GMT', 'kWhRequested': 14.0}]",000000558,2_39_91_437_2019-05-06 16:59:29.274505,2-39-91-437,CA-317,0002,0039,2019-05-06 09:59:29-07:00,2019-05-06 19:13:05-07:00,13.435,2019-05-06 12:11:10-07:00,America/Los_Angeles
5ce5e99ff9af8b325aae4be0,"[{'userID': 1095, 'milesRequested': 30, 'WhPerMile': 469, 'minutesAvailable': 448, 'modifiedAt': 'Mon, 06 May 2019 17:03:19 GMT', 'paymentRequired': True, 'requestedDeparture': 'Tue, 07 May 2019 00:31:14 GMT', 'kWhRequested': 14.07}]",000001095,2_39_90_440_2019-05-06 17:03:13.894416,2-39-90-440,CA-500,0002,0039,2019-05-06 10:03:14-07:00,2019-05-06 16:26:01-07:00,10.93,2019-05-06 11:53:14-07:00,America/Los_Angeles
5ce5e99ff9af8b325aae4be1,"[{'userID': 324, 'milesRequested': 20, 'WhPerMile': 600, 'minutesAvailable': 164, 'modifiedAt': 'Mon, 06 May 2019 17:05:35 GMT', 'paymentRequired': True, 'requestedDeparture': 'Mon, 06 May 2019 19:49:28 GMT', 'kWhRequested': 12.0}]",000000324,2_39_92_436_2019-05-06 17:05:28.356690,2-39-92-436,CA-318,0002,0039,2019-05-06 10:05:28-07:00,2019-05-06 20:27:50-07:00,2.008,2019-05-06 11:09:01-07:00,America/Los_Angeles
5ce5e99ff9af8b325aae4be2,"[{'userID': 234, 'milesRequested': 100, 'WhPerMile': 250, 'minutesAvailable': 461, 'modifiedAt': 'Mon, 06 May 2019 17:37:49 GMT', 'paymentRequired': True, 'requestedDeparture': 'Tue, 07 May 2019 01:18:17 GMT', 'kWhRequested': 25.0}]",000000234,2_39_79_380_2019-05-06 17:37:17.440202,2-39-79-380,CA-489,0002,0039,2019-05-06 10:37:17-07:00,2019-05-06 18:28:48-07:00,24.871,2019-05-06 15:34:09-07:00,America/Los_Angeles
5ce5e99ff9af8b325aae4be3,"[{'userID': 858, 'milesRequested': 20, 'WhPerMile': 400, 'minutesAvailable': 223, 'modifiedAt': 'Mon, 06 May 2019 17:40:57 GMT', 'paymentRequired': True, 'requestedDeparture': 'Mon, 06 May 2019 21:23:19 GMT', 'kWhRequested': 8.0}]",000000858,2_39_124_22_2019-05-06 17:40:18.761496,2-39-124-22,CA-312,0002,0039,2019-05-06 10:40:19-07:00,2019-05-06 14:27:02-07:00,6.623,2019-05-06 12:43:31-07:00,America/Los_Angeles
5ce5e99ff9af8b325aae4be4,"[{'userID': 1208, 'milesRequested': 130, 'WhPerMile': 400, 'minutesAvailable': 350, 'modifiedAt': 'Mon, 06 May 2019 17:52:31 GMT', 'paymentRequired': True, 'requestedDeparture': 'Mon, 06 May 2019 23:39:58 GMT', 'kWhRequested': 52.0}]",000001208,2_39_79_382_2019-05-06 17:49:58.241918,2-39-79-382,CA-491,0002,0039,2019-05-06 10:49:58-07:00,2019-05-06 15:45:25-07:00,32.489,2019-05-06 15:45:19-07:00,America/Los_Angeles
5ce5e99ff9af8b325aae4be5,"[{'userID': 69, 'milesRequested': 100, 'WhPerMile': 300, 'minutesAvailable': 310, 'modifiedAt': 'Mon, 06 May 2019 18:05:51 GMT', 'paymentRequired': True, 'requestedDeparture': 'Mon, 06 May 2019 23:15:26 GMT', 'kWhRequested': 30.0}]",000000069,2_39_89_439_2019-05-06 18:05:26.404915,2-39-89-439,CA-501,0002,0039,2019-05-06 11:05:26-07:00,2019-05-06 17:41:37-07:00,11.348,2019-05-06 12:57:17-07:00,America/Los_Angeles
5ce5e99ff9af8b325aae4be6,"[{'userID': 1953, 'milesRequested': 20, 'WhPerMile': 400, 'minutesAvailable': 280, 'modifiedAt': 'Mon, 06 May 2019 18:33:02 GMT', 'paymentRequired': True, 'requestedDeparture': 'Mon, 06 May 2019 23:12:00 GMT', 'kWhRequested': 8.0}]",000001953,2_39_88_438_2019-05-06 18:31:59.644044,2-39-88-438,CA-502,0002,0039,2019-05-06 11:32:00-07:00,2019-05-06 17:13:08-07:00,7.873,2019-05-06 12:47:40-07:00,America/Los_Angeles
5ce5e99ff9af8b325aae4be7,"[{'userID': 1120, 'milesRequested': 60, 'WhPerMile': 375, 'minutesAvailable': 280, 'modifiedAt': 'Mon, 06 May 2019 18:50:15 GMT', 'paymentRequired': True, 'requestedDeparture': 'Mon, 06 May 2019 23:29:41 GMT', 'kWhRequested': 22.5}]",000001120,2_39_79_376_2019-05-06 18:49:41.150384,2-39-79-376,CA-324,0002,0039,2019-05-06 11:49:41-07:00,2019-05-06 17:09:16-07:00,12.843,2019-05-06 14:13:34-07:00,America/Los_Angeles
5ce5e99ff9af8b325aae4be8,"[{'userID': 560, 'milesRequested': 20, 'WhPerMile': 273, 'minutesAvailable': 304, 'modifiedAt': 'Mon, 06 May 2019 18:58:50 GMT', 'paymentRequired': True, 'requestedDeparture': 'Tue, 07 May 2019 00:02:32 GMT', 'kWhRequested': 5.46}]",000000560,2_39_88_24_2019-05-06 18:58:31.663491,2-39-88-24,CA-314,0002,0039,2019-05-06 11:58:32-07:00,2019-05-06 14:54:05-07:00,1.739,2019-05-06 12:53:29-07:00,America/Los_Angeles
5ce5e99ff9af8b325aae4be9,"[{'userID': 1124, 'milesRequested': 20, 'WhPerMile': 450, 'minutesAvailable': 60, 'modifiedAt': 'Mon, 06 May 2019 19:29:46 GMT', 'paymentRequired': True, 'requestedDeparture': 'Mon, 06 May 2019 20:29:41 GMT', 'kWhRequested': 9.0}]",000001124,2_39_78_360_2019-05-06 19:29:40.920822,2-39-78-360,CA-322,0002,0039,2019-05-06 12:29:41-07:00,2019-05-06 19:36:06-07:00,6.477,2019-05-06 14:33:45-07:00,America/Los_Angeles
5ce5e99ff9af8b325aae4bea,"[{'userID': 632, 'milesRequested': 40, 'WhPerMile': 400, 'minutesAvailable': 252, 'modifiedAt': 'Mon, 06 May 2019 19:32:58 GMT', 'paymentRequired': True, 'requestedDeparture': 'Mon, 06 May 2019 23:44:53 GMT', 'kWhRequested': 16.0}]",000000632,2_39_78_361_2019-05-06 19:32:53.389311,2-39-78-361,CA-493,0002,0039,2019-05-06 12:32:53-07:00,2019-05-06 13:16:11-07:00,1.572,2019-05-06 13:16:08-07:00,America/Los_Angeles
5ce5e99ff9af8b325aae4beb,"[{'userID': 752, 'milesRequested': 30, 'WhPerMile': 425, 'minutesAvailable': 440, 'modifiedAt': 'Mon, 06 May 2019 20:05:02 GMT', 'paymentRequired': True, 'requestedDeparture': 'Tue, 07 May 2019 03:24:09 GMT', 'kWhRequested': 12.75}]",000000752,2_39_83_386_2019-05-06 20:04:09.327067,2-39-83-386,CA-212,0002,0039,2019-05-06 13:04:09-07:00,2019-05-06 17:06:14-07:00,5.386,2019-05-06 14:49:53-07:00,America/Los_Angeles
5ce5e99ff9af8b325aae4bec,,,2_39_78_361_2019-05-06 20:33:40.430734,2-39-78-361,CA-493,0002,0039,2019-05-06 13:33:40-07:00,2019-05-06 17:22:56-07:00,1.008,2019-05-06 16:58:04-07:00,America/Los_Angeles
5ce5e99ff9af8b325aae4bed,,,2_39_129_17_2019-05-06 20:41:55.185184,2-39-129-17,CA-307,0002,0039,2019-05-06 13:41:55-07:00,2019-05-06 14:16:56-07:00,0.907,2019-05-06 14:12:35-07:00,America/Los_Angeles
5ce5e99ff9af8b325aae4bee,"[{'userID': 1864, 'milesRequested': 30, 'WhPerMile': 333, 'minutesAvailable': 200, 'modifiedAt': 'Mon, 06 May 2019 21:09:34 GMT', 'paymentRequired': True, 'requestedDeparture': 'Tue, 07 May 2019 00:29:34 GMT', 'kWhRequested': 9.99}]",000001864,2_39_78_363_2019-05-06 21:09:32.615138,2-39-78-363,CA-320,0002,0039,2019-05-06 14:09:34-07:00,2019-05-06 18:04:39-07:00,5.676,2019-05-06 16:51:32-07:00,America/Los_Angeles
5ce5e99ff9af8b325aae4bef,"[{'userID': 668, 'milesRequested': 20, 'WhPerMile': 400, 'minutesAvailable': 199, 'modifiedAt': 'Mon, 06 May 2019 21:16:14 GMT', 'paymentRequired': True, 'requestedDeparture': 'Tue, 07 May 2019 00:35:02 GMT', 'kWhRequested': 8.0}]",000000668,2_39_78_364_2019-05-06 21:16:01.930195,2-39-78-364,CA-495,0002,0039,2019-05-06 14:16:02-07:00,2019-05-06 15:57:32-07:00,7.867,2019-05-06 15:38:43-07:00,America/Los_Angeles
5ce5e99ff9af8b325aae4bf0,"[{'userID': 774, 'milesRequested': 20, 'WhPerMile': 400, 'minutesAvailable': 60, 'modifiedAt': 'Mon, 06 May 2019 23:33:03 GMT', 'paymentRequired': True, 'requestedDeparture': 'Tue, 07 May 2019 00:32:58 GMT', 'kWhRequested': 8.0}]",000000774,2_39_125_21_2019-05-06 23:32:58.144607,2-39-125-21,CA-311,0002,0039,2019-05-06 16:32:58-07:00,2019-05-06 17:57:02-07:00,4.783,2019-05-06 17:56:58-07:00,America/Los_Angeles
5ce5e99ff9af8b325aae4bf1,"[{'userID': 1164, 'milesRequested': 20, 'WhPerMile': 525, 'minutesAvailable': 236, 'modifiedAt': 'Tue, 07 May 2019 01:39:49 GMT', 'paymentRequired': True, 'requestedDeparture': 'Tue, 07 May 2019 05:35:18 GMT', 'kWhRequested': 10.5}]",000001164,2_39_138_29_2019-05-07 01:39:17.643064,2-39-138-29,CA-304,0002,0039,2019-05-06 18:39:18-07:00,2019-05-06 19:42:09-07:00,3.487,2019-05-06 19:42:06-07:00,America/Los_Angeles
5ce5e99ff9af8b325aae4bf2,"[{'userID': 2192, 'milesRequested': 20, 'WhPerMile': 600, 'minutesAvailable': 82, 'modifiedAt': 'Tue, 07 May 2019 03:10:07 GMT', 'paymentRequired': True, 'requestedDeparture': 'Tue, 07 May 2019 04:31:13 GMT', 'kWhRequested': 12.0}]",000002192,2_39_139_28_2019-05-07 03:09:12.700904,2-39-139-28,CA-303,0002,0039,2019-05-06 20:09:13-07:00,2019-05-06 21:30:00-07:00,4.988,2019-05-06 20:58:43-07:00,America/Los_Angeles
5ce5e99ff9af8b325aae4bf3,"[{'userID': 1222, 'milesRequested': 20, 'WhPerMile': 400, 'minutesAvailable': 72, 'modifiedAt': 'Tue, 07 May 2019 03:43:48 GMT', 'paymentRequired': True, 'requestedDeparture': 'Tue, 07 May 2019 04:55:34 GMT', 'kWhRequested': 8.0}]",000001222,2_39_95_27_2019-05-07 03:43:33.567939,2-39-95-27,CA-319,0002,0039,2019-05-06 20:43:34-07:00,2019-05-06 23:13:15-07:00,6.17,2019-05-06 22:42:30-07:00,America/Los_Angeles
5ce73b25f9af8b385abe7108,"[{'userID': 560, 'milesRequested': 70, 'WhPerMile': 273, 'minutesAvailable': 304, 'modifiedAt': 'Tue, 07 May 2019 13:31:57 GMT', 'paymentRequired': True, 'requestedDeparture': 'Tue, 07 May 2019 18:35:47 GMT', 'kWhRequested': 19.11}]",000000560,2_39_88_24_2019-05-07 13:31:46.536621,2-39-88-24,CA-314,0002,0039,2019-05-07 06:31:47-07:00,2019-05-07 11:52:13-07:00,19.017,2019-05-07 10:12:11-07:00,America/Los_Angeles
5ce73b25f9af8b385abe7109,"[{'userID': 569, 'milesRequested': 50, 'WhPerMile': 300, 'minutesAvailable': 529, 'modifiedAt': 'Tue, 07 May 2019 14:17:17 GMT', 'paymentRequired': True, 'requestedDeparture': 'Tue, 07 May 2019 23:06:12 GMT', 'kWhRequested': 15.0}]",000000569,2_39_78_366_2019-05-07 14:17:11.546725,2-39-78-366,CA-323,0002,0039,2019-05-07 07:17:12-07:00,2019-05-07 17:23:17-07:00,6.058,2019-05-07 17:09:16-07:00,America/Los_Angeles
5ce73b25f9af8b385abe710a,"[{'userID': 1083, 'milesRequested': 20, 'WhPerMile': 400, 'minutesAvailable': 123, 'modifiedAt': 'Tue, 07 May 2019 14:18:20 GMT', 'paymentRequired': True, 'requestedDeparture': 'Tue, 07 May 2019 16:21:02 GMT', 'kWhRequested': 8.0}]",000001083,2_39_79_379_2019-05-07 14:18:02.503838,2-39-79-379,CA-327,0002,0039,2019-05-07 07:18:02-07:00,2019-05-07 17:14:12-07:00,3.555,2019-05-07 08:25:33-07:00,America/Los_Angeles
5ce73b25f9af8b385abe710b,"[{'userID': 676, 'milesRequested': 60, 'WhPerMile': 364, 'minutesAvailable': 473, 'modifiedAt': 'Tue, 07 May 2019 14:34:46 GMT', 'paymentRequired': True, 'requestedDeparture': 'Tue, 07 May 2019 22:27:37 GMT', 'kWhRequested': 21.84}]",000000676,2_39_79_378_2019-05-07 14:34:36.946702,2-39-79-378,CA-326,0002,0039,2019-05-07 07:34:37-07:00,2019-05-07 20:46:30-07:00,15.897,2019-05-07 13:28:17-07:00,America/Los_Angeles
5ce73b25f9af8b385abe710c,"[{'userID': 858, 'milesRequested': 20, 'WhPerMile': 400, 'minutesAvailable': 223, 'modifiedAt': 'Tue, 07 May 2019 15:04:13 GMT', 'paymentRequired': True, 'requestedDeparture': 'Tue, 07 May 2019 18:47:06 GMT', 'kWhRequested': 8.0}]",000000858,2_39_125_21_2019-05-07 15:04:05.834357,2-39-125-21,CA-311,0002,0039,2019-05-07 08:04:06-07:00,2019-05-07 16:50:34-07:00,3.158,2019-05-07 09:07:36-07:00,America/Los_Angeles
5ce73b25f9af8b385abe710d,"[{'userID': 559, 'milesRequested': 50, 'WhPerMile': 313, 'minutesAvailable': 506, 'modifiedAt': 'Tue, 07 May 2019 15:29:36 GMT', 'paymentRequired': True, 'requestedDeparture': 'Tue, 07 May 2019 23:54:25 GMT', 'kWhRequested': 15.65}]",000000559,2_39_139_28_2019-05-07 15:28:25.040499,2-39-139-28,CA-303,0002,0039,2019-05-07 08:28:25-07:00,2019-05-07 17:23:53-07:00,12.736,2019-05-07 12:11:51-07:00,America/Los_Angeles
5ce73b25f9af8b385abe710e,,,2_39_79_380_2019-05-07 15:34:04.071362,2-39-79-380,CA-489,0002,0039,2019-05-07 08:34:04-07:00,2019-05-07 17:36:38-07:00,0.841,2019-05-07 12:11:00-07:00,America/Los_Angeles
5ce73b25f9af8b385abe710f,"[{'userID': 945, 'milesRequested': 50, 'WhPerMile': 600, 'minutesAvailable': 555, 'modifiedAt': 'Tue, 07 May 2019 15:39:23 GMT', 'paymentRequired': True, 'requestedDeparture': 'Wed, 08 May 2019 00:53:35 GMT', 'kWhRequested': 30.0}]",000000945,2_39_78_363_2019-05-07 15:38:34.896360,2-39-78-363,CA-320,0002,0039,2019-05-07 08:38:35-07:00,2019-05-07 16:13:53-07:00,13.846,2019-05-07 14:30:03-07:00,America/Los_Angeles
5ce73b25f9af8b385abe7110,"[{'userID': 324, 'milesRequested': 20, 'WhPerMile': 600, 'minutesAvailable': 199, 'modifiedAt': 'Tue, 07 May 2019 15:43:00 GMT', 'paymentRequired': True, 'requestedDeparture': 'Tue, 07 May 2019 19:01:47 GMT', 'kWhRequested': 12.0}]",000000324,2_39_91_437_2019-05-07 15:42:46.782906,2-39-91-437,CA-317,0002,0039,2019-05-07 08:42:47-07:00,2019-05-07 17:32:01-07:00,2.214,2019-05-07 09:50:13-07:00,America/Los_Angeles
5ce73b25f9af8b385abe7111,"[{'userID': 714, 'milesRequested': 90, 'WhPerMile': 200, 'minutesAvailable': 364, 'modifiedAt': 'Tue, 07 May 2019 15:55:06 GMT', 'paymentRequired': True, 'requestedDeparture': 'Tue, 07 May 2019 21:58:49 GMT', 'kWhRequested': 18.0}]",000000714,2_39_79_381_2019-05-07 15:54:48.809060,2-39-79-381,CA-490,0002,0039,2019-05-07 08:54:49-07:00,2019-05-07 15:49:38-07:00,11.102,2019-05-07 13:05:49-07:00,America/Los_Angeles
5ce73b25f9af8b385abe7112,"[{'userID': 1957, 'milesRequested': 60, 'WhPerMile': 400, 'minutesAvailable': 453, 'modifiedAt': 'Tue, 07 May 2019 15:55:10 GMT', 'paymentRequired': True, 'requestedDeparture': 'Tue, 07 May 2019 23:27:53 GMT', 'kWhRequested': 24.0}]",000001957,2_39_79_382_2019-05-07 15:54:53.500492,2-39-79-382,CA-491,0002,0039,2019-05-07 08:54:53-07:00,2019-05-07 17:38:29-07:00,18.963,2019-05-07 14:19:12-07:00,America/Los_Angeles
5ce73b25f9af8b385abe7113,"[{'userID': 712, 'milesRequested': 30, 'WhPerMile': 600, 'minutesAvailable': 275, 'modifiedAt': 'Tue, 07 May 2019 16:00:24 GMT', 'paymentRequired': True, 'requestedDeparture': 'Tue, 07 May 2019 20:35:21 GMT', 'kWhRequested': 18.0}]",000000712,2_39_129_17_2019-05-07 16:00:21.440025,2-39-129-17,CA-307,0002,0039,2019-05-07 09:00:21-07:00,2019-05-07 18:13:03-07:00,5.253,2019-05-07 10:32:10-07:00,America/Los_Angeles
5ce73b25f9af8b385abe7114,"[{'userID': 891, 'milesRequested': 20, 'WhPerMile': 300, 'minutesAvailable': 310, 'modifiedAt': 'Tue, 07 May 2019 16:07:38 GMT', 'paymentRequired': True, 'requestedDeparture': 'Tue, 07 May 2019 21:17:38 GMT', 'kWhRequested': 6.0}, {'userID': 891, 'milesRequested': 20, 'WhPerMile': 300, 'minutesAvailable': 310, 'modifiedAt': 'Tue, 07 May 2019 16:07:54 GMT', 'paymentRequired': True, 'requestedDeparture': 'Tue, 07 May 2019 21:17:38 GMT', 'kWhRequested': 6.0}]",000000891,2_39_89_25_2019-05-07 16:07:37.287403,2-39-89-25,CA-315,0002,0039,2019-05-07 09:07:38-07:00,2019-05-07 17:54:07-07:00,3.406,2019-05-07 10:31:53-07:00,America/Los_Angeles
5ce73b25f9af8b385abe7115,"[{'userID': 1104, 'milesRequested': 120, 'WhPerMile': 250, 'minutesAvailable': 490, 'modifiedAt': 'Tue, 07 May 2019 16:08:29 GMT', 'paymentRequired': True, 'requestedDeparture': 'Wed, 08 May 2019 00:18:12 GMT', 'kWhRequested': 30.0}]",000001104,2_39_79_383_2019-05-07 16:08:12.047206,2-39-79-383,CA-492,0002,0039,2019-05-07 09:08:12-07:00,2019-05-07 13:43:08-07:00,17.914,2019-05-07 13:43:03-07:00,America/Los_Angeles
5ce73b25f9af8b385abe7116,"[{'userID': 1470, 'milesRequested': 120, 'WhPerMile': 292, 'minutesAvailable': 404, 'modifiedAt': 'Tue, 07 May 2019 16:13:48 GMT', 'paymentRequired': True, 'requestedDeparture': 'Tue, 07 May 2019 22:57:41 GMT', 'kWhRequested': 35.04}, {'userID': 1470, 'milesRequested': 120, 'WhPerMile': 292, 'minutesAvailable': 404, 'modifiedAt': 'Tue, 07 May 2019 16:14:03 GMT', 'paymentRequired': True, 'requestedDeparture': 'Tue, 07 May 2019 22:57:41 GMT', 'kWhRequested': 35.04}]",000001470,2_39_95_27_2019-05-07 16:13:40.716988,2-39-95-27,CA-319,0002,0039,2019-05-07 09:13:41-07:00,2019-05-07 16:50:05-07:00,30.405,2019-05-07 13:43:01-07:00,America/Los_Angeles
5ce73b25f9af8b385abe7117,"[{'userID': 1120, 'milesRequested': 60, 'WhPerMile': 375, 'minutesAvailable': 430, 'modifiedAt': 'Tue, 07 May 2019 16:15:55 GMT', 'paymentRequired': True, 'requestedDeparture': 'Tue, 07 May 2019 23:24:55 GMT', 'kWhRequested': 22.5}]",000001120,2_39_78_360_2019-05-07 16:14:54.511520,2-39-78-360,CA-322,0002,0039,2019-05-07 09:14:55-07:00,2019-05-07 17:03:54-07:00,3.568,2019-05-07 10:03:37-07:00,America/Los_Angeles
5ce73b25f9af8b385abe7118,"[{'userID': 743, 'milesRequested': 20, 'WhPerMile': 400, 'minutesAvailable': 471, 'modifiedAt': 'Tue, 07 May 2019 16:16:40 GMT', 'paymentRequired': True, 'requestedDeparture': 'Wed, 08 May 2019 00:07:26 GMT', 'kWhRequested': 8.0}]",000000743,2_39_89_439_2019-05-07 16:16:26.247682,2-39-89-439,CA-501,0002,0039,2019-05-07 09:16:26-07:00,2019-05-07 17:26:20-07:00,3.529,2019-05-07 10:39:00-07:00,America/Los_Angeles
5ce73b25f9af8b385abe7119,"[{'userID': 567, 'milesRequested': 20, 'WhPerMile': 333, 'minutesAvailable': 425, 'modifiedAt': 'Tue, 07 May 2019 16:19:38 GMT', 'paymentRequired': True, 'requestedDeparture': 'Tue, 07 May 2019 23:24:33 GMT', 'kWhRequested': 6.66}]",000000567,2_39_123_23_2019-05-07 16:19:32.714612,2-39-123-23,CA-313,0002,0039,2019-05-07 09:19:33-07:00,2019-05-07 19:02:07-07:00,5.831,2019-05-07 11:04:53-07:00,America/Los_Angeles
5ce73b25f9af8b385abe711a,"[{'userID': 632, 'milesRequested': 40, 'WhPerMile': 400, 'minutesAvailable': 252, 'modifiedAt': 'Tue, 07 May 2019 16:27:39 GMT', 'paymentRequired': True, 'requestedDeparture': 'Tue, 07 May 2019 20:39:26 GMT', 'kWhRequested': 16.0}]",000000632,2_39_78_361_2019-05-07 16:27:25.527473,2-39-78-361,CA-493,0002,0039,2019-05-07 09:27:26-07:00,2019-05-07 14:06:19-07:00,14.128,2019-05-07 14:06:15-07:00,America/Los_Angeles
5ce73b25f9af8b385abe711b,"[{'userID': 1137, 'milesRequested': 70, 'WhPerMile': 400, 'minutesAvailable': 250, 'modifiedAt': 'Tue, 07 May 2019 16:38:52 GMT', 'paymentRequired': True, 'requestedDeparture': 'Tue, 07 May 2019 20:48:36 GMT', 'kWhRequested': 28.0}]",000001137,2_39_92_436_2019-05-07 16:38:35.675523,2-39-92-436,CA-318,0002,0039,2019-05-07 09:38:36-07:00,2019-05-07 16:11:17-07:00,8.628,2019-05-07 11:51:31-07:00,America/Los_Angeles
5ce73b25f9af8b385abe711c,,,2_39_78_362_2019-05-07 16:38:50.417475,2-39-78-362,CA-496,0002,0039,2019-05-07 09:38:50-07:00,2019-05-07 16:40:12-07:00,0.928,2019-05-07 16:41:11-07:00,America/Los_Angeles
5ce73b25f9af8b385abe711d,"[{'userID': 562, 'milesRequested': 30, 'WhPerMile': 400, 'minutesAvailable': 211, 'modifiedAt': 'Tue, 07 May 2019 16:50:37 GMT', 'paymentRequired': True, 'requestedDeparture': 'Tue, 07 May 2019 20:20:56 GMT', 'kWhRequested': 12.0}, {'userID': 562, 'milesRequested': 30, 'WhPerMile': 375, 'minutesAvailable': 211, 'modifiedAt': 'Tue, 07 May 2019 16:52:08 GMT', 'paymentRequired': True, 'requestedDeparture': 'Tue, 07 May 2019 20:20:56 GMT', 'kWhRequested': 11.25}, {'userID': 562, 'milesRequested': 30, 'WhPerMile': 375, 'minutesAvailable': 211, 'modifiedAt': 'Tue, 07 May 2019 16:52:26 GMT', 'paymentRequired': True, 'requestedDeparture': 'Tue, 07 May 2019 20:20:56 GMT', 'kWhRequested': 11.25}]",000000562,2_39_124_22_2019-05-07 16:49:56.428997,2-39-124-22,CA-312,0002,0039,2019-05-07 09:49:56-07:00,2019-05-07 12:24:13-07:00,8.448,2019-05-07 12:24:08-07:00,America/Los_Angeles
5ce73b25f9af8b385abe711e,"[{'userID': 1001, 'milesRequested': 20, 'WhPerMile': 600, 'minutesAvailable': 129, 'modifiedAt': 'Tue, 07 May 2019 16:58:13 GMT', 'paymentRequired': True, 'requestedDeparture': 'Tue, 07 May 2019 19:07:13 GMT', 'kWhRequested': 12.0}]",000001001,2_39_78_364_2019-05-07 16:58:13.164142,2-39-78-364,CA-495,0002,0039,2019-05-07 09:58:13-07:00,2019-05-07 16:16:25-07:00,7.713,2019-05-07 15:38:17-07:00,America/Los_Angeles
5ce73b25f9af8b385abe711f,"[{'userID': 1095, 'milesRequested': 30, 'WhPerMile': 469, 'minutesAvailable': 209, 'modifiedAt': 'Tue, 07 May 2019 17:07:21 GMT', 'paymentRequired': True, 'requestedDeparture': 'Tue, 07 May 2019 20:36:06 GMT', 'kWhRequested': 14.07}]",000001095,2_39_92_442_2019-05-07 17:07:06.007506,2-39-92-442,CA-498,0002,0039,2019-05-07 10:07:06-07:00,2019-05-07 14:58:49-07:00,12.185,2019-05-07 12:21:34-07:00,America/Los_Angeles
5ce73b25f9af8b385abe7120,"[{'userID': 620, 'milesRequested': 20, 'WhPerMile': 500, 'minutesAvailable': 384, 'modifiedAt': 'Tue, 07 May 2019 17:08:34 GMT', 'paymentRequired': True, 'requestedDeparture': 'Tue, 07 May 2019 23:31:42 GMT', 'kWhRequested': 10.0}]",000000620,2_39_91_441_2019-05-07 17:07:42.368123,2-39-91-441,CA-499,0002,0039,2019-05-07 10:07:42-07:00,2019-05-07 17:13:22-07:00,6.391,2019-05-07 12:07:37-07:00,America/Los_Angeles
5ce73b25f9af8b385abe7121,"[{'userID': 558, 'milesRequested': 70, 'WhPerMile': 200, 'minutesAvailable': 539, 'modifiedAt': 'Tue, 07 May 2019 17:09:12 GMT', 'paymentRequired': True, 'requestedDeparture': 'Wed, 08 May 2019 02:08:10 GMT', 'kWhRequested': 14.0}]",000000558,2_39_90_26_2019-05-07 17:09:09.621224,2-39-90-26,CA-316,0002,0039,2019-05-07 10:09:10-07:00,2019-05-07 19:10:01-07:00,11.941,2019-05-07 12:17:06-07:00,America/Los_Angeles
5ce73b25f9af8b385abe7122,"[{'userID': 1274, 'milesRequested': 20, 'WhPerMile': 333, 'minutesAvailable': 377, 'modifiedAt': 'Tue, 07 May 2019 17:46:58 GMT', 'paymentRequired': True, 'requestedDeparture': 'Wed, 08 May 2019 00:00:02 GMT', 'kWhRequested': 6.66}]",000001274,2_39_95_444_2019-05-07 17:43:01.584667,2-39-95-444,CA-497,0002,0039,2019-05-07 10:43:02-07:00,2019-05-07 16:35:24-07:00,6.537,2019-05-07 13:49:21-07:00,America/Los_Angeles
5ce73b25f9af8b385abe7123,"[{'userID': 1208, 'milesRequested': 50, 'WhPerMile': 400, 'minutesAvailable': 350, 'modifiedAt': 'Tue, 07 May 2019 18:30:13 GMT', 'paymentRequired': True, 'requestedDeparture': 'Wed, 08 May 2019 00:18:20 GMT', 'kWhRequested': 20.0}]",000001208,2_39_79_376_2019-05-07 18:28:19.622296,2-39-79-376,CA-324,0002,0039,2019-05-07 11:28:20-07:00,2019-05-07 17:53:12-07:00,19.894,2019-05-07 17:29:21-07:00,America/Los_Angeles
5ce73b25f9af8b385abe7124,"[{'userID': 560, 'milesRequested': 20, 'WhPerMile': 273, 'minutesAvailable': 304, 'modifiedAt': 'Tue, 07 May 2019 19:23:37 GMT', 'paymentRequired': True, 'requestedDeparture': 'Wed, 08 May 2019 00:27:09 GMT', 'kWhRequested': 5.46}]",000000560,2_39_138_29_2019-05-07 19:23:09.477836,2-39-138-29,CA-304,0002,0039,2019-05-07 12:23:09-07:00,2019-05-07 15:55:22-07:00,2.019,2019-05-07 13:22:51-07:00,America/Los_Angeles
5ce73b25f9af8b385abe7125,"[{'userID': 1082, 'milesRequested': 40, 'WhPerMile': 400, 'minutesAvailable': 291, 'modifiedAt': 'Tue, 07 May 2019 19:38:18 GMT', 'paymentRequired': True, 'requestedDeparture': 'Wed, 08 May 2019 00:28:09 GMT', 'kWhRequested': 16.0}]",000001082,2_39_88_24_2019-05-07 19:37:08.663491,2-39-88-24,CA-314,0002,0039,2019-05-07 12:37:09-07:00,2019-05-07 16:45:13-07:00,2.213,2019-05-07 13:42:33-07:00,America/Los_Angeles
5ce73b25f9af8b385abe7126,"[{'userID': 710, 'milesRequested': 160, 'WhPerMile': 261, 'minutesAvailable': 241, 'modifiedAt': 'Tue, 07 May 2019 19:37:38 GMT', 'paymentRequired': True, 'requestedDeparture': 'Tue, 07 May 2019 23:38:10 GMT', 'kWhRequested': 41.76}]",000000710,2_39_124_22_2019-05-07 19:37:09.556499,2-39-124-22,CA-312,0002,0039,2019-05-07 12:37:10-07:00,2019-05-07 17:32:19-07:00,31.023,2019-05-07 17:11:17-07:00,America/Los_Angeles
5ce73b25f9af8b385abe7127,"[{'userID': 1091, 'milesRequested': 30, 'WhPerMile': 300, 'minutesAvailable': 129, 'modifiedAt': 'Tue, 07 May 2019 19:49:57 GMT', 'paymentRequired': True, 'requestedDeparture': 'Tue, 07 May 2019 21:58:05 GMT', 'kWhRequested': 9.0}, {'userID': 1091, 'milesRequested': 30, 'WhPerMile': 300, 'minutesAvailable': 129, 'modifiedAt': 'Tue, 07 May 2019 22:52:31 GMT', 'paymentRequired': True, 'requestedDeparture': 'Tue, 07 May 2019 21:58:05 GMT', 'kWhRequested': 9.0}]",000001091,2_39_90_440_2019-05-07 19:49:04.679577,2-39-90-440,CA-500,0002,0039,2019-05-07 12:49:05-07:00,2019-05-07 18:13:32-07:00,8.176,2019-05-07 15:09:49-07:00,America/Los_Angeles
5ce73b25f9af8b385abe7128,,,2_39_131_30_2019-05-07 20:49:32.354775,2-39-131-30,CA-305,0002,0039,2019-05-07 13:49:32-07:00,2019-05-07 15:02:30-07:00,0.921,2019-05-07 14:20:43-07:00,America/Los_Angeles
5ce73b25f9af8b385abe7129,"[{'userID': 1093, 'milesRequested': 30, 'WhPerMile': 333, 'minutesAvailable': 282, 'modifiedAt': 'Tue, 07 May 2019 21:00:51 GMT', 'paymentRequired': True, 'requestedDeparture': 'Wed, 08 May 2019 01:42:48 GMT', 'kWhRequested': 9.99}]",000001093,2_39_79_383_2019-05-07 21:00:47.951886,2-39-79-383,CA-492,0002,0039,2019-05-07 14:00:48-07:00,2019-05-07 18:40:04-07:00,0.965,2019-05-07 14:31:32-07:00,America/Los_Angeles
5ce73b25f9af8b385abe712a,"[{'userID': 1039, 'milesRequested': 240, 'WhPerMile': 271, 'minutesAvailable': 201, 'modifiedAt': 'Tue, 07 May 2019 21:33:58 GMT', 'paymentRequired': True, 'requestedDeparture': 'Wed, 08 May 2019 00:54:32 GMT', 'kWhRequested': 65.04}]",000001039,2_39_78_361_2019-05-07 21:33:31.777680,2-39-78-361,CA-493,0002,0039,2019-05-07 14:33:32-07:00,2019-05-07 14:40:24-07:00,0.7,2019-05-07 14:40:23-07:00,America/Los_Angeles
5ce73b25f9af8b385abe712b,"[{'userID': 1039, 'milesRequested': 20, 'WhPerMile': 271, 'minutesAvailable': 201, 'modifiedAt': 'Tue, 07 May 2019 22:19:09 GMT', 'paymentRequired': True, 'requestedDeparture': 'Wed, 08 May 2019 01:18:54 GMT', 'kWhRequested': 5.42}, {'userID': 1039, 'milesRequested': 20, 'WhPerMile': 271, 'minutesAvailable': 201, 'modifiedAt': 'Tue, 07 May 2019 22:19:28 GMT', 'paymentRequired': True, 'requestedDeparture': 'Wed, 08 May 2019 01:18:54 GMT', 'kWhRequested': 5.42}]",000001039,2_39_78_361_2019-05-07 21:57:54.213436,2-39-78-361,CA-493,0002,0039,2019-05-07 14:57:54-07:00,2019-05-07 18:37:44-07:00,5.304,2019-05-07 17:24:33-07:00,America/Los_Angeles
5ce73b25f9af8b385abe712c,"[{'userID': 958, 'milesRequested': 100, 'WhPerMile': 400, 'minutesAvailable': 480, 'modifiedAt': 'Tue, 07 May 2019 22:04:24 GMT', 'paymentRequired': True, 'requestedDeparture': 'Wed, 08 May 2019 06:01:26 GMT', 'kWhRequested': 40.0}]",000000958,2_39_92_442_2019-05-07 22:01:26.503322,2-39-92-442,CA-498,0002,0039,2019-05-07 15:01:26-07:00,2019-05-07 19:19:02-07:00,13.783,2019-05-07 18:03:26-07:00,America/Los_Angeles
5ce73b25f9af8b385abe712d,"[{'userID': 1309, 'milesRequested': 30, 'WhPerMile': 600, 'minutesAvailable': 60, 'modifiedAt': 'Tue, 07 May 2019 22:27:17 GMT', 'paymentRequired': True, 'requestedDeparture': 'Tue, 07 May 2019 23:20:18 GMT', 'kWhRequested': 18.0}]",000001309,2_39_131_30_2019-05-07 22:20:18.379305,2-39-131-30,CA-305,0002,0039,2019-05-07 15:20:18-07:00,2019-05-07 16:05:37-07:00,4.226,2019-05-07 16:05:32-07:00,America/Los_Angeles
5ce73b25f9af8b385abe712e,"[{'userID': 1746, 'milesRequested': 60, 'WhPerMile': 600, 'minutesAvailable': 115, 'modifiedAt': 'Tue, 07 May 2019 23:16:48 GMT', 'paymentRequired': True, 'requestedDeparture': 'Wed, 08 May 2019 01:11:09 GMT', 'kWhRequested': 36.0}, {'userID': 1746, 'milesRequested': 60, 'WhPerMile': 600, 'minutesAvailable': 84, 'modifiedAt': 'Tue, 07 May 2019 23:17:23 GMT', 'paymentRequired': True, 'requestedDeparture': 'Wed, 08 May 2019 00:40:09 GMT', 'kWhRequested': 36.0}, {'userID': 1746, 'milesRequested': 60, 'WhPerMile': 600, 'minutesAvailable': 84, 'modifiedAt': 'Wed, 08 May 2019 01:13:06 GMT', 'paymentRequired': True, 'requestedDeparture': 'Wed, 08 May 2019 00:40:09 GMT', 'kWhRequested': 36.0}]",000001746,2_39_92_436_2019-05-07 23:16:08.800708,2-39-92-436,CA-318,0002,0039,2019-05-07 16:16:09-07:00,2019-05-07 18:13:27-07:00,4.438,2019-05-07 17:42:30-07:00,America/Los_Angeles
5ce73b25f9af8b385abe712f,"[{'userID': 1152, 'milesRequested': 40, 'WhPerMile': 300, 'minutesAvailable': 60, 'modifiedAt': 'Wed, 08 May 2019 00:09:20 GMT', 'paymentRequired': True, 'requestedDeparture': 'Wed, 08 May 2019 01:09:12 GMT', 'kWhRequested': 12.0}]",000001152,2_39_138_29_2019-05-08 00:09:11.603397,2-39-138-29,CA-304,0002,0039,2019-05-07 17:09:12-07:00,2019-05-08 08:05:03-07:00,11.871,2019-05-07 20:31:12-07:00,America/Los_Angeles
5ce73b25f9af8b385abe7130,"[{'userID': 365, 'milesRequested': 10, 'WhPerMile': 333, 'minutesAvailable': 65, 'modifiedAt': 'Wed, 08 May 2019 00:59:31 GMT', 'paymentRequired': True, 'requestedDeparture': 'Wed, 08 May 2019 02:04:03 GMT', 'kWhRequested': 3.33}]",000000365,2_39_131_30_2019-05-08 00:59:02.602404,2-39-131-30,CA-305,0002,0039,2019-05-07 17:59:03-07:00,2019-05-07 18:38:15-07:00,1.706,2019-05-07 18:38:11-07:00,America/Los_Angeles
5ce73b25f9af8b385abe7131,"[{'userID': 1164, 'milesRequested': 20, 'WhPerMile': 525, 'minutesAvailable': 236, 'modifiedAt': 'Wed, 08 May 2019 01:34:11 GMT', 'paymentRequired': True, 'requestedDeparture': 'Wed, 08 May 2019 05:29:52 GMT', 'kWhRequested': 10.5}, {'userID': 1164, 'milesRequested': 20, 'WhPerMile': 525, 'minutesAvailable': 236, 'modifiedAt': 'Wed, 08 May 2019 02:36:19 GMT', 'paymentRequired': True, 'requestedDeparture': 'Wed, 08 May 2019 05:29:52 GMT', 'kWhRequested': 10.5}]",000001164,2_39_130_31_2019-05-08 01:33:51.566418,2-39-130-31,CA-306,0002,0039,2019-05-07 18:33:52-07:00,2019-05-07 19:36:20-07:00,3.135,2019-05-07 19:36:15-07:00,America/Los_Angeles
5ce73b25f9af8b385abe7132,"[{'userID': 675, 'milesRequested': 40, 'WhPerMile': 399, 'minutesAvailable': 104, 'modifiedAt': 'Wed, 08 May 2019 01:53:26 GMT', 'paymentRequired': True, 'requestedDeparture': 'Wed, 08 May 2019 03:36:49 GMT', 'kWhRequested': 15.96}, {'userID': 675, 'milesRequested': 40, 'WhPerMile': 399, 'minutesAvailable': 104, 'modifiedAt': 'Wed, 08 May 2019 01:53:29 GMT', 'paymentRequired': True, 'requestedDeparture': 'Wed, 08 May 2019 03:36:49 GMT', 'kWhRequested': 15.96}]",000000675,2_39_128_18_2019-05-08 01:52:49.457746,2-39-128-18,CA-308,0002,0039,2019-05-07 18:52:49-07:00,2019-05-07 20:38:58-07:00,11.98,2019-05-07 20:38:53-07:00,America/Los_Angeles
5ce73b25f9af8b385abe7133,"[{'userID': 1864, 'milesRequested': 20, 'WhPerMile': 333, 'minutesAvailable': 108, 'modifiedAt': 'Wed, 08 May 2019 02:18:39 GMT', 'paymentRequired': True, 'requestedDeparture': 'Wed, 08 May 2019 04:06:15 GMT', 'kWhRequested': 6.66}]",000001864,2_39_83_386_2019-05-08 02:18:15.297711,2-39-83-386,CA-212,0002,0039,2019-05-07 19:18:15-07:00,2019-05-07 21:49:35-07:00,3.638,2019-05-07 20:32:47-07:00,America/Los_Angeles
5ce73b25f9af8b385abe7134,"[{'userID': 1099, 'milesRequested': 80, 'WhPerMile': 438, 'minutesAvailable': 150, 'modifiedAt': 'Wed, 08 May 2019 02:41:24 GMT', 'paymentRequired': True, 'requestedDeparture': 'Wed, 08 May 2019 05:10:12 GMT', 'kWhRequested': 35.04}]",000001099,2_39_127_19_2019-05-08 02:40:11.760693,2-39-127-19,CA-309,0002,0039,2019-05-07 19:40:12-07:00,2019-05-07 22:05:29-07:00,14.011,2019-05-07 21:59:37-07:00,America/Los_Angeles
5ce73b25f9af8b385abe7135,"[{'userID': 2192, 'milesRequested': 10, 'WhPerMile': 600, 'minutesAvailable': 82, 'modifiedAt': 'Wed, 08 May 2019 03:11:18 GMT', 'paymentRequired': True, 'requestedDeparture': 'Wed, 08 May 2019 04:32:20 GMT', 'kWhRequested': 6.0}]",000002192,2_39_131_30_2019-05-08 03:10:20.138388,2-39-131-30,CA-305,0002,0039,2019-05-07 20:10:20-07:00,2019-05-07 21:58:19-07:00,1.365,2019-05-07 20:31:09-07:00,America/Los_Angeles
5ce73b25f9af8b385abe7136,"[{'userID': 1263, 'milesRequested': 70, 'WhPerMile': 250, 'minutesAvailable': 61, 'modifiedAt': 'Wed, 08 May 2019 03:22:26 GMT', 'paymentRequired': True, 'requestedDeparture': 'Wed, 08 May 2019 04:22:37 GMT', 'kWhRequested': 17.5}]",000001263,2_39_139_28_2019-05-08 03:21:36.901233,2-39-139-28,CA-303,0002,0039,2019-05-07 20:21:37-07:00,2019-05-07 21:53:38-07:00,7.031,2019-05-07 21:33:20-07:00,America/Los_Angeles
5ce73b25f9af8b385abe7137,,,2_39_139_28_2019-05-08 05:39:55.935884,2-39-139-28,CA-303,0002,0039,2019-05-07 22:39:56-07:00,2019-05-07 23:20:12-07:00,0.857,2019-05-07 23:10:12-07:00,America/Los_Angeles
5ce88ca4f9af8b5b259d7282,"[{'userID': 560, 'milesRequested': 80, 'WhPerMile': 273, 'minutesAvailable': 304, 'modifiedAt': 'Wed, 08 May 2019 13:29:26 GMT', 'paymentRequired': True, 'requestedDeparture': 'Wed, 08 May 2019 18:33:17 GMT', 'kWhRequested': 21.84}]",000000560,2_39_88_24_2019-05-08 13:29:16.769231,2-39-88-24,CA-314,0002,0039,2019-05-08 06:29:17-07:00,2019-05-08 11:50:58-07:00,19.164,2019-05-08 10:20:00-07:00,America/Los_Angeles
5ce88ca4f9af8b5b259d7283,"[{'userID': 569, 'milesRequested': 50, 'WhPerMile': 300, 'minutesAvailable': 529, 'modifiedAt': 'Wed, 08 May 2019 14:09:23 GMT', 'paymentRequired': True, 'requestedDeparture': 'Wed, 08 May 2019 22:58:09 GMT', 'kWhRequested': 15.0}]",000000569,2_39_78_366_2019-05-08 14:09:09.299732,2-39-78-366,CA-323,0002,0039,2019-05-08 07:09:09-07:00,2019-05-08 13:10:24-07:00,10.636,2019-05-08 11:04:13-07:00,America/Los_Angeles
5ce88ca4f9af8b5b259d7284,"[{'userID': 1104, 'milesRequested': 120, 'WhPerMile': 250, 'minutesAvailable': 383, 'modifiedAt': 'Wed, 08 May 2019 14:50:45 GMT', 'paymentRequired': True, 'requestedDeparture': 'Wed, 08 May 2019 21:12:52 GMT', 'kWhRequested': 30.0}]",000001104,2_39_79_382_2019-05-08 14:49:51.609271,2-39-79-382,CA-491,0002,0039,2019-05-08 07:49:52-07:00,2019-05-08 10:10:05-07:00,15.762,2019-05-08 10:10:01-07:00,America/Los_Angeles
5ce88ca4f9af8b5b259d7285,,,2_39_79_379_2019-05-08 15:06:37.851143,2-39-79-379,CA-327,0002,0039,2019-05-08 08:06:38-07:00,2019-05-08 17:12:56-07:00,0.886,2019-05-08 08:54:38-07:00,America/Los_Angeles
5ce88ca4f9af8b5b259d7286,"[{'userID': 431, 'milesRequested': 50, 'WhPerMile': 300, 'minutesAvailable': 191, 'modifiedAt': 'Wed, 08 May 2019 15:23:31 GMT', 'paymentRequired': True, 'requestedDeparture': 'Wed, 08 May 2019 18:34:02 GMT', 'kWhRequested': 15.0}]",000000431,2_39_95_27_2019-05-08 15:23:02.435833,2-39-95-27,CA-319,0002,0039,2019-05-08 08:23:02-07:00,2019-05-08 18:44:10-07:00,14.876,2019-05-08 10:52:07-07:00,America/Los_Angeles
5ce88ca4f9af8b5b259d7287,"[{'userID': 712, 'milesRequested': 30, 'WhPerMile': 600, 'minutesAvailable': 275, 'modifiedAt': 'Wed, 08 May 2019 15:33:56 GMT', 'paymentRequired': True, 'requestedDeparture': 'Wed, 08 May 2019 20:08:53 GMT', 'kWhRequested': 18.0}]",000000712,2_39_131_30_2019-05-08 15:33:53.111063,2-39-131-30,CA-305,0002,0039,2019-05-08 08:33:53-07:00,2019-05-08 18:16:23-07:00,4.878,2019-05-08 10:01:14-07:00,America/Los_Angeles
5ce88ca4f9af8b5b259d7288,"[{'userID': 945, 'milesRequested': 50, 'WhPerMile': 600, 'minutesAvailable': 555, 'modifiedAt': 'Wed, 08 May 2019 15:37:17 GMT', 'paymentRequired': True, 'requestedDeparture': 'Thu, 09 May 2019 00:52:08 GMT', 'kWhRequested': 30.0}]",000000945,2_39_91_437_2019-05-08 15:37:07.685440,2-39-91-437,CA-317,0002,0039,2019-05-08 08:37:08-07:00,2019-05-08 18:40:47-07:00,13.65,2019-05-08 10:42:18-07:00,America/Los_Angeles
5ce88ca4f9af8b5b259d7289,"[{'userID': 562, 'milesRequested': 20, 'WhPerMile': 375, 'minutesAvailable': 211, 'modifiedAt': 'Wed, 08 May 2019 15:37:42 GMT', 'paymentRequired': True, 'requestedDeparture': 'Wed, 08 May 2019 19:08:09 GMT', 'kWhRequested': 7.5}]",000000562,2_39_139_28_2019-05-08 15:37:08.804899,2-39-139-28,CA-303,0002,0039,2019-05-08 08:37:09-07:00,2019-05-08 19:32:01-07:00,4.676,2019-05-08 10:05:24-07:00,America/Los_Angeles
5ce88ca4f9af8b5b259d728a,"[{'userID': 1470, 'milesRequested': 40, 'WhPerMile': 292, 'minutesAvailable': 404, 'modifiedAt': 'Wed, 08 May 2019 15:37:49 GMT', 'paymentRequired': True, 'requestedDeparture': 'Wed, 08 May 2019 22:21:34 GMT', 'kWhRequested': 11.68}]",000001470,2_39_79_377_2019-05-08 15:37:33.934056,2-39-79-377,CA-325,0002,0039,2019-05-08 08:37:34-07:00,2019-05-08 16:44:06-07:00,1.306,2019-05-08 08:53:54-07:00,America/Los_Angeles
5ce88ca4f9af8b5b259d728b,"[{'userID': 559, 'milesRequested': 40, 'WhPerMile': 313, 'minutesAvailable': 390, 'modifiedAt': 'Wed, 08 May 2019 15:44:18 GMT', 'paymentRequired': True, 'requestedDeparture': 'Wed, 08 May 2019 22:14:02 GMT', 'kWhRequested': 12.52}]",000000559,2_39_79_378_2019-05-08 15:44:02.032784,2-39-79-378,CA-326,0002,0039,2019-05-08 08:44:02-07:00,2019-05-08 15:29:08-07:00,8.371,2019-05-08 11:19:13-07:00,America/Los_Angeles
5ce88ca4f9af8b5b259d728c,,,2_39_78_363_2019-05-08 15:48:46.304087,2-39-78-363,CA-320,0002,0039,2019-05-08 08:48:46-07:00,2019-05-08 16:29:52-07:00,0.863,2019-05-08 12:35:55-07:00,America/Los_Angeles
5ce88ca4f9af8b5b259d728d,,,2_39_79_380_2019-05-08 15:53:14.252446,2-39-79-380,CA-489,0002,0039,2019-05-08 08:53:14-07:00,2019-05-08 17:29:00-07:00,0.85,2019-05-08 09:23:46-07:00,America/Los_Angeles
5ce88ca4f9af8b5b259d728e,"[{'userID': 743, 'milesRequested': 20, 'WhPerMile': 400, 'minutesAvailable': 471, 'modifiedAt': 'Wed, 08 May 2019 15:56:09 GMT', 'paymentRequired': True, 'requestedDeparture': 'Wed, 08 May 2019 23:46:51 GMT', 'kWhRequested': 8.0}]",000000743,2_39_90_440_2019-05-08 15:55:51.391190,2-39-90-440,CA-500,0002,0039,2019-05-08 08:55:51-07:00,2019-05-08 18:04:20-07:00,4.114,2019-05-08 10:18:40-07:00,America/Los_Angeles
5ce88ca4f9af8b5b259d728f,"[{'userID': 858, 'milesRequested': 20, 'WhPerMile': 400, 'minutesAvailable': 223, 'modifiedAt': 'Wed, 08 May 2019 16:07:30 GMT', 'paymentRequired': True, 'requestedDeparture': 'Wed, 08 May 2019 19:50:12 GMT', 'kWhRequested': 8.0}]",000000858,2_39_89_25_2019-05-08 16:07:11.830588,2-39-89-25,CA-315,0002,0039,2019-05-08 09:07:12-07:00,2019-05-08 16:37:12-07:00,2.682,2019-05-08 10:01:21-07:00,America/Los_Angeles
5ce88ca4f9af8b5b259d7290,"[{'userID': 2354, 'milesRequested': 20, 'WhPerMile': 400, 'minutesAvailable': 60, 'modifiedAt': 'Wed, 08 May 2019 16:17:47 GMT', 'paymentRequired': True, 'requestedDeparture': 'Wed, 08 May 2019 17:07:27 GMT', 'kWhRequested': 8.0}]",000002354,2_39_124_22_2019-05-08 16:07:26.818038,2-39-124-22,CA-312,0002,0039,2019-05-08 09:07:27-07:00,2019-05-08 10:42:57-07:00,7.883,2019-05-08 10:36:18-07:00,America/Los_Angeles
5ce88ca4f9af8b5b259d7291,"[{'userID': 1534, 'milesRequested': 60, 'WhPerMile': 250, 'minutesAvailable': 404, 'modifiedAt': 'Wed, 08 May 2019 16:17:40 GMT', 'paymentRequired': True, 'requestedDeparture': 'Wed, 08 May 2019 23:00:21 GMT', 'kWhRequested': 15.0}]",000001534,2_39_124_558_2019-05-08 16:16:21.293411,2-39-124-558,CA-504,0002,0039,2019-05-08 09:16:21-07:00,2019-05-08 16:18:20-07:00,14.647,2019-05-08 13:41:37-07:00,America/Los_Angeles
5ce88ca4f9af8b5b259d7292,"[{'userID': 867, 'milesRequested': 70, 'WhPerMile': 400, 'minutesAvailable': 460, 'modifiedAt': 'Wed, 08 May 2019 16:24:52 GMT', 'paymentRequired': True, 'requestedDeparture': 'Thu, 09 May 2019 00:03:57 GMT', 'kWhRequested': 28.0}]",000000867,2_39_78_367_2019-05-08 16:23:56.990787,2-39-78-367,CA-494,0002,0039,2019-05-08 09:23:57-07:00,2019-05-08 17:35:15-07:00,17.959,2019-05-08 12:13:20-07:00,America/Los_Angeles
5ce88ca4f9af8b5b259d7293,"[{'userID': 324, 'milesRequested': 20, 'WhPerMile': 600, 'minutesAvailable': 157, 'modifiedAt': 'Wed, 08 May 2019 16:27:07 GMT', 'paymentRequired': True, 'requestedDeparture': 'Wed, 08 May 2019 19:03:46 GMT', 'kWhRequested': 12.0}]",000000324,2_39_92_436_2019-05-08 16:26:46.296147,2-39-92-436,CA-318,0002,0039,2019-05-08 09:26:46-07:00,2019-05-08 23:43:37-07:00,2.133,2019-05-08 10:32:58-07:00,America/Los_Angeles
5ce88ca4f9af8b5b259d7294,"[{'userID': 567, 'milesRequested': 20, 'WhPerMile': 333, 'minutesAvailable': 425, 'modifiedAt': 'Wed, 08 May 2019 16:35:11 GMT', 'paymentRequired': True, 'requestedDeparture': 'Wed, 08 May 2019 23:40:03 GMT', 'kWhRequested': 6.66}]",000000567,2_39_123_23_2019-05-08 16:35:02.905697,2-39-123-23,CA-313,0002,0039,2019-05-08 09:35:03-07:00,2019-05-08 18:46:02-07:00,6.27,2019-05-08 11:27:05-07:00,America/Los_Angeles
5ce88ca4f9af8b5b259d7295,"[{'userID': 1366, 'milesRequested': 20, 'WhPerMile': 600, 'minutesAvailable': 174, 'modifiedAt': 'Wed, 08 May 2019 17:26:46 GMT', 'paymentRequired': True, 'requestedDeparture': 'Wed, 08 May 2019 19:32:10 GMT', 'kWhRequested': 12.0}]",000001366,2_39_78_360_2019-05-08 16:38:09.827802,2-39-78-360,CA-322,0002,0039,2019-05-08 09:38:10-07:00,2019-05-08 11:17:36-07:00,3.758,2019-05-08 11:17:34-07:00,America/Los_Angeles
5ce88ca4f9af8b5b259d7296,"[{'userID': 1095, 'milesRequested': 30, 'WhPerMile': 469, 'minutesAvailable': 382, 'modifiedAt': 'Wed, 08 May 2019 17:02:33 GMT', 'paymentRequired': True, 'requestedDeparture': 'Wed, 08 May 2019 23:24:19 GMT', 'kWhRequested': 14.07}]",000001095,2_39_95_444_2019-05-08 17:02:18.552134,2-39-95-444,CA-497,0002,0039,2019-05-08 10:02:19-07:00,2019-05-08 16:31:08-07:00,10.341,2019-05-08 11:44:02-07:00,America/Los_Angeles
5ce88ca4f9af8b5b259d7297,"[{'userID': 558, 'milesRequested': 70, 'WhPerMile': 200, 'minutesAvailable': 539, 'modifiedAt': 'Wed, 08 May 2019 17:07:27 GMT', 'paymentRequired': True, 'requestedDeparture': 'Thu, 09 May 2019 02:06:23 GMT', 'kWhRequested': 14.0}]",000000558,2_39_91_441_2019-05-08 17:07:22.922850,2-39-91-441,CA-499,0002,0039,2019-05-08 10:07:23-07:00,2019-05-08 19:13:38-07:00,11.802,2019-05-08 11:58:30-07:00,America/Los_Angeles
5ce88ca4f9af8b5b259d7298,"[{'userID': 668, 'milesRequested': 20, 'WhPerMile': 400, 'minutesAvailable': 199, 'modifiedAt': 'Wed, 08 May 2019 17:20:52 GMT', 'paymentRequired': True, 'requestedDeparture': 'Wed, 08 May 2019 20:39:44 GMT', 'kWhRequested': 8.0}]",000000668,2_39_79_376_2019-05-08 17:20:44.043349,2-39-79-376,CA-324,0002,0039,2019-05-08 10:20:44-07:00,2019-05-08 17:27:43-07:00,7.884,2019-05-08 15:03:28-07:00,America/Los_Angeles
5ce88ca4f9af8b5b259d7299,"[{'userID': 69, 'milesRequested': 100, 'WhPerMile': 300, 'minutesAvailable': 310, 'modifiedAt': 'Wed, 08 May 2019 18:05:02 GMT', 'paymentRequired': True, 'requestedDeparture': 'Wed, 08 May 2019 23:14:51 GMT', 'kWhRequested': 30.0}]",000000069,2_39_79_383_2019-05-08 18:04:50.680339,2-39-79-383,CA-492,0002,0039,2019-05-08 11:04:51-07:00,2019-05-08 17:59:49-07:00,10.314,2019-05-08 12:48:32-07:00,America/Los_Angeles
5ce88ca4f9af8b5b259d729a,"[{'userID': 1161, 'milesRequested': 40, 'WhPerMile': 400, 'minutesAvailable': 241, 'modifiedAt': 'Wed, 08 May 2019 18:05:49 GMT', 'paymentRequired': True, 'requestedDeparture': 'Wed, 08 May 2019 22:06:00 GMT', 'kWhRequested': 16.0}, {'userID': 1161, 'milesRequested': 40, 'WhPerMile': 400, 'minutesAvailable': 329, 'modifiedAt': 'Wed, 08 May 2019 20:11:13 GMT', 'paymentRequired': True, 'requestedDeparture': 'Wed, 08 May 2019 23:34:00 GMT', 'kWhRequested': 16.0}, {'userID': 1161, 'milesRequested': 40, 'WhPerMile': 400, 'minutesAvailable': 414, 'modifiedAt': 'Wed, 08 May 2019 22:51:12 GMT', 'paymentRequired': True, 'requestedDeparture': 'Thu, 09 May 2019 00:59:00 GMT', 'kWhRequested': 16.0}, {'userID': 1161, 'milesRequested': 40, 'WhPerMile': 400, 'minutesAvailable': 391, 'modifiedAt': 'Wed, 08 May 2019 22:51:27 GMT', 'paymentRequired': True, 'requestedDeparture': 'Thu, 09 May 2019 00:36:00 GMT', 'kWhRequested': 16.0}]",000001161,2_39_90_26_2019-05-08 18:04:59.525697,2-39-90-26,CA-316,0002,0039,2019-05-08 11:05:00-07:00,2019-05-08 17:42:09-07:00,11.098,2019-05-08 14:32:59-07:00,America/Los_Angeles
5ce88ca4f9af8b5b259d729b,,,2_39_78_360_2019-05-08 18:39:30.726295,2-39-78-360,CA-322,0002,0039,2019-05-08 11:39:31-07:00,2019-05-08 12:44:08-07:00,0.94,2019-05-08 12:43:28-07:00,America/Los_Angeles
5ce88ca4f9af8b5b259d729c,"[{'userID': 891, 'milesRequested': 20, 'WhPerMile': 300, 'minutesAvailable': 310, 'modifiedAt': 'Wed, 08 May 2019 18:42:17 GMT', 'paymentRequired': True, 'requestedDeparture': 'Wed, 08 May 2019 23:51:00 GMT', 'kWhRequested': 6.0}]",000000891,2_39_124_22_2019-05-08 18:41:00.139481,2-39-124-22,CA-312,0002,0039,2019-05-08 11:41:00-07:00,2019-05-08 17:35:28-07:00,1.903,2019-05-08 12:25:43-07:00,America/Los_Angeles
5ce88ca4f9af8b5b259d729d,"[{'userID': 752, 'milesRequested': 30, 'WhPerMile': 425, 'minutesAvailable': 440, 'modifiedAt': 'Wed, 08 May 2019 18:55:02 GMT', 'paymentRequired': True, 'requestedDeparture': 'Thu, 09 May 2019 02:14:36 GMT', 'kWhRequested': 12.75}]",000000752,2_39_83_386_2019-05-08 18:54:36.026297,2-39-83-386,CA-212,0002,0039,2019-05-08 11:54:36-07:00,2019-05-08 16:42:44-07:00,5.088,2019-05-08 13:33:06-07:00,America/Los_Angeles
5ce88ca4f9af8b5b259d729e,"[{'userID': 1039, 'milesRequested': 240, 'WhPerMile': 271, 'minutesAvailable': 328, 'modifiedAt': 'Wed, 08 May 2019 18:55:36 GMT', 'paymentRequired': True, 'requestedDeparture': 'Thu, 09 May 2019 00:22:52 GMT', 'kWhRequested': 65.04}]",000001039,2_39_127_19_2019-05-08 18:54:52.441841,2-39-127-19,CA-309,0002,0039,2019-05-08 11:54:52-07:00,2019-05-08 18:31:27-07:00,35.474,2019-05-08 17:15:55-07:00,America/Los_Angeles
5ce88ca4f9af8b5b259d729f,"[{'userID': 1124, 'milesRequested': 20, 'WhPerMile': 450, 'minutesAvailable': 60, 'modifiedAt': 'Wed, 08 May 2019 18:58:44 GMT', 'paymentRequired': True, 'requestedDeparture': 'Wed, 08 May 2019 19:58:18 GMT', 'kWhRequested': 9.0}]",000001124,2_39_79_381_2019-05-08 18:58:17.515427,2-39-79-381,CA-490,0002,0039,2019-05-08 11:58:18-07:00,2019-05-08 19:41:15-07:00,6.439,2019-05-08 14:42:40-07:00,America/Los_Angeles
5ce88ca4f9af8b5b259d72a0,,,2_39_79_382_2019-05-08 19:18:36.893607,2-39-79-382,CA-491,0002,0039,2019-05-08 12:18:37-07:00,2019-05-08 18:11:46-07:00,0.886,2019-05-08 17:55:48-07:00,America/Los_Angeles
5ce88ca4f9af8b5b259d72a1,"[{'userID': 1864, 'milesRequested': 20, 'WhPerMile': 333, 'minutesAvailable': 60, 'modifiedAt': 'Wed, 08 May 2019 19:20:51 GMT', 'paymentRequired': True, 'requestedDeparture': 'Wed, 08 May 2019 20:20:47 GMT', 'kWhRequested': 6.66}, {'userID': 1864, 'milesRequested': 20, 'WhPerMile': 333, 'minutesAvailable': 282, 'modifiedAt': 'Wed, 08 May 2019 19:21:07 GMT', 'paymentRequired': True, 'requestedDeparture': 'Thu, 09 May 2019 00:02:47 GMT', 'kWhRequested': 6.66}]",000001864,2_39_88_24_2019-05-08 19:20:47.448092,2-39-88-24,CA-314,0002,0039,2019-05-08 12:20:47-07:00,2019-05-08 18:55:23-07:00,4.067,2019-05-08 13:41:30-07:00,America/Los_Angeles
5ce88ca4f9af8b5b259d72a2,"[{'userID': 560, 'milesRequested': 20, 'WhPerMile': 273, 'minutesAvailable': 304, 'modifiedAt': 'Wed, 08 May 2019 19:34:37 GMT', 'paymentRequired': True, 'requestedDeparture': 'Thu, 09 May 2019 00:38:14 GMT', 'kWhRequested': 5.46}]",000000560,2_39_78_361_2019-05-08 19:34:14.109568,2-39-78-361,CA-493,0002,0039,2019-05-08 12:34:14-07:00,2019-05-08 15:53:10-07:00,1.934,2019-05-08 13:46:36-07:00,America/Los_Angeles
5ce88ca4f9af8b5b259d72a3,"[{'userID': 1082, 'milesRequested': 40, 'WhPerMile': 400, 'minutesAvailable': 291, 'modifiedAt': 'Wed, 08 May 2019 19:56:16 GMT', 'paymentRequired': True, 'requestedDeparture': 'Thu, 09 May 2019 00:46:56 GMT', 'kWhRequested': 16.0}]",000001082,2_39_78_362_2019-05-08 19:55:56.059964,2-39-78-362,CA-496,0002,0039,2019-05-08 12:55:56-07:00,2019-05-08 21:17:04-07:00,2.058,2019-05-08 21:18:03-07:00,America/Los_Angeles
5ce88ca4f9af8b5b259d72a4,,,2_39_78_360_2019-05-08 20:01:26.188298,2-39-78-360,CA-322,0002,0039,2019-05-08 13:01:26-07:00,2019-05-08 17:57:51-07:00,1.011,2019-05-08 17:55:56-07:00,America/Los_Angeles
5ce88ca4f9af8b5b259d72a5,"[{'userID': 1104, 'milesRequested': 120, 'WhPerMile': 250, 'minutesAvailable': 383, 'modifiedAt': 'Wed, 08 May 2019 20:35:52 GMT', 'paymentRequired': True, 'requestedDeparture': 'Thu, 09 May 2019 02:58:04 GMT', 'kWhRequested': 30.0}]",000001104,2_39_92_442_2019-05-08 20:35:04.105284,2-39-92-442,CA-498,0002,0039,2019-05-08 13:35:04-07:00,2019-05-08 16:54:56-07:00,8.079,2019-05-08 14:51:34-07:00,America/Los_Angeles
5ce88ca4f9af8b5b259d72a6,"[{'userID': 1364, 'milesRequested': 60, 'WhPerMile': 400, 'minutesAvailable': 475, 'modifiedAt': 'Wed, 08 May 2019 21:11:41 GMT', 'paymentRequired': True, 'requestedDeparture': 'Thu, 09 May 2019 04:43:19 GMT', 'kWhRequested': 24.0}, {'userID': 1364, 'milesRequested': 60, 'WhPerMile': 400, 'minutesAvailable': 203, 'modifiedAt': 'Wed, 08 May 2019 21:12:07 GMT', 'paymentRequired': True, 'requestedDeparture': 'Thu, 09 May 2019 00:11:19 GMT', 'kWhRequested': 24.0}, {'userID': 1364, 'milesRequested': 60, 'WhPerMile': 400, 'minutesAvailable': 203, 'modifiedAt': 'Wed, 08 May 2019 21:12:23 GMT', 'paymentRequired': True, 'requestedDeparture': 'Thu, 09 May 2019 00:11:19 GMT', 'kWhRequested': 24.0}]",000001364,2_39_78_364_2019-05-08 20:48:18.823815,2-39-78-364,CA-495,0002,0039,2019-05-08 13:48:19-07:00,2019-05-08 17:26:10-07:00,11.298,2019-05-08 17:26:09-07:00,America/Los_Angeles
5ce88ca4f9af8b5b259d72a7,,,2_39_79_378_2019-05-08 23:15:33.717857,2-39-79-378,CA-326,0002,0039,2019-05-08 16:15:34-07:00,2019-05-08 18:13:00-07:00,0.904,2019-05-08 16:46:41-07:00,America/Los_Angeles
5ce88ca4f9af8b5b259d72a8,"[{'userID': 1746, 'milesRequested': 60, 'WhPerMile': 600, 'minutesAvailable': 84, 'modifiedAt': 'Wed, 08 May 2019 23:21:34 GMT', 'paymentRequired': True, 'requestedDeparture': 'Thu, 09 May 2019 00:45:01 GMT', 'kWhRequested': 36.0}, {'userID': 1746, 'milesRequested': 60, 'WhPerMile': 600, 'minutesAvailable': 84, 'modifiedAt': 'Wed, 08 May 2019 23:21:57 GMT', 'paymentRequired': True, 'requestedDeparture': 'Thu, 09 May 2019 00:45:01 GMT', 'kWhRequested': 36.0}]",000001746,2_39_78_361_2019-05-08 23:21:00.745604,2-39-78-361,CA-493,0002,0039,2019-05-08 16:21:01-07:00,2019-05-08 16:48:19-07:00,1.416,2019-05-08 16:48:17-07:00,America/Los_Angeles
5ce88ca4f9af8b5b259d72a9,"[{'userID': 1564, 'milesRequested': 20, 'WhPerMile': 300, 'minutesAvailable': 139, 'modifiedAt': 'Thu, 09 May 2019 01:30:34 GMT', 'paymentRequired': True, 'requestedDeparture': 'Thu, 09 May 2019 03:48:07 GMT', 'kWhRequested': 6.0}, {'userID': 1564, 'milesRequested': 20, 'WhPerMile': 300, 'minutesAvailable': 139, 'modifiedAt': 'Thu, 09 May 2019 03:38:15 GMT', 'paymentRequired': True, 'requestedDeparture': 'Thu, 09 May 2019 03:48:07 GMT', 'kWhRequested': 6.0}]",000001564,2_39_138_29_2019-05-09 01:29:07.465368,2-39-138-29,CA-304,0002,0039,2019-05-08 18:29:07-07:00,2019-05-08 20:40:01-07:00,5.873,2019-05-08 19:58:10-07:00,America/Los_Angeles
5ce88ca4f9af8b5b259d72aa,"[{'userID': 2069, 'milesRequested': 40, 'WhPerMile': 400, 'minutesAvailable': 99, 'modifiedAt': 'Thu, 09 May 2019 01:51:00 GMT', 'paymentRequired': True, 'requestedDeparture': 'Thu, 09 May 2019 03:26:31 GMT', 'kWhRequested': 16.0}]",000002069,2_39_131_30_2019-05-09 01:47:30.976644,2-39-131-30,CA-305,0002,0039,2019-05-08 18:47:31-07:00,2019-05-08 20:45:21-07:00,4.581,2019-05-08 20:45:08-07:00,America/Los_Angeles
5ce88ca4f9af8b5b259d72ab,"[{'userID': 1135, 'milesRequested': 50, 'WhPerMile': 400, 'minutesAvailable': 150, 'modifiedAt': 'Thu, 09 May 2019 03:04:35 GMT', 'paymentRequired': True, 'requestedDeparture': 'Thu, 09 May 2019 05:34:30 GMT', 'kWhRequested': 20.0}]",000001135,2_39_129_17_2019-05-09 03:04:30.129991,2-39-129-17,CA-307,0002,0039,2019-05-08 20:04:30-07:00,2019-05-08 21:27:59-07:00,4.95,2019-05-08 21:27:54-07:00,America/Los_Angeles
5ce88ca4f9af8b5b259d72ac,"[{'userID': 1202, 'milesRequested': 40, 'WhPerMile': 375, 'minutesAvailable': 161, 'modifiedAt': 'Thu, 09 May 2019 05:01:55 GMT', 'paymentRequired': True, 'requestedDeparture': 'Thu, 09 May 2019 07:42:34 GMT', 'kWhRequested': 15.0}]",000001202,2_39_139_28_2019-05-09 05:01:34.038650,2-39-139-28,CA-303,0002,0039,2019-05-08 22:01:34-07:00,2019-05-09 18:40:00-07:00,5.169,2019-05-09 15:26:42-07:00,America/Los_Angeles
5ce9de21f9af8b5fa31d9b3f,"[{'userID': 560, 'milesRequested': 80, 'WhPerMile': 273, 'minutesAvailable': 304, 'modifiedAt': 'Thu, 09 May 2019 13:31:09 GMT', 'paymentRequired': True, 'requestedDeparture': 'Thu, 09 May 2019 18:34:55 GMT', 'kWhRequested': 21.84}]",000000560,2_39_88_24_2019-05-09 13:30:55.133277,2-39-88-24,CA-314,0002,0039,2019-05-09 06:30:55-07:00,2019-05-09 12:38:51-07:00,18.888,2019-05-09 10:07:39-07:00,America/Los_Angeles
5ce9de21f9af8b5fa31d9b40,"[{'userID': 1083, 'milesRequested': 20, 'WhPerMile': 400, 'minutesAvailable': 284, 'modifiedAt': 'Thu, 09 May 2019 14:11:39 GMT', 'paymentRequired': True, 'requestedDeparture': 'Thu, 09 May 2019 18:55:07 GMT', 'kWhRequested': 8.0}]",000001083,2_39_79_379_2019-05-09 14:11:06.944152,2-39-79-379,CA-327,0002,0039,2019-05-09 07:11:07-07:00,2019-05-09 18:16:18-07:00,4.963,2019-05-09 16:36:32-07:00,America/Los_Angeles
5ce9de21f9af8b5fa31d9b41,"[{'userID': 569, 'milesRequested': 50, 'WhPerMile': 300, 'minutesAvailable': 529, 'modifiedAt': 'Thu, 09 May 2019 14:14:01 GMT', 'paymentRequired': True, 'requestedDeparture': 'Thu, 09 May 2019 23:02:44 GMT', 'kWhRequested': 15.0}]",000000569,2_39_79_376_2019-05-09 14:13:44.392771,2-39-79-376,CA-324,0002,0039,2019-05-09 07:13:44-07:00,2019-05-09 16:55:19-07:00,9.852,2019-05-09 08:50:21-07:00,America/Los_Angeles
5ce9de21f9af8b5fa31d9b42,"[{'userID': 1524, 'milesRequested': 10, 'WhPerMile': 400, 'minutesAvailable': 204, 'modifiedAt': 'Thu, 09 May 2019 15:01:34 GMT', 'paymentRequired': True, 'requestedDeparture': 'Thu, 09 May 2019 18:22:32 GMT', 'kWhRequested': 4.0}]",000001524,2_39_78_367_2019-05-09 14:58:31.747097,2-39-78-367,CA-494,0002,0039,2019-05-09 07:58:32-07:00,2019-05-09 08:09:14-07:00,0.538,2019-05-09 08:09:18-07:00,America/Los_Angeles
5ce9de21f9af8b5fa31d9b43,"[{'userID': 858, 'milesRequested': 20, 'WhPerMile': 400, 'minutesAvailable': 223, 'modifiedAt': 'Thu, 09 May 2019 15:06:16 GMT', 'paymentRequired': True, 'requestedDeparture': 'Thu, 09 May 2019 18:49:00 GMT', 'kWhRequested': 8.0}]",000000858,2_39_125_21_2019-05-09 15:06:00.222097,2-39-125-21,CA-311,0002,0039,2019-05-09 08:06:00-07:00,2019-05-09 16:10:39-07:00,2.81,2019-05-09 09:02:48-07:00,America/Los_Angeles
5ce9de21f9af8b5fa31d9b44,"[{'userID': 1470, 'milesRequested': 90, 'WhPerMile': 292, 'minutesAvailable': 404, 'modifiedAt': 'Thu, 09 May 2019 15:18:33 GMT', 'paymentRequired': True, 'requestedDeparture': 'Thu, 09 May 2019 22:02:06 GMT', 'kWhRequested': 26.28}]",000001470,2_39_79_377_2019-05-09 15:18:05.772756,2-39-79-377,CA-325,0002,0039,2019-05-09 08:18:06-07:00,2019-05-09 16:54:23-07:00,18.123,2019-05-09 11:36:22-07:00,America/Los_Angeles
5ce9de21f9af8b5fa31d9b45,,,2_39_78_367_2019-05-09 15:26:40.848622,2-39-78-367,CA-494,0002,0039,2019-05-09 08:26:41-07:00,2019-05-09 18:02:28-07:00,1.017,2019-05-09 16:10:25-07:00,America/Los_Angeles
5ce9de21f9af8b5fa31d9b46,"[{'userID': 712, 'milesRequested': 30, 'WhPerMile': 600, 'minutesAvailable': 275, 'modifiedAt': 'Thu, 09 May 2019 15:27:36 GMT', 'paymentRequired': True, 'requestedDeparture': 'Thu, 09 May 2019 20:02:35 GMT', 'kWhRequested': 18.0}]",000000712,2_39_131_30_2019-05-09 15:27:34.822756,2-39-131-30,CA-305,0002,0039,2019-05-09 08:27:35-07:00,2019-05-09 18:16:43-07:00,4.628,2019-05-09 09:50:00-07:00,America/Los_Angeles
5ce9de21f9af8b5fa31d9b47,"[{'userID': 891, 'milesRequested': 20, 'WhPerMile': 300, 'minutesAvailable': 310, 'modifiedAt': 'Thu, 09 May 2019 15:27:50 GMT', 'paymentRequired': True, 'requestedDeparture': 'Thu, 09 May 2019 20:37:43 GMT', 'kWhRequested': 6.0}]",000000891,2_39_129_17_2019-05-09 15:27:43.229563,2-39-129-17,CA-307,0002,0039,2019-05-09 08:27:43-07:00,2019-05-09 18:02:25-07:00,1.935,2019-05-09 09:12:23-07:00,America/Los_Angeles
5ce9de21f9af8b5fa31d9b48,"[{'userID': 562, 'milesRequested': 20, 'WhPerMile': 375, 'minutesAvailable': 211, 'modifiedAt': 'Thu, 09 May 2019 15:28:54 GMT', 'paymentRequired': True, 'requestedDeparture': 'Thu, 09 May 2019 18:59:35 GMT', 'kWhRequested': 7.5}]",000000562,2_39_127_19_2019-05-09 15:28:35.482330,2-39-127-19,CA-309,0002,0039,2019-05-09 08:28:35-07:00,2019-05-09 12:19:31-07:00,4.413,2019-05-09 09:52:08-07:00,America/Los_Angeles
5ce9de21f9af8b5fa31d9b49,"[{'userID': 945, 'milesRequested': 50, 'WhPerMile': 600, 'minutesAvailable': 555, 'modifiedAt': 'Thu, 09 May 2019 15:35:24 GMT', 'paymentRequired': True, 'requestedDeparture': 'Fri, 10 May 2019 00:49:30 GMT', 'kWhRequested': 30.0}]",000000945,2_39_78_365_2019-05-09 15:34:29.743737,2-39-78-365,CA-321,0002,0039,2019-05-09 08:34:30-07:00,2019-05-09 15:42:21-07:00,13.332,2019-05-09 15:41:19-07:00,America/Los_Angeles
5ce9de21f9af8b5fa31d9b4a,"[{'userID': 743, 'milesRequested': 20, 'WhPerMile': 400, 'minutesAvailable': 497, 'modifiedAt': 'Thu, 09 May 2019 15:50:22 GMT', 'paymentRequired': True, 'requestedDeparture': 'Fri, 10 May 2019 00:07:02 GMT', 'kWhRequested': 8.0}]",000000743,2_39_89_25_2019-05-09 15:50:01.519210,2-39-89-25,CA-315,0002,0039,2019-05-09 08:50:02-07:00,2019-05-09 17:33:32-07:00,3.914,2019-05-09 10:08:26-07:00,America/Los_Angeles
5ce9de21f9af8b5fa31d9b4b,,,2_39_90_26_2019-05-09 15:56:11.857344,2-39-90-26,CA-316,0002,0039,2019-05-09 08:56:12-07:00,2019-05-09 16:47:26-07:00,0.863,2019-05-09 15:18:02-07:00,America/Los_Angeles
5ce9de21f9af8b5fa31d9b4c,,,2_39_79_378_2019-05-09 15:59:11.282145,2-39-79-378,CA-326,0002,0039,2019-05-09 08:59:11-07:00,2019-05-09 18:13:26-07:00,0.885,2019-05-09 16:27:37-07:00,America/Los_Angeles
5ce9de21f9af8b5fa31d9b4d,"[{'userID': 324, 'milesRequested': 20, 'WhPerMile': 600, 'minutesAvailable': 157, 'modifiedAt': 'Thu, 09 May 2019 16:26:39 GMT', 'paymentRequired': True, 'requestedDeparture': 'Thu, 09 May 2019 19:03:16 GMT', 'kWhRequested': 12.0}]",000000324,2_39_91_437_2019-05-09 16:26:15.889522,2-39-91-437,CA-317,0002,0039,2019-05-09 09:26:16-07:00,2019-05-09 17:17:03-07:00,2.302,2019-05-09 10:36:08-07:00,America/Los_Angeles
5ce9de21f9af8b5fa31d9b4e,"[{'userID': 1095, 'milesRequested': 30, 'WhPerMile': 469, 'minutesAvailable': 382, 'modifiedAt': 'Thu, 09 May 2019 17:04:00 GMT', 'paymentRequired': True, 'requestedDeparture': 'Thu, 09 May 2019 23:25:57 GMT', 'kWhRequested': 14.07}]",000001095,2_39_79_383_2019-05-09 17:03:57.244871,2-39-79-383,CA-492,0002,0039,2019-05-09 10:03:57-07:00,2019-05-09 18:04:31-07:00,11.146,2019-05-09 15:48:30-07:00,America/Los_Angeles
5ce9de21f9af8b5fa31d9b4f,"[{'userID': 567, 'milesRequested': 20, 'WhPerMile': 333, 'minutesAvailable': 425, 'modifiedAt': 'Thu, 09 May 2019 17:07:45 GMT', 'paymentRequired': True, 'requestedDeparture': 'Fri, 10 May 2019 00:12:09 GMT', 'kWhRequested': 6.66}]",000000567,2_39_126_20_2019-05-09 17:07:08.982445,2-39-126-20,CA-310,0002,0039,2019-05-09 10:07:09-07:00,2019-05-09 20:35:46-07:00,5.624,2019-05-09 11:49:04-07:00,America/Los_Angeles
5ce9de21f9af8b5fa31d9b50,"[{'userID': 69, 'milesRequested': 100, 'WhPerMile': 300, 'minutesAvailable': 310, 'modifiedAt': 'Thu, 09 May 2019 17:08:12 GMT', 'paymentRequired': True, 'requestedDeparture': 'Thu, 09 May 2019 22:17:58 GMT', 'kWhRequested': 30.0}]",000000069,2_39_79_380_2019-05-09 17:07:58.194022,2-39-79-380,CA-489,0002,0039,2019-05-09 10:07:58-07:00,2019-05-09 18:38:21-07:00,10.552,2019-05-09 11:52:55-07:00,America/Los_Angeles
5ce9de21f9af8b5fa31d9b51,"[{'userID': 1366, 'milesRequested': 20, 'WhPerMile': 600, 'minutesAvailable': 174, 'modifiedAt': 'Thu, 09 May 2019 17:08:58 GMT', 'paymentRequired': True, 'requestedDeparture': 'Thu, 09 May 2019 20:02:41 GMT', 'kWhRequested': 12.0}]",000001366,2_39_78_366_2019-05-09 17:08:40.929137,2-39-78-366,CA-323,0002,0039,2019-05-09 10:08:41-07:00,2019-05-09 18:46:58-07:00,6.284,2019-05-09 12:09:22-07:00,America/Los_Angeles
5ce9de21f9af8b5fa31d9b52,"[{'userID': 1137, 'milesRequested': 70, 'WhPerMile': 400, 'minutesAvailable': 250, 'modifiedAt': 'Thu, 09 May 2019 17:25:07 GMT', 'paymentRequired': True, 'requestedDeparture': 'Thu, 09 May 2019 21:35:01 GMT', 'kWhRequested': 28.0}]",000001137,2_39_78_360_2019-05-09 17:25:00.791439,2-39-78-360,CA-322,0002,0039,2019-05-09 10:25:01-07:00,2019-05-09 15:46:59-07:00,16.051,2019-05-09 14:17:18-07:00,America/Los_Angeles
5ce9de21f9af8b5fa31d9b53,"[{'userID': 668, 'milesRequested': 50, 'WhPerMile': 400, 'minutesAvailable': 233, 'modifiedAt': 'Thu, 09 May 2019 17:27:05 GMT', 'paymentRequired': True, 'requestedDeparture': 'Thu, 09 May 2019 21:19:51 GMT', 'kWhRequested': 20.0}, {'userID': 668, 'milesRequested': 50, 'WhPerMile': 400, 'minutesAvailable': 233, 'modifiedAt': 'Thu, 09 May 2019 18:04:24 GMT', 'paymentRequired': True, 'requestedDeparture': 'Thu, 09 May 2019 21:19:51 GMT', 'kWhRequested': 20.0}]",000000668,2_39_95_27_2019-05-09 17:26:51.119879,2-39-95-27,CA-319,0002,0039,2019-05-09 10:26:51-07:00,2019-05-09 11:24:19-07:00,6.619,2019-05-09 11:24:15-07:00,America/Los_Angeles
5ce9de21f9af8b5fa31d9b54,"[{'userID': 1953, 'milesRequested': 20, 'WhPerMile': 400, 'minutesAvailable': 280, 'modifiedAt': 'Thu, 09 May 2019 17:36:11 GMT', 'paymentRequired': True, 'requestedDeparture': 'Thu, 09 May 2019 22:15:53 GMT', 'kWhRequested': 8.0}]",000001953,2_39_78_364_2019-05-09 17:35:53.468635,2-39-78-364,CA-495,0002,0039,2019-05-09 10:35:53-07:00,2019-05-09 15:44:51-07:00,4.243,2019-05-09 12:42:35-07:00,America/Los_Angeles
5ce9de21f9af8b5fa31d9b55,"[{'userID': 850, 'milesRequested': 100, 'WhPerMile': 300, 'minutesAvailable': 720, 'modifiedAt': 'Thu, 09 May 2019 17:44:24 GMT', 'paymentRequired': True, 'requestedDeparture': 'Fri, 10 May 2019 05:42:28 GMT', 'kWhRequested': 30.0}]",000000850,2_39_92_442_2019-05-09 17:42:27.963479,2-39-92-442,CA-498,0002,0039,2019-05-09 10:42:28-07:00,2019-05-10 04:40:34-07:00,12.387,2019-05-09 12:42:50-07:00,America/Los_Angeles
5ce9de21f9af8b5fa31d9b56,"[{'userID': 832, 'milesRequested': 100, 'WhPerMile': 300, 'minutesAvailable': 323, 'modifiedAt': 'Thu, 09 May 2019 18:13:10 GMT', 'paymentRequired': True, 'requestedDeparture': 'Thu, 09 May 2019 23:34:22 GMT', 'kWhRequested': 30.0}]",000000832,2_39_78_362_2019-05-09 18:11:22.480032,2-39-78-362,CA-496,0002,0039,2019-05-09 11:11:22-07:00,2019-05-09 16:38:17-07:00,29.882,2019-05-09 16:39:14-07:00,America/Los_Angeles
5ce9de21f9af8b5fa31d9b57,"[{'userID': 1082, 'milesRequested': 40, 'WhPerMile': 400, 'minutesAvailable': 291, 'modifiedAt': 'Thu, 09 May 2019 19:00:22 GMT', 'paymentRequired': True, 'requestedDeparture': 'Thu, 09 May 2019 23:50:35 GMT', 'kWhRequested': 16.0}]",000001082,2_39_95_27_2019-05-09 18:59:35.357676,2-39-95-27,CA-319,0002,0039,2019-05-09 11:59:35-07:00,2019-05-09 20:42:20-07:00,2.116,2019-05-09 13:02:34-07:00,America/Los_Angeles
5ce9de21f9af8b5fa31d9b58,"[{'userID': 668, 'milesRequested': 50, 'WhPerMile': 400, 'minutesAvailable': 233, 'modifiedAt': 'Thu, 09 May 2019 19:22:44 GMT', 'paymentRequired': True, 'requestedDeparture': 'Thu, 09 May 2019 23:14:46 GMT', 'kWhRequested': 20.0}]",000000668,2_39_88_438_2019-05-09 19:21:46.219155,2-39-88-438,CA-502,0002,0039,2019-05-09 12:21:46-07:00,2019-05-09 15:41:42-07:00,8.911,2019-05-09 13:44:47-07:00,America/Los_Angeles
5ce9de21f9af8b5fa31d9b59,"[{'userID': 1124, 'milesRequested': 20, 'WhPerMile': 450, 'minutesAvailable': 60, 'modifiedAt': 'Thu, 09 May 2019 19:50:26 GMT', 'paymentRequired': True, 'requestedDeparture': 'Thu, 09 May 2019 20:49:36 GMT', 'kWhRequested': 9.0}]",000001124,2_39_78_363_2019-05-09 19:49:36.108319,2-39-78-363,CA-320,0002,0039,2019-05-09 12:49:36-07:00,2019-05-09 18:19:04-07:00,6.597,2019-05-09 14:51:10-07:00,America/Los_Angeles
5ce9de21f9af8b5fa31d9b5a,"[{'userID': 560, 'milesRequested': 20, 'WhPerMile': 273, 'minutesAvailable': 304, 'modifiedAt': 'Thu, 09 May 2019 20:11:13 GMT', 'paymentRequired': True, 'requestedDeparture': 'Fri, 10 May 2019 01:13:39 GMT', 'kWhRequested': 5.46}]",000000560,2_39_88_24_2019-05-09 20:09:39.312348,2-39-88-24,CA-314,0002,0039,2019-05-09 13:09:39-07:00,2019-05-09 15:55:53-07:00,1.373,2019-05-09 14:04:06-07:00,America/Los_Angeles
5ce9de21f9af8b5fa31d9b5b,"[{'userID': 562, 'milesRequested': 10, 'WhPerMile': 375, 'minutesAvailable': 211, 'modifiedAt': 'Thu, 09 May 2019 20:28:34 GMT', 'paymentRequired': True, 'requestedDeparture': 'Thu, 09 May 2019 23:59:05 GMT', 'kWhRequested': 3.75}]",000000562,2_39_123_23_2019-05-09 20:28:05.156721,2-39-123-23,CA-313,0002,0039,2019-05-09 13:28:05-07:00,2019-05-09 18:39:55-07:00,1.812,2019-05-09 14:04:08-07:00,America/Los_Angeles
5ce9de21f9af8b5fa31d9b5c,"[{'userID': 1093, 'milesRequested': 30, 'WhPerMile': 333, 'minutesAvailable': 282, 'modifiedAt': 'Thu, 09 May 2019 21:13:18 GMT', 'paymentRequired': True, 'requestedDeparture': 'Fri, 10 May 2019 01:54:44 GMT', 'kWhRequested': 9.99}]",000001093,2_39_92_436_2019-05-09 21:12:43.908712,2-39-92-436,CA-318,0002,0039,2019-05-09 14:12:44-07:00,2019-05-09 17:13:57-07:00,6.019,2019-05-09 16:08:19-07:00,America/Los_Angeles
5ce9de21f9af8b5fa31d9b5d,,,2_39_90_440_2019-05-09 21:14:16.421686,2-39-90-440,CA-500,0002,0039,2019-05-09 14:14:16-07:00,2019-05-09 14:54:20-07:00,0.887,2019-05-09 14:45:28-07:00,America/Los_Angeles
5ce9de21f9af8b5fa31d9b5e,"[{'userID': 1126, 'milesRequested': 80, 'WhPerMile': 250, 'minutesAvailable': 418, 'modifiedAt': 'Thu, 09 May 2019 22:10:53 GMT', 'paymentRequired': True, 'requestedDeparture': 'Fri, 10 May 2019 05:08:41 GMT', 'kWhRequested': 20.0}]",000001126,2_39_79_382_2019-05-09 22:10:40.916707,2-39-79-382,CA-491,0002,0039,2019-05-09 15:10:41-07:00,2019-05-09 17:23:37-07:00,2.465,2019-05-09 15:50:09-07:00,America/Los_Angeles
5ce9de21f9af8b5fa31d9b5f,"[{'userID': 1133, 'milesRequested': 20, 'WhPerMile': 400, 'minutesAvailable': 60, 'modifiedAt': 'Fri, 10 May 2019 00:42:34 GMT', 'paymentRequired': True, 'requestedDeparture': 'Fri, 10 May 2019 01:42:10 GMT', 'kWhRequested': 8.0}]",000001133,2_39_138_29_2019-05-10 00:42:10.400782,2-39-138-29,CA-304,0002,0039,2019-05-09 17:42:10-07:00,2019-05-09 19:37:26-07:00,7.887,2019-05-09 18:58:17-07:00,America/Los_Angeles
5ce9de21f9af8b5fa31d9b60,"[{'userID': 1152, 'milesRequested': 40, 'WhPerMile': 300, 'minutesAvailable': 60, 'modifiedAt': 'Fri, 10 May 2019 00:43:53 GMT', 'paymentRequired': True, 'requestedDeparture': 'Fri, 10 May 2019 01:43:42 GMT', 'kWhRequested': 12.0}]",000001152,2_39_130_31_2019-05-10 00:43:42.034188,2-39-130-31,CA-306,0002,0039,2019-05-09 17:43:42-07:00,2019-05-10 08:35:42-07:00,11.875,2019-05-09 21:06:54-07:00,America/Los_Angeles
5ce9de21f9af8b5fa31d9b61,"[{'userID': 1746, 'milesRequested': 60, 'WhPerMile': 600, 'minutesAvailable': 84, 'modifiedAt': 'Fri, 10 May 2019 00:46:23 GMT', 'paymentRequired': True, 'requestedDeparture': 'Fri, 10 May 2019 02:10:06 GMT', 'kWhRequested': 36.0}, {'userID': 1746, 'milesRequested': 60, 'WhPerMile': 600, 'minutesAvailable': 84, 'modifiedAt': 'Fri, 10 May 2019 00:46:35 GMT', 'paymentRequired': True, 'requestedDeparture': 'Fri, 10 May 2019 02:10:06 GMT', 'kWhRequested': 36.0}, {'userID': 1746, 'milesRequested': 60, 'WhPerMile': 600, 'minutesAvailable': 84, 'modifiedAt': 'Fri, 10 May 2019 00:47:00 GMT', 'paymentRequired': True, 'requestedDeparture': 'Fri, 10 May 2019 02:10:06 GMT', 'kWhRequested': 36.0}, {'userID': 1746, 'milesRequested': 60, 'WhPerMile': 600, 'minutesAvailable': 84, 'modifiedAt': 'Fri, 10 May 2019 03:29:37 GMT', 'paymentRequired': True, 'requestedDeparture': 'Fri, 10 May 2019 02:10:06 GMT', 'kWhRequested': 36.0}]",000001746,2_39_78_362_2019-05-10 00:46:06.335063,2-39-78-362,CA-496,0002,0039,2019-05-09 17:46:06-07:00,2019-05-09 20:29:47-07:00,4.377,2019-05-09 20:30:45-07:00,America/Los_Angeles
5ce9de21f9af8b5fa31d9b62,"[{'userID': 1108, 'milesRequested': 50, 'WhPerMile': 400, 'minutesAvailable': 245, 'modifiedAt': 'Fri, 10 May 2019 01:28:48 GMT', 'paymentRequired': True, 'requestedDeparture': 'Fri, 10 May 2019 05:33:46 GMT', 'kWhRequested': 20.0}]",000001108,2_39_91_437_2019-05-10 01:28:45.888224,2-39-91-437,CA-317,0002,0039,2019-05-09 18:28:46-07:00,2019-05-09 22:17:39-07:00,13.564,2019-05-09 22:17:35-07:00,America/Los_Angeles
5ce9de21f9af8b5fa31d9b63,,,2_39_139_28_2019-05-10 01:49:22.989082,2-39-139-28,CA-303,0002,0039,2019-05-09 18:49:23-07:00,2019-05-09 19:53:53-07:00,0.846,2019-05-09 19:20:11-07:00,America/Los_Angeles
5ce9de21f9af8b5fa31d9b64,"[{'userID': 1263, 'milesRequested': 70, 'WhPerMile': 250, 'minutesAvailable': 61, 'modifiedAt': 'Fri, 10 May 2019 03:29:16 GMT', 'paymentRequired': True, 'requestedDeparture': 'Fri, 10 May 2019 04:29:37 GMT', 'kWhRequested': 17.5}]",000001263,2_39_139_28_2019-05-10 03:28:37.353195,2-39-139-28,CA-303,0002,0039,2019-05-09 20:28:37-07:00,2019-05-09 21:54:12-07:00,7.506,2019-05-09 21:54:00-07:00,America/Los_Angeles
5ceb2fa0f9af8b6513780ab8,"[{'userID': 743, 'milesRequested': 20, 'WhPerMile': 400, 'minutesAvailable': 64, 'modifiedAt': 'Fri, 10 May 2019 13:26:20 GMT', 'paymentRequired': True, 'requestedDeparture': 'Fri, 10 May 2019 14:29:17 GMT', 'kWhRequested': 8.0}]",000000743,2_39_89_25_2019-05-10 13:25:17.032352,2-39-89-25,CA-315,0002,0039,2019-05-10 06:25:17-07:00,2019-05-10 07:39:33-07:00,3.816,2019-05-10 07:39:28-07:00,America/Los_Angeles
5ceb2fa0f9af8b6513780ab9,"[{'userID': 560, 'milesRequested': 80, 'WhPerMile': 273, 'minutesAvailable': 304, 'modifiedAt': 'Fri, 10 May 2019 13:29:13 GMT', 'paymentRequired': True, 'requestedDeparture': 'Fri, 10 May 2019 18:32:57 GMT', 'kWhRequested': 21.84}]",000000560,2_39_88_24_2019-05-10 13:28:56.874603,2-39-88-24,CA-314,0002,0039,2019-05-10 06:28:57-07:00,2019-05-10 15:52:20-07:00,18.276,2019-05-10 10:00:57-07:00,America/Los_Angeles
5ceb2fa0f9af8b6513780aba,"[{'userID': 710, 'milesRequested': 90, 'WhPerMile': 261, 'minutesAvailable': 306, 'modifiedAt': 'Fri, 10 May 2019 14:09:09 GMT', 'paymentRequired': True, 'requestedDeparture': 'Fri, 10 May 2019 19:14:16 GMT', 'kWhRequested': 23.49}]",000000710,2_39_139_28_2019-05-10 14:08:15.889810,2-39-139-28,CA-303,0002,0039,2019-05-10 07:08:16-07:00,2019-05-10 12:21:53-07:00,11.355,2019-05-10 08:56:45-07:00,America/Los_Angeles
5ceb2fa0f9af8b6513780abb,"[{'userID': 563, 'milesRequested': 100, 'WhPerMile': 200, 'minutesAvailable': 437, 'modifiedAt': 'Fri, 10 May 2019 14:44:10 GMT', 'paymentRequired': True, 'requestedDeparture': 'Fri, 10 May 2019 22:00:36 GMT', 'kWhRequested': 20.0}]",000000563,2_39_79_380_2019-05-10 14:43:36.027579,2-39-79-380,CA-489,0002,0039,2019-05-10 07:43:36-07:00,2019-05-10 16:16:49-07:00,19.885,2019-05-10 15:03:03-07:00,America/Los_Angeles
5ceb2fa0f9af8b6513780abc,"[{'userID': 858, 'milesRequested': 20, 'WhPerMile': 400, 'minutesAvailable': 223, 'modifiedAt': 'Fri, 10 May 2019 14:58:36 GMT', 'paymentRequired': True, 'requestedDeparture': 'Fri, 10 May 2019 18:39:56 GMT', 'kWhRequested': 8.0}]",000000858,2_39_123_23_2019-05-10 14:56:56.061762,2-39-123-23,CA-313,0002,0039,2019-05-10 07:56:56-07:00,2019-05-10 16:11:53-07:00,4.426,2019-05-10 09:21:23-07:00,America/Los_Angeles
5ceb2fa0f9af8b6513780abd,"[{'userID': 818, 'milesRequested': 220, 'WhPerMile': 250, 'minutesAvailable': 504, 'modifiedAt': 'Fri, 10 May 2019 15:12:02 GMT', 'paymentRequired': True, 'requestedDeparture': 'Fri, 10 May 2019 23:35:40 GMT', 'kWhRequested': 55.0}]",000000818,2_39_92_442_2019-05-10 15:11:39.827049,2-39-92-442,CA-498,0002,0039,2019-05-10 08:11:40-07:00,2019-05-10 15:55:09-07:00,51.294,2019-05-10 15:55:05-07:00,America/Los_Angeles
5ceb2fa0f9af8b6513780abe,"[{'userID': 1126, 'milesRequested': 80, 'WhPerMile': 250, 'minutesAvailable': 418, 'modifiedAt': 'Fri, 10 May 2019 15:23:36 GMT', 'paymentRequired': True, 'requestedDeparture': 'Fri, 10 May 2019 22:20:57 GMT', 'kWhRequested': 20.0}]",000001126,2_39_79_379_2019-05-10 15:22:57.140397,2-39-79-379,CA-327,0002,0039,2019-05-10 08:22:57-07:00,2019-05-10 13:59:57-07:00,1.49,2019-05-10 08:47:07-07:00,America/Los_Angeles
5ceb2fa0f9af8b6513780abf,"[{'userID': 559, 'milesRequested': 60, 'WhPerMile': 313, 'minutesAvailable': 240, 'modifiedAt': 'Fri, 10 May 2019 15:30:59 GMT', 'paymentRequired': True, 'requestedDeparture': 'Fri, 10 May 2019 19:30:01 GMT', 'kWhRequested': 18.78}]",000000559,2_39_79_377_2019-05-10 15:30:01.346637,2-39-79-377,CA-325,0002,0039,2019-05-10 08:30:01-07:00,2019-05-10 13:54:24-07:00,16.702,2019-05-10 12:19:45-07:00,America/Los_Angeles
5ceb2fa0f9af8b6513780ac0,,,2_39_79_378_2019-05-10 15:35:31.761839,2-39-79-378,CA-326,0002,0039,2019-05-10 08:35:32-07:00,2019-05-10 18:27:17-07:00,1.722,2019-05-10 17:13:55-07:00,America/Los_Angeles
5ceb2fa0f9af8b6513780ac1,"[{'userID': 1470, 'milesRequested': 60, 'WhPerMile': 292, 'minutesAvailable': 404, 'modifiedAt': 'Fri, 10 May 2019 15:43:05 GMT', 'paymentRequired': True, 'requestedDeparture': 'Fri, 10 May 2019 22:26:29 GMT', 'kWhRequested': 17.52}, {'userID': 1470, 'milesRequested': 60, 'WhPerMile': 292, 'minutesAvailable': 404, 'modifiedAt': 'Fri, 10 May 2019 16:06:23 GMT', 'paymentRequired': True, 'requestedDeparture': 'Fri, 10 May 2019 22:26:29 GMT', 'kWhRequested': 17.52}]",000001470,2_39_78_366_2019-05-10 15:42:29.311540,2-39-78-366,CA-323,0002,0039,2019-05-10 08:42:29-07:00,2019-05-10 16:18:38-07:00,11.052,2019-05-10 15:55:04-07:00,America/Los_Angeles
5ceb2fa0f9af8b6513780ac2,,,2_39_95_27_2019-05-10 15:57:19.910788,2-39-95-27,CA-319,0002,0039,2019-05-10 08:57:20-07:00,2019-05-10 16:52:27-07:00,5.323,2019-05-10 16:23:51-07:00,America/Los_Angeles
5ceb2fa0f9af8b6513780ac3,"[{'userID': 1534, 'milesRequested': 40, 'WhPerMile': 250, 'minutesAvailable': 404, 'modifiedAt': 'Fri, 10 May 2019 16:02:55 GMT', 'paymentRequired': True, 'requestedDeparture': 'Fri, 10 May 2019 22:46:16 GMT', 'kWhRequested': 10.0}]",000001534,2_39_126_560_2019-05-10 16:02:16.272461,2-39-126-560,CA-506,0002,0039,2019-05-10 09:02:16-07:00,2019-05-10 16:00:07-07:00,9.872,2019-05-10 12:04:23-07:00,America/Los_Angeles
5ceb2fa0f9af8b6513780ac4,"[{'userID': 743, 'milesRequested': 20, 'WhPerMile': 400, 'minutesAvailable': 440, 'modifiedAt': 'Fri, 10 May 2019 16:09:45 GMT', 'paymentRequired': True, 'requestedDeparture': 'Fri, 10 May 2019 23:29:12 GMT', 'kWhRequested': 8.0}]",000000743,2_39_90_440_2019-05-10 16:09:12.374611,2-39-90-440,CA-500,0002,0039,2019-05-10 09:09:12-07:00,2019-05-10 17:20:40-07:00,4.347,2019-05-10 10:36:21-07:00,America/Los_Angeles
5ceb2fa0f9af8b6513780ac5,"[{'userID': 324, 'milesRequested': 20, 'WhPerMile': 600, 'minutesAvailable': 157, 'modifiedAt': 'Fri, 10 May 2019 16:15:18 GMT', 'paymentRequired': True, 'requestedDeparture': 'Fri, 10 May 2019 18:52:06 GMT', 'kWhRequested': 12.0}]",000000324,2_39_89_25_2019-05-10 16:15:06.108425,2-39-89-25,CA-315,0002,0039,2019-05-10 09:15:06-07:00,2019-05-10 18:23:15-07:00,2.33,2019-05-10 10:25:50-07:00,America/Los_Angeles
5ceb2fa0f9af8b6513780ac6,"[{'userID': 1481, 'milesRequested': 20, 'WhPerMile': 400, 'minutesAvailable': 61, 'modifiedAt': 'Fri, 10 May 2019 16:33:57 GMT', 'paymentRequired': True, 'requestedDeparture': 'Fri, 10 May 2019 17:24:48 GMT', 'kWhRequested': 8.0}]",000001481,2_39_128_18_2019-05-10 16:23:48.115268,2-39-128-18,CA-308,0002,0039,2019-05-10 09:23:48-07:00,2019-05-10 11:34:50-07:00,4.11,2019-05-10 10:44:31-07:00,America/Los_Angeles
5ceb2fa0f9af8b6513780ac7,"[{'userID': 712, 'milesRequested': 30, 'WhPerMile': 600, 'minutesAvailable': 275, 'modifiedAt': 'Fri, 10 May 2019 16:32:25 GMT', 'paymentRequired': True, 'requestedDeparture': 'Fri, 10 May 2019 21:07:19 GMT', 'kWhRequested': 18.0}]",000000712,2_39_127_19_2019-05-10 16:32:19.081504,2-39-127-19,CA-309,0002,0039,2019-05-10 09:32:19-07:00,2019-05-10 21:48:03-07:00,5.687,2019-05-10 11:11:53-07:00,America/Los_Angeles
5ceb2fa0f9af8b6513780ac8,"[{'userID': 714, 'milesRequested': 90, 'WhPerMile': 200, 'minutesAvailable': 364, 'modifiedAt': 'Fri, 10 May 2019 16:34:37 GMT', 'paymentRequired': True, 'requestedDeparture': 'Fri, 10 May 2019 22:38:13 GMT', 'kWhRequested': 18.0}]",000000714,2_39_79_381_2019-05-10 16:34:13.171779,2-39-79-381,CA-490,0002,0039,2019-05-10 09:34:13-07:00,2019-05-10 17:35:10-07:00,6.009,2019-05-10 11:33:49-07:00,America/Los_Angeles
5ceb2fa0f9af8b6513780ac9,"[{'userID': 567, 'milesRequested': 20, 'WhPerMile': 333, 'minutesAvailable': 425, 'modifiedAt': 'Fri, 10 May 2019 16:57:15 GMT', 'paymentRequired': True, 'requestedDeparture': 'Sat, 11 May 2019 00:02:01 GMT', 'kWhRequested': 6.66}]",000000567,2_39_90_26_2019-05-10 16:57:01.226605,2-39-90-26,CA-316,0002,0039,2019-05-10 09:57:01-07:00,2019-05-10 18:11:42-07:00,5.957,2019-05-10 11:45:38-07:00,America/Los_Angeles
5ceb2fa0f9af8b6513780aca,"[{'userID': 558, 'milesRequested': 70, 'WhPerMile': 200, 'minutesAvailable': 539, 'modifiedAt': 'Fri, 10 May 2019 17:07:28 GMT', 'paymentRequired': True, 'requestedDeparture': 'Sat, 11 May 2019 02:06:25 GMT', 'kWhRequested': 14.0}]",000000558,2_39_92_436_2019-05-10 17:07:25.233587,2-39-92-436,CA-318,0002,0039,2019-05-10 10:07:25-07:00,2019-05-10 19:15:19-07:00,11.333,2019-05-10 11:56:54-07:00,America/Los_Angeles
5ceb2fa0f9af8b6513780acb,"[{'userID': 1095, 'milesRequested': 30, 'WhPerMile': 469, 'minutesAvailable': 382, 'modifiedAt': 'Fri, 10 May 2019 17:19:26 GMT', 'paymentRequired': True, 'requestedDeparture': 'Fri, 10 May 2019 23:41:17 GMT', 'kWhRequested': 14.07}]",000001095,2_39_78_365_2019-05-10 17:19:16.999117,2-39-78-365,CA-321,0002,0039,2019-05-10 10:19:17-07:00,2019-05-10 17:35:20-07:00,11.45,2019-05-10 15:13:44-07:00,America/Los_Angeles
5ceb2fa0f9af8b6513780acc,"[{'userID': 1153, 'milesRequested': 40, 'WhPerMile': 600, 'minutesAvailable': 369, 'modifiedAt': 'Fri, 10 May 2019 17:40:42 GMT', 'paymentRequired': True, 'requestedDeparture': 'Fri, 10 May 2019 23:48:09 GMT', 'kWhRequested': 24.0}]",000001153,2_39_78_362_2019-05-10 17:39:08.528902,2-39-78-362,CA-496,0002,0039,2019-05-10 10:39:09-07:00,2019-05-10 17:26:52-07:00,13.677,2019-05-10 17:27:51-07:00,America/Los_Angeles
5ceb2fa0f9af8b6513780acd,"[{'userID': 69, 'milesRequested': 100, 'WhPerMile': 300, 'minutesAvailable': 310, 'modifiedAt': 'Fri, 10 May 2019 17:59:56 GMT', 'paymentRequired': True, 'requestedDeparture': 'Fri, 10 May 2019 23:09:45 GMT', 'kWhRequested': 30.0}]",000000069,2_39_89_439_2019-05-10 17:59:44.622904,2-39-89-439,CA-501,0002,0039,2019-05-10 10:59:45-07:00,2019-05-10 17:46:49-07:00,13.147,2019-05-10 13:08:04-07:00,America/Los_Angeles
5ceb2fa0f9af8b6513780ace,"[{'userID': 1274, 'milesRequested': 50, 'WhPerMile': 333, 'minutesAvailable': 377, 'modifiedAt': 'Fri, 10 May 2019 18:04:19 GMT', 'paymentRequired': True, 'requestedDeparture': 'Sat, 11 May 2019 00:19:02 GMT', 'kWhRequested': 16.65}]",000001274,2_39_78_360_2019-05-10 18:02:02.360273,2-39-78-360,CA-322,0002,0039,2019-05-10 11:02:02-07:00,2019-05-10 18:33:09-07:00,15.056,2019-05-10 15:17:25-07:00,America/Los_Angeles
5ceb2fa0f9af8b6513780acf,"[{'userID': 515, 'milesRequested': 40, 'WhPerMile': 250, 'minutesAvailable': 258, 'modifiedAt': 'Fri, 10 May 2019 18:26:49 GMT', 'paymentRequired': True, 'requestedDeparture': 'Fri, 10 May 2019 22:44:31 GMT', 'kWhRequested': 10.0}, {'userID': 515, 'milesRequested': 40, 'WhPerMile': 250, 'minutesAvailable': 258, 'modifiedAt': 'Fri, 10 May 2019 19:10:12 GMT', 'paymentRequired': True, 'requestedDeparture': 'Fri, 10 May 2019 22:44:31 GMT', 'kWhRequested': 10.0}]",000000515,2_39_78_367_2019-05-10 18:26:30.869663,2-39-78-367,CA-494,0002,0039,2019-05-10 11:26:31-07:00,2019-05-10 17:39:19-07:00,7.309,2019-05-10 15:29:01-07:00,America/Los_Angeles
5ceb2fa0f9af8b6513780ad0,"[{'userID': 850, 'milesRequested': 100, 'WhPerMile': 300, 'minutesAvailable': 720, 'modifiedAt': 'Fri, 10 May 2019 18:56:32 GMT', 'paymentRequired': True, 'requestedDeparture': 'Sat, 11 May 2019 06:54:54 GMT', 'kWhRequested': 30.0}]",000000850,2_39_88_438_2019-05-10 18:54:54.298225,2-39-88-438,CA-502,0002,0039,2019-05-10 11:54:54-07:00,2019-05-11 03:39:18-07:00,17.908,2019-05-10 14:48:53-07:00,America/Los_Angeles
5ceb2fa0f9af8b6513780ad1,"[{'userID': 620, 'milesRequested': 50, 'WhPerMile': 500, 'minutesAvailable': 384, 'modifiedAt': 'Fri, 10 May 2019 19:15:47 GMT', 'paymentRequired': True, 'requestedDeparture': 'Sat, 11 May 2019 01:38:41 GMT', 'kWhRequested': 25.0}]",000000620,2_39_78_363_2019-05-10 19:14:40.828080,2-39-78-363,CA-320,0002,0039,2019-05-10 12:14:41-07:00,2019-05-10 17:06:42-07:00,13.087,2019-05-10 15:51:20-07:00,America/Los_Angeles
5ceb2fa0f9af8b6513780ad2,"[{'userID': 1082, 'milesRequested': 40, 'WhPerMile': 400, 'minutesAvailable': 291, 'modifiedAt': 'Fri, 10 May 2019 19:39:09 GMT', 'paymentRequired': True, 'requestedDeparture': 'Sat, 11 May 2019 00:29:42 GMT', 'kWhRequested': 16.0}]",000001082,2_39_91_437_2019-05-10 19:38:41.729462,2-39-91-437,CA-317,0002,0039,2019-05-10 12:38:42-07:00,2019-05-10 22:24:01-07:00,1.942,2019-05-10 13:37:20-07:00,America/Los_Angeles
5ceb2fa0f9af8b6513780ad3,"[{'userID': 1384, 'milesRequested': 30, 'WhPerMile': 400, 'minutesAvailable': 135, 'modifiedAt': 'Fri, 10 May 2019 20:07:08 GMT', 'paymentRequired': True, 'requestedDeparture': 'Fri, 10 May 2019 22:21:51 GMT', 'kWhRequested': 12.0}, {'userID': 1384, 'milesRequested': 30, 'WhPerMile': 400, 'minutesAvailable': 135, 'modifiedAt': 'Fri, 10 May 2019 20:08:16 GMT', 'paymentRequired': True, 'requestedDeparture': 'Fri, 10 May 2019 22:21:51 GMT', 'kWhRequested': 12.0}, {'userID': 1384, 'milesRequested': 40, 'WhPerMile': 400, 'minutesAvailable': 135, 'modifiedAt': 'Fri, 10 May 2019 20:10:39 GMT', 'paymentRequired': True, 'requestedDeparture': 'Fri, 10 May 2019 22:21:51 GMT', 'kWhRequested': 16.0}, {'userID': 1384, 'milesRequested': 50, 'WhPerMile': 400, 'minutesAvailable': 135, 'modifiedAt': 'Fri, 10 May 2019 20:10:43 GMT', 'paymentRequired': True, 'requestedDeparture': 'Fri, 10 May 2019 22:21:51 GMT', 'kWhRequested': 20.0}]",000001384,2_39_124_22_2019-05-10 20:06:50.702615,2-39-124-22,CA-312,0002,0039,2019-05-10 13:06:51-07:00,2019-05-10 17:22:52-07:00,6.37,2019-05-10 14:57:22-07:00,America/Los_Angeles
5ceb2fa0f9af8b6513780ad4,"[{'userID': 627, 'milesRequested': 180, 'WhPerMile': 278, 'minutesAvailable': 135, 'modifiedAt': 'Fri, 10 May 2019 20:09:36 GMT', 'paymentRequired': True, 'requestedDeparture': 'Fri, 10 May 2019 22:24:36 GMT', 'kWhRequested': 50.04}, {'userID': 627, 'milesRequested': 180, 'WhPerMile': 278, 'minutesAvailable': 135, 'modifiedAt': 'Fri, 10 May 2019 20:51:07 GMT', 'paymentRequired': True, 'requestedDeparture': 'Fri, 10 May 2019 22:24:36 GMT', 'kWhRequested': 50.04}]",000000627,2_39_128_18_2019-05-10 20:09:09.962051,2-39-128-18,CA-308,0002,0039,2019-05-10 13:09:36-07:00,2019-05-10 14:16:59-07:00,7.462,2019-05-10 14:16:55-07:00,America/Los_Angeles
5ceb2fa0f9af8b6513780ad5,,,2_39_126_20_2019-05-10 20:20:08.483145,2-39-126-20,CA-310,0002,0039,2019-05-10 13:20:08-07:00,2019-05-10 15:38:36-07:00,0.883,2019-05-10 15:39:34-07:00,America/Los_Angeles
5ceb2fa0f9af8b6513780ad6,"[{'userID': 1124, 'milesRequested': 20, 'WhPerMile': 450, 'minutesAvailable': 60, 'modifiedAt': 'Fri, 10 May 2019 20:56:04 GMT', 'paymentRequired': True, 'requestedDeparture': 'Fri, 10 May 2019 21:54:48 GMT', 'kWhRequested': 9.0}]",000001124,2_39_79_383_2019-05-10 20:54:48.501709,2-39-79-383,CA-492,0002,0039,2019-05-10 13:54:48-07:00,2019-05-10 18:26:35-07:00,6.449,2019-05-10 15:53:33-07:00,America/Los_Angeles
5ceb2fa0f9af8b6513780ad7,"[{'userID': 1161, 'milesRequested': 40, 'WhPerMile': 400, 'minutesAvailable': 69, 'modifiedAt': 'Fri, 10 May 2019 21:34:13 GMT', 'paymentRequired': True, 'requestedDeparture': 'Fri, 10 May 2019 22:43:04 GMT', 'kWhRequested': 16.0}]",000001161,2_39_138_29_2019-05-10 21:34:04.344187,2-39-138-29,CA-304,0002,0039,2019-05-10 14:34:04-07:00,2019-05-10 15:48:33-07:00,4.06,2019-05-10 15:48:29-07:00,America/Los_Angeles
5ceb2fa0f9af8b6513780ad8,"[{'userID': 891, 'milesRequested': 20, 'WhPerMile': 300, 'minutesAvailable': 310, 'modifiedAt': 'Fri, 10 May 2019 22:27:16 GMT', 'paymentRequired': True, 'requestedDeparture': 'Sat, 11 May 2019 03:37:06 GMT', 'kWhRequested': 6.0}]",000000891,2_39_79_379_2019-05-10 22:27:06.195250,2-39-79-379,CA-327,0002,0039,2019-05-10 15:27:06-07:00,2019-05-10 17:09:58-07:00,2.554,2019-05-10 16:22:04-07:00,America/Los_Angeles
5ceb2fa0f9af8b6513780ad9,"[{'userID': 2290, 'milesRequested': 20, 'WhPerMile': 400, 'minutesAvailable': 117, 'modifiedAt': 'Fri, 10 May 2019 23:12:02 GMT', 'paymentRequired': True, 'requestedDeparture': 'Sat, 11 May 2019 01:04:12 GMT', 'kWhRequested': 8.0}]",000002290,2_39_138_29_2019-05-10 23:07:12.247776,2-39-138-29,CA-304,0002,0039,2019-05-10 16:07:12-07:00,2019-05-10 17:51:30-07:00,7.868,2019-05-10 17:32:43-07:00,America/Los_Angeles
5ceb2fa0f9af8b6513780ada,"[{'userID': 1746, 'milesRequested': 60, 'WhPerMile': 600, 'minutesAvailable': 80, 'modifiedAt': 'Fri, 10 May 2019 23:55:53 GMT', 'paymentRequired': True, 'requestedDeparture': 'Sat, 11 May 2019 01:15:34 GMT', 'kWhRequested': 36.0}, {'userID': 1746, 'milesRequested': 60, 'WhPerMile': 600, 'minutesAvailable': 80, 'modifiedAt': 'Fri, 10 May 2019 23:56:01 GMT', 'paymentRequired': True, 'requestedDeparture': 'Sat, 11 May 2019 01:15:34 GMT', 'kWhRequested': 36.0}, {'userID': 1746, 'milesRequested': 60, 'WhPerMile': 600, 'minutesAvailable': 64, 'modifiedAt': 'Fri, 10 May 2019 23:56:42 GMT', 'paymentRequired': True, 'requestedDeparture': 'Sat, 11 May 2019 00:59:34 GMT', 'kWhRequested': 36.0}, {'userID': 1746, 'milesRequested': 60, 'WhPerMile': 600, 'minutesAvailable': 64, 'modifiedAt': 'Sat, 11 May 2019 01:04:07 GMT', 'paymentRequired': True, 'requestedDeparture': 'Sat, 11 May 2019 00:59:34 GMT', 'kWhRequested': 36.0}]",000001746,2_39_123_23_2019-05-10 23:55:33.765469,2-39-123-23,CA-313,0002,0039,2019-05-10 16:55:34-07:00,2019-05-10 18:04:28-07:00,1.931,2019-05-10 17:35:49-07:00,America/Los_Angeles
5ceb2fa0f9af8b6513780adb,"[{'userID': 291, 'milesRequested': 200, 'WhPerMile': 250, 'minutesAvailable': 436, 'modifiedAt': 'Sat, 11 May 2019 01:38:35 GMT', 'paymentRequired': True, 'requestedDeparture': 'Sat, 11 May 2019 08:54:31 GMT', 'kWhRequested': 50.0}, {'userID': 291, 'milesRequested': 200, 'WhPerMile': 250, 'minutesAvailable': 436, 'modifiedAt': 'Sat, 11 May 2019 01:38:44 GMT', 'paymentRequired': True, 'requestedDeparture': 'Sat, 11 May 2019 08:54:31 GMT', 'kWhRequested': 50.0}, {'userID': 291, 'milesRequested': 200, 'WhPerMile': 250, 'minutesAvailable': 436, 'modifiedAt': 'Sat, 11 May 2019 14:59:32 GMT', 'paymentRequired': True, 'requestedDeparture': 'Sat, 11 May 2019 08:54:31 GMT', 'kWhRequested': 50.0}]",000000291,2_39_131_30_2019-05-11 01:38:31.433319,2-39-131-30,CA-305,0002,0039,2019-05-10 18:38:31-07:00,2019-05-11 10:38:05-07:00,49.127,2019-05-11 01:57:23-07:00,America/Los_Angeles
5cec8110f9af8b68c96cd000,"[{'userID': 743, 'milesRequested': 20, 'WhPerMile': 400, 'minutesAvailable': 75, 'modifiedAt': 'Sat, 11 May 2019 14:37:55 GMT', 'paymentRequired': True, 'requestedDeparture': 'Sat, 11 May 2019 15:52:38 GMT', 'kWhRequested': 8.0}, {'userID': 743, 'milesRequested': 20, 'WhPerMile': 400, 'minutesAvailable': 75, 'modifiedAt': 'Sat, 11 May 2019 14:39:55 GMT', 'paymentRequired': True, 'requestedDeparture': 'Sat, 11 May 2019 15:52:38 GMT', 'kWhRequested': 8.0}]",000000743,2_39_89_25_2019-05-11 14:37:37.885899,2-39-89-25,CA-315,0002,0039,2019-05-11 07:37:38-07:00,2019-05-11 08:24:12-07:00,2.639,2019-05-11 08:24:07-07:00,America/Los_Angeles
5cec8110f9af8b68c96cd001,"[{'userID': 675, 'milesRequested': 40, 'WhPerMile': 399, 'minutesAvailable': 104, 'modifiedAt': 'Sat, 11 May 2019 14:52:42 GMT', 'paymentRequired': True, 'requestedDeparture': 'Sat, 11 May 2019 16:36:20 GMT', 'kWhRequested': 15.96}]",000000675,2_39_139_28_2019-05-11 14:52:19.532341,2-39-139-28,CA-303,0002,0039,2019-05-11 07:52:20-07:00,2019-05-11 09:41:56-07:00,7.755,2019-05-11 09:14:56-07:00,America/Los_Angeles
5cec8110f9af8b68c96cd002,,,2_39_79_381_2019-05-11 15:02:18.802037,2-39-79-381,CA-490,0002,0039,2019-05-11 08:02:19-07:00,2019-05-11 12:05:07-07:00,0.643,2019-05-11 08:25:53-07:00,America/Los_Angeles
5cec8110f9af8b68c96cd003,,,2_39_129_17_2019-05-11 15:22:24.707051,2-39-129-17,CA-307,0002,0039,2019-05-11 08:22:25-07:00,2019-05-11 12:02:14-07:00,0.888,2019-05-11 12:03:13-07:00,America/Los_Angeles
5cec8110f9af8b68c96cd004,"[{'userID': 2087, 'milesRequested': 60, 'WhPerMile': 600, 'minutesAvailable': 250, 'modifiedAt': 'Sat, 11 May 2019 15:36:39 GMT', 'paymentRequired': True, 'requestedDeparture': 'Sat, 11 May 2019 19:45:51 GMT', 'kWhRequested': 36.0}]",000002087,2_39_127_19_2019-05-11 15:35:50.538883,2-39-127-19,CA-309,0002,0039,2019-05-11 08:35:51-07:00,2019-05-11 11:46:38-07:00,11.265,2019-05-11 11:46:34-07:00,America/Los_Angeles
5cec8110f9af8b68c96cd005,"[{'userID': 1133, 'milesRequested': 20, 'WhPerMile': 400, 'minutesAvailable': 60, 'modifiedAt': 'Sat, 11 May 2019 17:25:35 GMT', 'paymentRequired': True, 'requestedDeparture': 'Sat, 11 May 2019 18:24:58 GMT', 'kWhRequested': 8.0}]",000001133,2_39_139_28_2019-05-11 17:24:57.540567,2-39-139-28,CA-303,0002,0039,2019-05-11 10:24:58-07:00,2019-05-11 12:30:08-07:00,7.893,2019-05-11 11:40:37-07:00,America/Los_Angeles
5cec8110f9af8b68c96cd006,"[{'userID': 1395, 'milesRequested': 30, 'WhPerMile': 333, 'minutesAvailable': 119, 'modifiedAt': 'Sat, 11 May 2019 17:58:23 GMT', 'paymentRequired': True, 'requestedDeparture': 'Sat, 11 May 2019 19:57:19 GMT', 'kWhRequested': 9.99}]",000001395,2_39_131_30_2019-05-11 17:58:19.123775,2-39-131-30,CA-305,0002,0039,2019-05-11 10:58:19-07:00,2019-05-11 17:09:40-07:00,6.21,2019-05-11 12:52:28-07:00,America/Los_Angeles
5cec8110f9af8b68c96cd007,"[{'userID': 858, 'milesRequested': 20, 'WhPerMile': 400, 'minutesAvailable': 223, 'modifiedAt': 'Sat, 11 May 2019 18:05:17 GMT', 'paymentRequired': True, 'requestedDeparture': 'Sat, 11 May 2019 21:48:02 GMT', 'kWhRequested': 8.0}]",000000858,2_39_79_379_2019-05-11 18:05:01.874795,2-39-79-379,CA-327,0002,0039,2019-05-11 11:05:02-07:00,2019-05-11 15:24:36-07:00,4.655,2019-05-11 12:32:30-07:00,America/Los_Angeles
5cec8110f9af8b68c96cd008,,,2_39_123_23_2019-05-11 18:43:31.655175,2-39-123-23,CA-313,0002,0039,2019-05-11 11:43:32-07:00,2019-05-11 13:30:51-07:00,0.908,2019-05-11 13:31:50-07:00,America/Los_Angeles
5cec8110f9af8b68c96cd009,,,2_39_129_17_2019-05-11 19:02:17.921385,2-39-129-17,CA-307,0002,0039,2019-05-11 12:02:18-07:00,2019-05-11 12:22:24-07:00,0.578,2019-05-11 12:22:19-07:00,America/Los_Angeles
5cec8110f9af8b68c96cd00a,"[{'userID': 248, 'milesRequested': 60, 'WhPerMile': 250, 'minutesAvailable': 185, 'modifiedAt': 'Sat, 11 May 2019 19:11:00 GMT', 'paymentRequired': True, 'requestedDeparture': 'Sat, 11 May 2019 22:15:18 GMT', 'kWhRequested': 15.0}]",000000248,2_39_127_19_2019-05-11 19:10:17.584746,2-39-127-19,CA-309,0002,0039,2019-05-11 12:10:18-07:00,2019-05-11 14:02:28-07:00,12.916,2019-05-11 14:02:23-07:00,America/Los_Angeles
5cec8110f9af8b68c96cd00b,,,2_39_123_23_2019-05-11 20:30:58.673491,2-39-123-23,CA-313,0002,0039,2019-05-11 13:30:59-07:00,2019-05-11 17:00:45-07:00,0.922,2019-05-11 14:01:42-07:00,America/Los_Angeles
5cec8110f9af8b68c96cd00c,"[{'userID': 1746, 'milesRequested': 60, 'WhPerMile': 600, 'minutesAvailable': 64, 'modifiedAt': 'Sat, 11 May 2019 22:03:21 GMT', 'paymentRequired': True, 'requestedDeparture': 'Sat, 11 May 2019 23:06:56 GMT', 'kWhRequested': 36.0}, {'userID': 1746, 'milesRequested': 60, 'WhPerMile': 600, 'minutesAvailable': 64, 'modifiedAt': 'Sat, 11 May 2019 22:03:36 GMT', 'paymentRequired': True, 'requestedDeparture': 'Sat, 11 May 2019 23:06:56 GMT', 'kWhRequested': 36.0}, {'userID': 1746, 'milesRequested': 60, 'WhPerMile': 600, 'minutesAvailable': 64, 'modifiedAt': 'Sun, 12 May 2019 00:05:51 GMT', 'paymentRequired': True, 'requestedDeparture': 'Sat, 11 May 2019 23:06:56 GMT', 'kWhRequested': 36.0}]",000001746,2_39_125_21_2019-05-11 22:02:56.433509,2-39-125-21,CA-311,0002,0039,2019-05-11 15:02:56-07:00,2019-05-11 17:06:37-07:00,4.418,2019-05-11 16:28:38-07:00,America/Los_Angeles
5cec8110f9af8b68c96cd00d,"[{'userID': 431, 'milesRequested': 70, 'WhPerMile': 300, 'minutesAvailable': 224, 'modifiedAt': 'Sat, 11 May 2019 22:12:41 GMT', 'paymentRequired': True, 'requestedDeparture': 'Sun, 12 May 2019 01:55:15 GMT', 'kWhRequested': 21.0}]",000000431,2_39_95_27_2019-05-11 22:11:15.013600,2-39-95-27,CA-319,0002,0039,2019-05-11 15:11:15-07:00,2019-05-11 17:57:05-07:00,17.517,2019-05-11 17:56:57-07:00,America/Los_Angeles
5cec8110f9af8b68c96cd00e,"[{'userID': 1214, 'milesRequested': 80, 'WhPerMile': 250, 'minutesAvailable': 193, 'modifiedAt': 'Sat, 11 May 2019 22:23:28 GMT', 'paymentRequired': True, 'requestedDeparture': 'Sun, 12 May 2019 01:35:34 GMT', 'kWhRequested': 20.0}]",000001214,2_39_79_376_2019-05-11 22:22:33.919599,2-39-79-376,CA-324,0002,0039,2019-05-11 15:22:34-07:00,2019-05-11 17:12:30-07:00,10.636,2019-05-11 17:12:18-07:00,America/Los_Angeles
5cec8110f9af8b68c96cd00f,"[{'userID': 292, 'milesRequested': 200, 'WhPerMile': 200, 'minutesAvailable': 720, 'modifiedAt': 'Sat, 11 May 2019 23:19:35 GMT', 'paymentRequired': True, 'requestedDeparture': 'Sun, 12 May 2019 11:18:35 GMT', 'kWhRequested': 40.0}]",000000292,2_39_91_437_2019-05-11 23:18:35.275226,2-39-91-437,CA-317,0002,0039,2019-05-11 16:18:35-07:00,2019-05-12 08:40:05-07:00,35.492,2019-05-11 21:40:20-07:00,America/Los_Angeles
5cec8110f9af8b68c96cd010,"[{'userID': 1085, 'milesRequested': 10, 'WhPerMile': 292, 'minutesAvailable': 30, 'modifiedAt': 'Sat, 11 May 2019 23:50:42 GMT', 'paymentRequired': True, 'requestedDeparture': 'Sun, 12 May 2019 00:20:27 GMT', 'kWhRequested': 2.92}]",000001085,2_39_130_31_2019-05-11 23:50:27.281172,2-39-130-31,CA-306,0002,0039,2019-05-11 16:50:27-07:00,2019-05-11 17:09:38-07:00,1.997,2019-05-11 17:09:30-07:00,America/Los_Angeles
5cec8110f9af8b68c96cd011,"[{'userID': 1222, 'milesRequested': 20, 'WhPerMile': 400, 'minutesAvailable': 72, 'modifiedAt': 'Sun, 12 May 2019 00:10:32 GMT', 'paymentRequired': True, 'requestedDeparture': 'Sun, 12 May 2019 01:22:13 GMT', 'kWhRequested': 8.0}]",000001222,2_39_89_25_2019-05-12 00:10:12.811943,2-39-89-25,CA-315,0002,0039,2019-05-11 17:10:13-07:00,2019-05-11 17:21:19-07:00,0.597,2019-05-11 17:21:16-07:00,America/Los_Angeles
5cec8110f9af8b68c96cd012,,,2_39_95_27_2019-05-12 02:41:54.466742,2-39-95-27,CA-319,0002,0039,2019-05-11 19:41:54-07:00,2019-05-11 20:12:47-07:00,0.943,2019-05-11 20:12:34-07:00,America/Los_Angeles
5cec8110f9af8b68c96cd013,,,2_39_127_19_2019-05-12 05:21:53.368755,2-39-127-19,CA-309,0002,0039,2019-05-11 22:21:53-07:00,2019-05-11 22:53:45-07:00,0.845,2019-05-11 22:52:09-07:00,America/Los_Angeles
5cedd28ff9af8b6cf2975cf5,"[{'userID': 1222, 'milesRequested': 20, 'WhPerMile': 400, 'minutesAvailable': 72, 'modifiedAt': 'Sun, 12 May 2019 08:49:35 GMT', 'paymentRequired': True, 'requestedDeparture': 'Sun, 12 May 2019 10:01:19 GMT', 'kWhRequested': 8.0}]",000001222,2_39_95_27_2019-05-12 08:49:18.935658,2-39-95-27,CA-319,0002,0039,2019-05-12 01:49:19-07:00,2019-05-12 15:13:09-07:00,6.29,2019-05-12 03:49:38-07:00,America/Los_Angeles
5cedd28ff9af8b6cf2975cf6,"[{'userID': 743, 'milesRequested': 20, 'WhPerMile': 400, 'minutesAvailable': 75, 'modifiedAt': 'Sun, 12 May 2019 15:42:51 GMT', 'paymentRequired': True, 'requestedDeparture': 'Sun, 12 May 2019 16:57:15 GMT', 'kWhRequested': 8.0}]",000000743,2_39_89_25_2019-05-12 15:42:14.738732,2-39-89-25,CA-315,0002,0039,2019-05-12 08:42:15-07:00,2019-05-12 10:16:34-07:00,5.4,2019-05-12 10:16:29-07:00,America/Los_Angeles
5cedd28ff9af8b6cf2975cf7,"[{'userID': 2290, 'milesRequested': 100, 'WhPerMile': 575, 'minutesAvailable': 117, 'modifiedAt': 'Sun, 12 May 2019 17:37:58 GMT', 'paymentRequired': True, 'requestedDeparture': 'Sun, 12 May 2019 19:33:03 GMT', 'kWhRequested': 57.5}, {'userID': 2290, 'milesRequested': 100, 'WhPerMile': 575, 'minutesAvailable': 117, 'modifiedAt': 'Sun, 12 May 2019 17:58:43 GMT', 'paymentRequired': True, 'requestedDeparture': 'Sun, 12 May 2019 19:33:03 GMT', 'kWhRequested': 57.5}]",000002290,2_39_131_30_2019-05-12 17:36:03.258372,2-39-131-30,CA-305,0002,0039,2019-05-12 10:36:03-07:00,2019-05-12 13:17:53-07:00,6.534,2019-05-12 11:41:51-07:00,America/Los_Angeles
5cedd28ff9af8b6cf2975cf8,"[{'userID': 891, 'milesRequested': 20, 'WhPerMile': 300, 'minutesAvailable': 310, 'modifiedAt': 'Sun, 12 May 2019 18:54:14 GMT', 'paymentRequired': True, 'requestedDeparture': 'Mon, 13 May 2019 00:04:06 GMT', 'kWhRequested': 6.0}]",000000891,2_39_129_17_2019-05-12 18:54:05.778193,2-39-129-17,CA-307,0002,0039,2019-05-12 11:54:06-07:00,2019-05-12 13:30:50-07:00,1.912,2019-05-12 12:38:05-07:00,America/Los_Angeles
5cedd28ff9af8b6cf2975cf9,"[{'userID': 838, 'milesRequested': 80, 'WhPerMile': 433, 'minutesAvailable': 307, 'modifiedAt': 'Sun, 12 May 2019 19:38:21 GMT', 'paymentRequired': True, 'requestedDeparture': 'Mon, 13 May 2019 00:43:38 GMT', 'kWhRequested': 34.64}, {'userID': 838, 'milesRequested': 80, 'WhPerMile': 433, 'minutesAvailable': 307, 'modifiedAt': 'Sun, 12 May 2019 19:38:30 GMT', 'paymentRequired': True, 'requestedDeparture': 'Mon, 13 May 2019 00:43:38 GMT', 'kWhRequested': 34.64}]",000000838,2_39_139_28_2019-05-12 19:36:37.953550,2-39-139-28,CA-303,0002,0039,2019-05-12 12:36:38-07:00,2019-05-12 17:19:34-07:00,15.601,2019-05-12 17:05:19-07:00,America/Los_Angeles
5cedd28ff9af8b6cf2975cfa,,,2_39_138_29_2019-05-12 20:11:27.538675,2-39-138-29,CA-304,0002,0039,2019-05-12 13:11:28-07:00,2019-05-12 14:16:09-07:00,0.931,2019-05-12 13:42:31-07:00,America/Los_Angeles
5cedd28ff9af8b6cf2975cfb,"[{'userID': 1085, 'milesRequested': 100, 'WhPerMile': 292, 'minutesAvailable': 134, 'modifiedAt': 'Sun, 12 May 2019 22:12:14 GMT', 'paymentRequired': True, 'requestedDeparture': 'Mon, 13 May 2019 00:25:19 GMT', 'kWhRequested': 29.2}]",000001085,2_39_127_19_2019-05-12 22:11:18.721176,2-39-127-19,CA-309,0002,0039,2019-05-12 15:11:19-07:00,2019-05-12 17:35:21-07:00,15.2,2019-05-12 17:35:16-07:00,America/Los_Angeles
5cedd28ff9af8b6cf2975cfc,"[{'userID': 1395, 'milesRequested': 30, 'WhPerMile': 333, 'minutesAvailable': 119, 'modifiedAt': 'Sun, 12 May 2019 22:12:29 GMT', 'paymentRequired': True, 'requestedDeparture': 'Mon, 13 May 2019 00:11:30 GMT', 'kWhRequested': 9.99}, {'userID': 1395, 'milesRequested': 30, 'WhPerMile': 333, 'minutesAvailable': 119, 'modifiedAt': 'Sun, 12 May 2019 22:12:52 GMT', 'paymentRequired': True, 'requestedDeparture': 'Mon, 13 May 2019 00:11:30 GMT', 'kWhRequested': 9.99}]",000001395,2_39_128_18_2019-05-12 22:12:23.059253,2-39-128-18,CA-308,0002,0039,2019-05-12 15:12:30-07:00,2019-05-12 22:14:53-07:00,2.721,2019-05-12 16:12:35-07:00,America/Los_Angeles
5cedd28ff9af8b6cf2975cfd,"[{'userID': 1726, 'milesRequested': 20, 'WhPerMile': 600, 'minutesAvailable': 266, 'modifiedAt': 'Mon, 13 May 2019 00:19:36 GMT', 'paymentRequired': True, 'requestedDeparture': 'Mon, 13 May 2019 04:44:36 GMT', 'kWhRequested': 12.0}]",000001726,2_39_131_30_2019-05-13 00:18:36.067880,2-39-131-30,CA-305,0002,0039,2019-05-12 17:18:36-07:00,2019-05-12 20:15:36-07:00,10.456,2019-05-12 20:15:28-07:00,America/Los_Angeles
5cedd28ff9af8b6cf2975cfe,"[{'userID': 300, 'milesRequested': 80, 'WhPerMile': 400, 'minutesAvailable': 336, 'modifiedAt': 'Mon, 13 May 2019 04:05:40 GMT', 'paymentRequired': True, 'requestedDeparture': 'Mon, 13 May 2019 09:41:31 GMT', 'kWhRequested': 32.0}]",000000300,2_39_124_22_2019-05-13 04:05:31.116710,2-39-124-22,CA-312,0002,0039,2019-05-12 21:05:31-07:00,2019-05-13 07:23:01-07:00,18.249,2019-05-13 00:50:39-07:00,America/Los_Angeles
5cef242cf9af8b7096f0eec1,"[{'userID': 743, 'milesRequested': 20, 'WhPerMile': 400, 'minutesAvailable': 57, 'modifiedAt': 'Mon, 13 May 2019 13:17:46 GMT', 'paymentRequired': True, 'requestedDeparture': 'Mon, 13 May 2019 14:14:09 GMT', 'kWhRequested': 8.0}]",000000743,2_39_89_25_2019-05-13 13:17:09.348854,2-39-89-25,CA-315,0002,0039,2019-05-13 06:17:09-07:00,2019-05-13 07:30:27-07:00,4.168,2019-05-13 07:30:23-07:00,America/Los_Angeles
5cef242cf9af8b7096f0eec2,"[{'userID': 560, 'milesRequested': 80, 'WhPerMile': 273, 'minutesAvailable': 304, 'modifiedAt': 'Mon, 13 May 2019 13:32:56 GMT', 'paymentRequired': True, 'requestedDeparture': 'Mon, 13 May 2019 18:36:49 GMT', 'kWhRequested': 21.84}]",000000560,2_39_88_24_2019-05-13 13:32:48.775268,2-39-88-24,CA-314,0002,0039,2019-05-13 06:32:49-07:00,2019-05-13 12:05:40-07:00,18.791,2019-05-13 10:37:35-07:00,America/Los_Angeles
5cef242cf9af8b7096f0eec3,"[{'userID': 858, 'milesRequested': 20, 'WhPerMile': 400, 'minutesAvailable': 223, 'modifiedAt': 'Mon, 13 May 2019 13:49:13 GMT', 'paymentRequired': True, 'requestedDeparture': 'Mon, 13 May 2019 17:31:58 GMT', 'kWhRequested': 8.0}]",000000858,2_39_91_437_2019-05-13 13:48:57.552530,2-39-91-437,CA-317,0002,0039,2019-05-13 06:48:58-07:00,2019-05-13 15:55:40-07:00,4.969,2019-05-13 08:22:17-07:00,America/Los_Angeles
5cef242cf9af8b7096f0eec4,"[{'userID': 710, 'milesRequested': 140, 'WhPerMile': 261, 'minutesAvailable': 547, 'modifiedAt': 'Mon, 13 May 2019 14:09:01 GMT', 'paymentRequired': True, 'requestedDeparture': 'Mon, 13 May 2019 23:15:30 GMT', 'kWhRequested': 36.54}]",000000710,2_39_139_28_2019-05-13 14:08:30.028023,2-39-139-28,CA-303,0002,0039,2019-05-13 07:08:30-07:00,2019-05-13 16:54:44-07:00,26.424,2019-05-13 11:13:56-07:00,America/Los_Angeles
5cef242cf9af8b7096f0eec5,"[{'userID': 569, 'milesRequested': 160, 'WhPerMile': 300, 'minutesAvailable': 529, 'modifiedAt': 'Mon, 13 May 2019 14:17:16 GMT', 'paymentRequired': True, 'requestedDeparture': 'Mon, 13 May 2019 23:03:49 GMT', 'kWhRequested': 48.0}, {'userID': 569, 'milesRequested': 160, 'WhPerMile': 300, 'minutesAvailable': 529, 'modifiedAt': 'Mon, 13 May 2019 14:17:32 GMT', 'paymentRequired': True, 'requestedDeparture': 'Mon, 13 May 2019 23:03:49 GMT', 'kWhRequested': 48.0}, {'userID': 569, 'milesRequested': 150, 'WhPerMile': 300, 'minutesAvailable': 529, 'modifiedAt': 'Mon, 13 May 2019 14:17:40 GMT', 'paymentRequired': True, 'requestedDeparture': 'Mon, 13 May 2019 23:03:49 GMT', 'kWhRequested': 45.0}, {'userID': 569, 'milesRequested': 150, 'WhPerMile': 300, 'minutesAvailable': 529, 'modifiedAt': 'Mon, 13 May 2019 14:17:50 GMT', 'paymentRequired': True, 'requestedDeparture': 'Mon, 13 May 2019 23:03:49 GMT', 'kWhRequested': 45.0}, {'userID': 569, 'milesRequested': 160, 'WhPerMile': 300, 'minutesAvailable': 529, 'modifiedAt': 'Mon, 13 May 2019 14:18:03 GMT', 'paymentRequired': True, 'requestedDeparture': 'Mon, 13 May 2019 23:03:49 GMT', 'kWhRequested': 48.0}]",000000569,2_39_78_366_2019-05-13 14:14:49.084355,2-39-78-366,CA-323,0002,0039,2019-05-13 07:14:49-07:00,2019-05-13 17:25:53-07:00,47.856,2019-05-13 17:20:12-07:00,America/Los_Angeles
5cef242cf9af8b7096f0eec6,"[{'userID': 850, 'milesRequested': 100, 'WhPerMile': 300, 'minutesAvailable': 720, 'modifiedAt': 'Mon, 13 May 2019 14:39:28 GMT', 'paymentRequired': True, 'requestedDeparture': 'Tue, 14 May 2019 02:39:16 GMT', 'kWhRequested': 30.0}]",000000850,2_39_123_557_2019-05-13 14:39:15.536849,2-39-123-557,CA-503,0002,0039,2019-05-13 07:39:16-07:00,2019-05-13 16:39:28-07:00,8.817,2019-05-13 09:06:44-07:00,America/Los_Angeles
5cef242cf9af8b7096f0eec7,"[{'userID': 2461, 'milesRequested': 40, 'WhPerMile': 400, 'minutesAvailable': 408, 'modifiedAt': 'Mon, 13 May 2019 15:12:13 GMT', 'paymentRequired': True, 'requestedDeparture': 'Mon, 13 May 2019 22:00:13 GMT', 'kWhRequested': 16.0}, {'userID': 2461, 'milesRequested': 40, 'WhPerMile': 400, 'minutesAvailable': 408, 'modifiedAt': 'Mon, 13 May 2019 19:18:51 GMT', 'paymentRequired': True, 'requestedDeparture': 'Mon, 13 May 2019 22:00:13 GMT', 'kWhRequested': 16.0}, {'userID': 2461, 'milesRequested': 40, 'WhPerMile': 400, 'minutesAvailable': 408, 'modifiedAt': 'Mon, 13 May 2019 20:43:39 GMT', 'paymentRequired': True, 'requestedDeparture': 'Mon, 13 May 2019 22:00:13 GMT', 'kWhRequested': 16.0}]",000002461,2_39_95_27_2019-05-13 15:11:39.232158,2-39-95-27,CA-319,0002,0039,2019-05-13 08:12:13-07:00,2019-05-13 15:06:55-07:00,14.729,2019-05-13 11:38:03-07:00,America/Los_Angeles
5cef242cf9af8b7096f0eec8,"[{'userID': 1826, 'milesRequested': 100, 'WhPerMile': 400, 'minutesAvailable': 396, 'modifiedAt': 'Mon, 13 May 2019 15:15:06 GMT', 'paymentRequired': True, 'requestedDeparture': 'Mon, 13 May 2019 21:50:55 GMT', 'kWhRequested': 40.0}]",000001826,2_39_89_25_2019-05-13 15:14:55.270291,2-39-89-25,CA-315,0002,0039,2019-05-13 08:14:55-07:00,2019-05-14 19:50:30-07:00,13.498,2019-05-13 10:36:39-07:00,America/Los_Angeles
5cef242cf9af8b7096f0eec9,"[{'userID': 324, 'milesRequested': 20, 'WhPerMile': 600, 'minutesAvailable': 220, 'modifiedAt': 'Mon, 13 May 2019 15:21:04 GMT', 'paymentRequired': True, 'requestedDeparture': 'Mon, 13 May 2019 19:00:52 GMT', 'kWhRequested': 12.0}]",000000324,2_39_90_26_2019-05-13 15:20:51.594568,2-39-90-26,CA-316,0002,0039,2019-05-13 08:20:52-07:00,2019-05-13 20:37:19-07:00,2.211,2019-05-13 09:27:27-07:00,America/Los_Angeles
5cef242cf9af8b7096f0eeca,"[{'userID': 945, 'milesRequested': 50, 'WhPerMile': 600, 'minutesAvailable': 555, 'modifiedAt': 'Mon, 13 May 2019 15:24:41 GMT', 'paymentRequired': True, 'requestedDeparture': 'Tue, 14 May 2019 00:36:14 GMT', 'kWhRequested': 30.0}]",000000945,2_39_78_363_2019-05-13 15:21:14.481161,2-39-78-363,CA-320,0002,0039,2019-05-13 08:21:14-07:00,2019-05-13 19:03:10-07:00,14.207,2019-05-13 17:14:00-07:00,America/Los_Angeles
5cef242cf9af8b7096f0eecb,"[{'userID': 818, 'milesRequested': 240, 'WhPerMile': 250, 'minutesAvailable': 473, 'modifiedAt': 'Mon, 13 May 2019 15:21:41 GMT', 'paymentRequired': True, 'requestedDeparture': 'Mon, 13 May 2019 23:14:18 GMT', 'kWhRequested': 60.0}]",000000818,2_39_92_442_2019-05-13 15:21:17.725252,2-39-92-442,CA-498,0002,0039,2019-05-13 08:21:18-07:00,2019-05-13 16:39:28-07:00,53.253,2019-05-13 16:36:14-07:00,America/Los_Angeles
5cef242cf9af8b7096f0eecc,"[{'userID': 1154, 'milesRequested': 50, 'WhPerMile': 308, 'minutesAvailable': 224, 'modifiedAt': 'Mon, 13 May 2019 15:27:20 GMT', 'paymentRequired': True, 'requestedDeparture': 'Mon, 13 May 2019 19:10:26 GMT', 'kWhRequested': 15.4}]",000001154,2_39_79_381_2019-05-13 15:26:26.230961,2-39-79-381,CA-490,0002,0039,2019-05-13 08:26:26-07:00,2019-05-14 21:50:46-07:00,13.604,2019-05-13 11:29:56-07:00,America/Los_Angeles
5cef242cf9af8b7096f0eecd,"[{'userID': 712, 'milesRequested': 50, 'WhPerMile': 600, 'minutesAvailable': 383, 'modifiedAt': 'Mon, 13 May 2019 15:35:49 GMT', 'paymentRequired': True, 'requestedDeparture': 'Mon, 13 May 2019 21:58:41 GMT', 'kWhRequested': 30.0}]",000000712,2_39_131_30_2019-05-13 15:35:40.961213,2-39-131-30,CA-305,0002,0039,2019-05-13 08:35:41-07:00,2019-05-13 15:11:07-07:00,15.465,2019-05-13 13:06:15-07:00,America/Los_Angeles
5cef242cf9af8b7096f0eece,"[{'userID': 1470, 'milesRequested': 60, 'WhPerMile': 292, 'minutesAvailable': 404, 'modifiedAt': 'Mon, 13 May 2019 15:40:39 GMT', 'paymentRequired': True, 'requestedDeparture': 'Mon, 13 May 2019 22:24:31 GMT', 'kWhRequested': 17.52}]",000001470,2_39_79_377_2019-05-13 15:40:31.044649,2-39-79-377,CA-325,0002,0039,2019-05-13 08:40:31-07:00,2019-05-13 17:29:21-07:00,13.869,2019-05-13 12:57:38-07:00,America/Los_Angeles
5cef242cf9af8b7096f0eecf,,,2_39_79_383_2019-05-13 15:48:24.453429,2-39-79-383,CA-492,0002,0039,2019-05-13 08:48:24-07:00,2019-05-13 14:41:45-07:00,1.197,2019-05-13 14:41:17-07:00,America/Los_Angeles
5cef242cf9af8b7096f0eed0,"[{'userID': 1104, 'milesRequested': 120, 'WhPerMile': 250, 'minutesAvailable': 383, 'modifiedAt': 'Mon, 13 May 2019 15:50:27 GMT', 'paymentRequired': True, 'requestedDeparture': 'Mon, 13 May 2019 22:12:15 GMT', 'kWhRequested': 30.0}]",000001104,2_39_79_379_2019-05-13 15:49:14.983270,2-39-79-379,CA-327,0002,0039,2019-05-13 08:49:15-07:00,2019-05-13 17:43:09-07:00,18.499,2019-05-13 13:02:49-07:00,America/Los_Angeles
5cef242cf9af8b7096f0eed1,,,2_39_79_382_2019-05-13 15:56:39.814500,2-39-79-382,CA-491,0002,0039,2019-05-13 08:56:40-07:00,2019-05-13 17:43:28-07:00,0.991,2019-05-13 16:54:48-07:00,America/Los_Angeles
5cef242cf9af8b7096f0eed2,"[{'userID': 567, 'milesRequested': 20, 'WhPerMile': 333, 'minutesAvailable': 425, 'modifiedAt': 'Mon, 13 May 2019 16:10:33 GMT', 'paymentRequired': True, 'requestedDeparture': 'Mon, 13 May 2019 23:15:22 GMT', 'kWhRequested': 6.66}]",000000567,2_39_123_23_2019-05-13 16:10:22.328837,2-39-123-23,CA-313,0002,0039,2019-05-13 09:10:22-07:00,2019-05-13 18:32:19-07:00,3.634,2019-05-13 10:18:48-07:00,America/Los_Angeles
5cef242cf9af8b7096f0eed3,"[{'userID': 1534, 'milesRequested': 50, 'WhPerMile': 250, 'minutesAvailable': 404, 'modifiedAt': 'Mon, 13 May 2019 16:13:35 GMT', 'paymentRequired': True, 'requestedDeparture': 'Mon, 13 May 2019 22:57:12 GMT', 'kWhRequested': 12.5}]",000001534,2_39_128_562_2019-05-13 16:13:11.916556,2-39-128-562,CA-508,0002,0039,2019-05-13 09:13:12-07:00,2019-05-13 19:06:44-07:00,9.844,2019-05-13 12:12:41-07:00,America/Los_Angeles
5cef242cf9af8b7096f0eed4,"[{'userID': 69, 'milesRequested': 100, 'WhPerMile': 300, 'minutesAvailable': 310, 'modifiedAt': 'Mon, 13 May 2019 16:13:55 GMT', 'paymentRequired': True, 'requestedDeparture': 'Mon, 13 May 2019 21:23:41 GMT', 'kWhRequested': 30.0}]",000000069,2_39_79_380_2019-05-13 16:13:40.825660,2-39-79-380,CA-489,0002,0039,2019-05-13 09:13:41-07:00,2019-05-13 18:01:52-07:00,13.584,2019-05-13 11:42:07-07:00,America/Los_Angeles
5cef242cf9af8b7096f0eed5,"[{'userID': 891, 'milesRequested': 20, 'WhPerMile': 300, 'minutesAvailable': 310, 'modifiedAt': 'Mon, 13 May 2019 16:16:25 GMT', 'paymentRequired': True, 'requestedDeparture': 'Mon, 13 May 2019 21:26:14 GMT', 'kWhRequested': 6.0}]",000000891,2_39_78_365_2019-05-13 16:16:14.039550,2-39-78-365,CA-321,0002,0039,2019-05-13 09:16:14-07:00,2019-05-13 16:23:31-07:00,3.352,2019-05-13 11:17:36-07:00,America/Los_Angeles
5cef242cf9af8b7096f0eed6,,,2_39_78_362_2019-05-13 16:23:24.431980,2-39-78-362,CA-496,0002,0039,2019-05-13 09:23:24-07:00,2019-05-13 16:52:01-07:00,1.021,2019-05-13 16:53:01-07:00,America/Los_Angeles
5cef242cf9af8b7096f0eed7,,,2_39_92_436_2019-05-13 16:25:18.892425,2-39-92-436,CA-318,0002,0039,2019-05-13 09:25:19-07:00,2019-05-13 16:19:29-07:00,1.043,2019-05-13 15:42:57-07:00,America/Los_Angeles
5cef242cf9af8b7096f0eed8,"[{'userID': 743, 'milesRequested': 20, 'WhPerMile': 400, 'minutesAvailable': 442, 'modifiedAt': 'Mon, 13 May 2019 16:32:06 GMT', 'paymentRequired': True, 'requestedDeparture': 'Mon, 13 May 2019 23:53:43 GMT', 'kWhRequested': 8.0}]",000000743,2_39_89_439_2019-05-13 16:31:42.830709,2-39-89-439,CA-501,0002,0039,2019-05-13 09:31:43-07:00,2019-05-13 17:30:19-07:00,4.212,2019-05-13 11:18:34-07:00,America/Los_Angeles
5cef242cf9af8b7096f0eed9,"[{'userID': 559, 'milesRequested': 30, 'WhPerMile': 313, 'minutesAvailable': 443, 'modifiedAt': 'Mon, 13 May 2019 17:02:41 GMT', 'paymentRequired': True, 'requestedDeparture': 'Tue, 14 May 2019 00:25:30 GMT', 'kWhRequested': 9.39}]",000000559,2_39_79_376_2019-05-13 17:02:29.766980,2-39-79-376,CA-324,0002,0039,2019-05-13 10:02:30-07:00,2019-05-13 17:21:21-07:00,8.118,2019-05-13 14:02:24-07:00,America/Los_Angeles
5cef242cf9af8b7096f0eeda,"[{'userID': 558, 'milesRequested': 100, 'WhPerMile': 200, 'minutesAvailable': 539, 'modifiedAt': 'Mon, 13 May 2019 17:11:51 GMT', 'paymentRequired': True, 'requestedDeparture': 'Tue, 14 May 2019 02:10:48 GMT', 'kWhRequested': 20.0}]",000000558,2_39_88_438_2019-05-13 17:11:47.522601,2-39-88-438,CA-502,0002,0039,2019-05-13 10:11:48-07:00,2019-05-13 17:57:46-07:00,3.453,2019-05-13 15:42:59-07:00,America/Los_Angeles
5cef242cf9af8b7096f0eedb,"[{'userID': 1095, 'milesRequested': 30, 'WhPerMile': 469, 'minutesAvailable': 447, 'modifiedAt': 'Mon, 13 May 2019 17:13:01 GMT', 'paymentRequired': True, 'requestedDeparture': 'Tue, 14 May 2019 00:40:01 GMT', 'kWhRequested': 14.07}]",000001095,2_39_78_361_2019-05-13 17:12:33.837065,2-39-78-361,CA-493,0002,0039,2019-05-13 10:13:01-07:00,2019-05-13 18:08:49-07:00,11.737,2019-05-13 15:39:06-07:00,America/Los_Angeles
5cef242cf9af8b7096f0eedc,"[{'userID': 1208, 'milesRequested': 130, 'WhPerMile': 400, 'minutesAvailable': 428, 'modifiedAt': 'Mon, 13 May 2019 17:20:16 GMT', 'paymentRequired': True, 'requestedDeparture': 'Tue, 14 May 2019 00:27:38 GMT', 'kWhRequested': 52.0}]",000001208,2_39_78_364_2019-05-13 17:19:38.017982,2-39-78-364,CA-495,0002,0039,2019-05-13 10:19:38-07:00,2019-05-13 14:43:40-07:00,28.529,2019-05-13 14:43:31-07:00,America/Los_Angeles
5cef242cf9af8b7096f0eedd,,,2_39_78_360_2019-05-13 17:37:25.092447,2-39-78-360,CA-322,0002,0039,2019-05-13 10:37:25-07:00,2019-05-13 12:51:20-07:00,0.954,2019-05-13 12:50:34-07:00,America/Los_Angeles
5cef242cf9af8b7096f0eede,"[{'userID': 832, 'milesRequested': 130, 'WhPerMile': 300, 'minutesAvailable': 369, 'modifiedAt': 'Mon, 13 May 2019 17:54:49 GMT', 'paymentRequired': True, 'requestedDeparture': 'Tue, 14 May 2019 00:03:10 GMT', 'kWhRequested': 39.0}]",000000832,2_39_90_440_2019-05-13 17:54:09.971273,2-39-90-440,CA-500,0002,0039,2019-05-13 10:54:10-07:00,2019-05-13 17:00:39-07:00,38.881,2019-05-13 16:49:48-07:00,America/Los_Angeles
5cef242cf9af8b7096f0eedf,,,2_39_127_19_2019-05-13 19:09:31.592521,2-39-127-19,CA-309,0002,0039,2019-05-13 12:09:32-07:00,2019-05-13 14:22:08-07:00,0.897,2019-05-13 14:22:43-07:00,America/Los_Angeles
5cef242cf9af8b7096f0eee0,"[{'userID': 1137, 'milesRequested': 70, 'WhPerMile': 400, 'minutesAvailable': 250, 'modifiedAt': 'Mon, 13 May 2019 19:22:26 GMT', 'paymentRequired': True, 'requestedDeparture': 'Mon, 13 May 2019 23:31:20 GMT', 'kWhRequested': 28.0}]",000001137,2_39_88_24_2019-05-13 19:21:19.994972,2-39-88-24,CA-314,0002,0039,2019-05-13 12:21:20-07:00,2019-05-13 17:58:46-07:00,14.583,2019-05-13 15:33:32-07:00,America/Los_Angeles
5cef242cf9af8b7096f0eee1,"[{'userID': 560, 'milesRequested': 20, 'WhPerMile': 273, 'minutesAvailable': 133, 'modifiedAt': 'Mon, 13 May 2019 19:43:30 GMT', 'paymentRequired': True, 'requestedDeparture': 'Mon, 13 May 2019 21:56:12 GMT', 'kWhRequested': 5.46}]",000000560,2_39_139_567_2019-05-13 19:43:11.531976,2-39-139-567,CA-513,0002,0039,2019-05-13 12:43:12-07:00,2019-05-13 14:54:33-07:00,2.308,2019-05-13 13:46:37-07:00,America/Los_Angeles
5cef242cf9af8b7096f0eee2,"[{'userID': 273, 'milesRequested': 70, 'WhPerMile': 267, 'minutesAvailable': 226, 'modifiedAt': 'Mon, 13 May 2019 20:06:02 GMT', 'paymentRequired': True, 'requestedDeparture': 'Mon, 13 May 2019 23:51:18 GMT', 'kWhRequested': 18.69}]",000000273,2_39_79_378_2019-05-13 20:05:18.181265,2-39-79-378,CA-326,0002,0039,2019-05-13 13:05:18-07:00,2019-05-13 17:08:34-07:00,12.227,2019-05-13 14:57:12-07:00,America/Los_Angeles
5cef242cf9af8b7096f0eee3,,,2_39_78_360_2019-05-13 20:08:26.690475,2-39-78-360,CA-322,0002,0039,2019-05-13 13:08:27-07:00,2019-05-13 14:11:13-07:00,0.868,2019-05-13 13:59:19-07:00,America/Los_Angeles
5cef242cf9af8b7096f0eee4,"[{'userID': 752, 'milesRequested': 30, 'WhPerMile': 425, 'minutesAvailable': 440, 'modifiedAt': 'Mon, 13 May 2019 20:40:54 GMT', 'paymentRequired': True, 'requestedDeparture': 'Tue, 14 May 2019 03:58:07 GMT', 'kWhRequested': 12.75}]",000000752,2_39_83_386_2019-05-13 20:38:07.224077,2-39-83-386,CA-212,0002,0039,2019-05-13 13:38:07-07:00,2019-05-13 17:42:46-07:00,5.826,2019-05-13 15:30:57-07:00,America/Los_Angeles
5cef242cf9af8b7096f0eee5,"[{'userID': 1124, 'milesRequested': 20, 'WhPerMile': 450, 'minutesAvailable': 60, 'modifiedAt': 'Mon, 13 May 2019 21:14:03 GMT', 'paymentRequired': True, 'requestedDeparture': 'Mon, 13 May 2019 22:13:46 GMT', 'kWhRequested': 9.0}]",000001124,2_39_78_367_2019-05-13 21:13:46.219114,2-39-78-367,CA-494,0002,0039,2019-05-13 14:13:46-07:00,2019-05-13 19:43:06-07:00,4.982,2019-05-13 15:47:05-07:00,America/Los_Angeles
5cef242cf9af8b7096f0eee6,,,2_39_127_19_2019-05-13 21:46:37.987216,2-39-127-19,CA-309,0002,0039,2019-05-13 14:46:38-07:00,2019-05-13 15:24:08-07:00,0.91,2019-05-13 15:17:29-07:00,America/Los_Angeles
5cef242cf9af8b7096f0eee7,"[{'userID': 774, 'milesRequested': 20, 'WhPerMile': 400, 'minutesAvailable': 60, 'modifiedAt': 'Mon, 13 May 2019 23:43:56 GMT', 'paymentRequired': True, 'requestedDeparture': 'Tue, 14 May 2019 00:43:48 GMT', 'kWhRequested': 8.0}]",000000774,2_39_131_30_2019-05-13 23:43:47.596207,2-39-131-30,CA-305,0002,0039,2019-05-13 16:43:48-07:00,2019-05-13 17:58:16-07:00,4.233,2019-05-13 17:58:12-07:00,America/Los_Angeles
5cef242cf9af8b7096f0eee8,"[{'userID': 2155, 'milesRequested': 20, 'WhPerMile': 400, 'minutesAvailable': 60, 'modifiedAt': 'Mon, 13 May 2019 23:44:36 GMT', 'paymentRequired': True, 'requestedDeparture': 'Tue, 14 May 2019 00:44:36 GMT', 'kWhRequested': 8.0}, {'userID': 2155, 'milesRequested': 20, 'WhPerMile': 400, 'minutesAvailable': 60, 'modifiedAt': 'Tue, 14 May 2019 01:19:48 GMT', 'paymentRequired': True, 'requestedDeparture': 'Tue, 14 May 2019 00:44:36 GMT', 'kWhRequested': 8.0}]",000002155,2_39_91_437_2019-05-13 23:43:58.279211,2-39-91-437,CA-317,0002,0039,2019-05-13 16:44:36-07:00,2019-05-13 18:19:54-07:00,7.879,2019-05-13 18:00:47-07:00,America/Los_Angeles
5cef242cf9af8b7096f0eee9,"[{'userID': 1524, 'milesRequested': 50, 'WhPerMile': 400, 'minutesAvailable': 204, 'modifiedAt': 'Mon, 13 May 2019 23:56:22 GMT', 'paymentRequired': True, 'requestedDeparture': 'Tue, 14 May 2019 03:16:38 GMT', 'kWhRequested': 20.0}, {'userID': 1524, 'milesRequested': 50, 'WhPerMile': 400, 'minutesAvailable': 204, 'modifiedAt': 'Mon, 13 May 2019 23:56:35 GMT', 'paymentRequired': True, 'requestedDeparture': 'Tue, 14 May 2019 03:16:38 GMT', 'kWhRequested': 20.0}]",000001524,2_39_78_362_2019-05-13 23:52:37.755774,2-39-78-362,CA-496,0002,0039,2019-05-13 16:52:38-07:00,2019-05-13 20:16:26-07:00,12.036,2019-05-13 20:17:26-07:00,America/Los_Angeles
5cef242cf9af8b7096f0eeea,"[{'userID': 558, 'milesRequested': 10, 'WhPerMile': 200, 'minutesAvailable': 120, 'modifiedAt': 'Tue, 14 May 2019 00:58:49 GMT', 'paymentRequired': True, 'requestedDeparture': 'Tue, 14 May 2019 02:58:49 GMT', 'kWhRequested': 2.0}, {'userID': 558, 'milesRequested': 100, 'WhPerMile': 200, 'minutesAvailable': 120, 'modifiedAt': 'Tue, 14 May 2019 00:58:53 GMT', 'paymentRequired': True, 'requestedDeparture': 'Tue, 14 May 2019 02:58:49 GMT', 'kWhRequested': 20.0}]",000000558,2_39_88_438_2019-05-14 00:58:12.456635,2-39-88-438,CA-502,0002,0039,2019-05-13 17:58:49-07:00,2019-05-13 19:14:33-07:00,8.779,2019-05-13 19:14:28-07:00,America/Los_Angeles
5cef242cf9af8b7096f0eeeb,"[{'userID': 1133, 'milesRequested': 20, 'WhPerMile': 400, 'minutesAvailable': 60, 'modifiedAt': 'Tue, 14 May 2019 01:09:27 GMT', 'paymentRequired': True, 'requestedDeparture': 'Tue, 14 May 2019 02:07:27 GMT', 'kWhRequested': 8.0}]",000001133,2_39_139_28_2019-05-14 01:07:27.102427,2-39-139-28,CA-303,0002,0039,2019-05-13 18:07:27-07:00,2019-05-13 19:44:03-07:00,7.895,2019-05-13 19:25:28-07:00,America/Los_Angeles
5cef242cf9af8b7096f0eeec,"[{'userID': 1164, 'milesRequested': 20, 'WhPerMile': 525, 'minutesAvailable': 236, 'modifiedAt': 'Tue, 14 May 2019 02:53:05 GMT', 'paymentRequired': True, 'requestedDeparture': 'Tue, 14 May 2019 06:48:37 GMT', 'kWhRequested': 10.5}]",000001164,2_39_79_383_2019-05-14 02:52:37.252941,2-39-79-383,CA-492,0002,0039,2019-05-13 19:52:37-07:00,2019-05-14 02:05:36-07:00,6.455,2019-05-13 21:54:34-07:00,America/Los_Angeles
5cef242cf9af8b7096f0eeed,"[{'userID': 1286, 'milesRequested': 210, 'WhPerMile': 250, 'minutesAvailable': 392, 'modifiedAt': 'Tue, 14 May 2019 04:03:55 GMT', 'paymentRequired': True, 'requestedDeparture': 'Tue, 14 May 2019 10:32:42 GMT', 'kWhRequested': 52.5}]",000001286,2_39_79_380_2019-05-14 04:00:42.385441,2-39-79-380,CA-489,0002,0039,2019-05-13 21:00:42-07:00,2019-05-14 12:19:36-07:00,52.381,2019-05-14 08:08:42-07:00,America/Los_Angeles
5cef242cf9af8b7096f0eeee,"[{'userID': 1202, 'milesRequested': 40, 'WhPerMile': 375, 'minutesAvailable': 161, 'modifiedAt': 'Tue, 14 May 2019 04:44:57 GMT', 'paymentRequired': True, 'requestedDeparture': 'Tue, 14 May 2019 07:25:11 GMT', 'kWhRequested': 15.0}]",000001202,2_39_139_28_2019-05-14 04:44:11.107978,2-39-139-28,CA-303,0002,0039,2019-05-13 21:44:11-07:00,2019-05-15 18:45:11-07:00,11.833,2019-05-15 14:56:06-07:00,America/Los_Angeles
5cf075a7f9af8b74808d82b5,"[{'userID': 560, 'milesRequested': 70, 'WhPerMile': 273, 'minutesAvailable': 274, 'modifiedAt': 'Tue, 14 May 2019 13:35:40 GMT', 'paymentRequired': True, 'requestedDeparture': 'Tue, 14 May 2019 18:09:22 GMT', 'kWhRequested': 19.11}]",000000560,2_39_88_24_2019-05-14 13:35:22.494525,2-39-88-24,CA-314,0002,0039,2019-05-14 06:35:22-07:00,2019-05-14 11:34:40-07:00,18.978,2019-05-14 11:14:50-07:00,America/Los_Angeles
5cf075a7f9af8b74808d82b6,"[{'userID': 569, 'milesRequested': 20, 'WhPerMile': 300, 'minutesAvailable': 529, 'modifiedAt': 'Tue, 14 May 2019 14:19:09 GMT', 'paymentRequired': True, 'requestedDeparture': 'Tue, 14 May 2019 23:07:51 GMT', 'kWhRequested': 6.0}]",000000569,2_39_78_366_2019-05-14 14:18:50.754236,2-39-78-366,CA-323,0002,0039,2019-05-14 07:18:51-07:00,2019-05-14 12:38:20-07:00,5.895,2019-05-14 11:17:53-07:00,America/Los_Angeles
5cf075a7f9af8b74808d82b7,"[{'userID': 858, 'milesRequested': 20, 'WhPerMile': 400, 'minutesAvailable': 223, 'modifiedAt': 'Tue, 14 May 2019 15:00:57 GMT', 'paymentRequired': True, 'requestedDeparture': 'Tue, 14 May 2019 18:43:46 GMT', 'kWhRequested': 8.0}]",000000858,2_39_125_21_2019-05-14 15:00:46.074270,2-39-125-21,CA-311,0002,0039,2019-05-14 08:00:46-07:00,2019-05-14 15:57:12-07:00,4.053,2019-05-14 09:19:30-07:00,America/Los_Angeles
5cf075a7f9af8b74808d82b8,"[{'userID': 2461, 'milesRequested': 20, 'WhPerMile': 400, 'minutesAvailable': 464, 'modifiedAt': 'Tue, 14 May 2019 15:13:29 GMT', 'paymentRequired': True, 'requestedDeparture': 'Tue, 14 May 2019 22:57:30 GMT', 'kWhRequested': 8.0}, {'userID': 2461, 'milesRequested': 20, 'WhPerMile': 400, 'minutesAvailable': 464, 'modifiedAt': 'Tue, 14 May 2019 16:18:41 GMT', 'paymentRequired': True, 'requestedDeparture': 'Tue, 14 May 2019 22:57:30 GMT', 'kWhRequested': 8.0}]",000002461,2_39_78_365_2019-05-14 15:13:14.586362,2-39-78-365,CA-321,0002,0039,2019-05-14 08:13:30-07:00,2019-05-14 16:10:29-07:00,5.415,2019-05-14 12:59:41-07:00,America/Los_Angeles
5cf075a7f9af8b74808d82b9,"[{'userID': 945, 'milesRequested': 50, 'WhPerMile': 600, 'minutesAvailable': 555, 'modifiedAt': 'Tue, 14 May 2019 15:29:27 GMT', 'paymentRequired': True, 'requestedDeparture': 'Wed, 15 May 2019 00:44:10 GMT', 'kWhRequested': 30.0}]",000000945,2_39_95_27_2019-05-14 15:29:10.471772,2-39-95-27,CA-319,0002,0039,2019-05-14 08:29:10-07:00,2019-05-14 17:39:34-07:00,13.491,2019-05-14 10:33:37-07:00,America/Los_Angeles
5cf075a7f9af8b74808d82ba,"[{'userID': 712, 'milesRequested': 30, 'WhPerMile': 600, 'minutesAvailable': 267, 'modifiedAt': 'Tue, 14 May 2019 15:50:38 GMT', 'paymentRequired': True, 'requestedDeparture': 'Tue, 14 May 2019 20:17:31 GMT', 'kWhRequested': 18.0}]",000000712,2_39_131_30_2019-05-14 15:50:30.918103,2-39-131-30,CA-305,0002,0039,2019-05-14 08:50:31-07:00,2019-05-14 17:43:46-07:00,8.817,2019-05-14 11:23:52-07:00,America/Los_Angeles
5cf075a7f9af8b74808d82bb,"[{'userID': 1126, 'milesRequested': 80, 'WhPerMile': 250, 'minutesAvailable': 418, 'modifiedAt': 'Tue, 14 May 2019 15:54:11 GMT', 'paymentRequired': True, 'requestedDeparture': 'Tue, 14 May 2019 22:52:02 GMT', 'kWhRequested': 20.0}]",000001126,2_39_79_379_2019-05-14 15:54:01.805338,2-39-79-379,CA-327,0002,0039,2019-05-14 08:54:02-07:00,2019-05-14 17:33:52-07:00,1.453,2019-05-14 09:17:24-07:00,America/Los_Angeles
5cf075a7f9af8b74808d82bc,"[{'userID': 1120, 'milesRequested': 60, 'WhPerMile': 375, 'minutesAvailable': 430, 'modifiedAt': 'Tue, 14 May 2019 16:02:02 GMT', 'paymentRequired': True, 'requestedDeparture': 'Tue, 14 May 2019 23:11:07 GMT', 'kWhRequested': 22.5}]",000001120,2_39_79_377_2019-05-14 16:01:06.841989,2-39-79-377,CA-325,0002,0039,2019-05-14 09:01:07-07:00,2019-05-14 16:53:48-07:00,1.731,2019-05-14 09:28:22-07:00,America/Los_Angeles
5cf075a7f9af8b74808d82bd,"[{'userID': 1534, 'milesRequested': 30, 'WhPerMile': 250, 'minutesAvailable': 404, 'modifiedAt': 'Tue, 14 May 2019 16:06:28 GMT', 'paymentRequired': True, 'requestedDeparture': 'Tue, 14 May 2019 22:49:59 GMT', 'kWhRequested': 7.5}]",000001534,2_39_128_562_2019-05-14 16:05:58.813306,2-39-128-562,CA-508,0002,0039,2019-05-14 09:05:59-07:00,2019-05-14 14:58:05-07:00,7.127,2019-05-14 11:14:39-07:00,America/Los_Angeles
5cf075a7f9af8b74808d82be,"[{'userID': 2149, 'milesRequested': 20, 'WhPerMile': 250, 'minutesAvailable': 364, 'modifiedAt': 'Tue, 14 May 2019 16:15:12 GMT', 'paymentRequired': True, 'requestedDeparture': 'Tue, 14 May 2019 22:19:12 GMT', 'kWhRequested': 5.0}, {'userID': 2149, 'milesRequested': 30, 'WhPerMile': 250, 'minutesAvailable': 446, 'modifiedAt': 'Tue, 14 May 2019 21:25:07 GMT', 'paymentRequired': True, 'requestedDeparture': 'Tue, 14 May 2019 23:41:12 GMT', 'kWhRequested': 7.5}, {'userID': 2149, 'milesRequested': 30, 'WhPerMile': 250, 'minutesAvailable': 446, 'modifiedAt': 'Tue, 14 May 2019 22:00:50 GMT', 'paymentRequired': True, 'requestedDeparture': 'Tue, 14 May 2019 23:41:12 GMT', 'kWhRequested': 7.5}]",000002149,2_39_92_436_2019-05-14 16:15:03.440217,2-39-92-436,CA-318,0002,0039,2019-05-14 09:15:12-07:00,2019-05-14 17:12:33-07:00,4.875,2019-05-14 10:54:18-07:00,America/Los_Angeles
5cf075a7f9af8b74808d82bf,"[{'userID': 567, 'milesRequested': 20, 'WhPerMile': 333, 'minutesAvailable': 425, 'modifiedAt': 'Tue, 14 May 2019 16:16:34 GMT', 'paymentRequired': True, 'requestedDeparture': 'Tue, 14 May 2019 23:21:13 GMT', 'kWhRequested': 6.66}]",000000567,2_39_123_23_2019-05-14 16:16:13.425370,2-39-123-23,CA-313,0002,0039,2019-05-14 09:16:13-07:00,2019-05-14 19:38:20-07:00,5.598,2019-05-14 10:56:42-07:00,America/Los_Angeles
5cf075a7f9af8b74808d82c0,"[{'userID': 69, 'milesRequested': 100, 'WhPerMile': 300, 'minutesAvailable': 310, 'modifiedAt': 'Tue, 14 May 2019 16:18:12 GMT', 'paymentRequired': True, 'requestedDeparture': 'Tue, 14 May 2019 21:27:56 GMT', 'kWhRequested': 30.0}]",000000069,2_39_95_444_2019-05-14 16:17:56.240835,2-39-95-444,CA-497,0002,0039,2019-05-14 09:17:56-07:00,2019-05-14 18:15:43-07:00,11.064,2019-05-14 11:05:22-07:00,America/Los_Angeles
5cf075a7f9af8b74808d82c1,"[{'userID': 1957, 'milesRequested': 60, 'WhPerMile': 400, 'minutesAvailable': 453, 'modifiedAt': 'Tue, 14 May 2019 16:20:05 GMT', 'paymentRequired': True, 'requestedDeparture': 'Tue, 14 May 2019 23:52:20 GMT', 'kWhRequested': 24.0}]",000001957,2_39_79_383_2019-05-14 16:19:20.276334,2-39-79-383,CA-492,0002,0039,2019-05-14 09:19:20-07:00,2019-05-14 17:29:34-07:00,15.315,2019-05-14 11:46:19-07:00,America/Los_Angeles
5cf075a7f9af8b74808d82c2,"[{'userID': 743, 'milesRequested': 20, 'WhPerMile': 400, 'minutesAvailable': 442, 'modifiedAt': 'Tue, 14 May 2019 16:29:14 GMT', 'paymentRequired': True, 'requestedDeparture': 'Tue, 14 May 2019 23:50:51 GMT', 'kWhRequested': 8.0}, {'userID': 743, 'milesRequested': 20, 'WhPerMile': 400, 'minutesAvailable': 442, 'modifiedAt': 'Tue, 14 May 2019 16:29:23 GMT', 'paymentRequired': True, 'requestedDeparture': 'Tue, 14 May 2019 23:50:51 GMT', 'kWhRequested': 8.0}]",000000743,2_39_89_439_2019-05-14 16:28:50.997586,2-39-89-439,CA-501,0002,0039,2019-05-14 09:28:51-07:00,2019-05-14 17:17:48-07:00,3.641,2019-05-14 10:42:55-07:00,America/Los_Angeles
5cf075a7f9af8b74808d82c3,"[{'userID': 324, 'milesRequested': 20, 'WhPerMile': 600, 'minutesAvailable': 153, 'modifiedAt': 'Tue, 14 May 2019 16:32:56 GMT', 'paymentRequired': True, 'requestedDeparture': 'Tue, 14 May 2019 19:05:42 GMT', 'kWhRequested': 12.0}]",000000324,2_39_91_437_2019-05-14 16:32:42.030885,2-39-91-437,CA-317,0002,0039,2019-05-14 09:32:42-07:00,2019-05-14 17:30:19-07:00,1.939,2019-05-14 10:32:43-07:00,America/Los_Angeles
5cf075a7f9af8b74808d82c4,"[{'userID': 714, 'milesRequested': 90, 'WhPerMile': 200, 'minutesAvailable': 364, 'modifiedAt': 'Tue, 14 May 2019 16:40:39 GMT', 'paymentRequired': True, 'requestedDeparture': 'Tue, 14 May 2019 22:43:49 GMT', 'kWhRequested': 18.0}]",000000714,2_39_79_376_2019-05-14 16:39:49.162002,2-39-79-376,CA-324,0002,0039,2019-05-14 09:39:49-07:00,2019-05-14 17:53:27-07:00,11.945,2019-05-14 11:28:15-07:00,America/Los_Angeles
5cf075a7f9af8b74808d82c5,"[{'userID': 1137, 'milesRequested': 70, 'WhPerMile': 400, 'minutesAvailable': 250, 'modifiedAt': 'Tue, 14 May 2019 16:41:21 GMT', 'paymentRequired': True, 'requestedDeparture': 'Tue, 14 May 2019 20:50:55 GMT', 'kWhRequested': 28.0}]",000001137,2_39_78_363_2019-05-14 16:40:55.455680,2-39-78-363,CA-320,0002,0039,2019-05-14 09:40:55-07:00,2019-05-14 16:36:22-07:00,11.257,2019-05-14 13:00:26-07:00,America/Los_Angeles
5cf075a7f9af8b74808d82c6,"[{'userID': 620, 'milesRequested': 50, 'WhPerMile': 500, 'minutesAvailable': 429, 'modifiedAt': 'Tue, 14 May 2019 16:55:26 GMT', 'paymentRequired': True, 'requestedDeparture': 'Wed, 15 May 2019 00:04:08 GMT', 'kWhRequested': 25.0}]",000000620,2_39_124_22_2019-05-14 16:55:08.465841,2-39-124-22,CA-312,0002,0039,2019-05-14 09:55:08-07:00,2019-05-14 17:09:04-07:00,8.348,2019-05-14 12:11:32-07:00,America/Los_Angeles
5cf075a7f9af8b74808d82c7,"[{'userID': 668, 'milesRequested': 50, 'WhPerMile': 400, 'minutesAvailable': 233, 'modifiedAt': 'Tue, 14 May 2019 16:56:36 GMT', 'paymentRequired': True, 'requestedDeparture': 'Tue, 14 May 2019 20:49:27 GMT', 'kWhRequested': 20.0}]",000000668,2_39_78_364_2019-05-14 16:56:26.896151,2-39-78-364,CA-495,0002,0039,2019-05-14 09:56:27-07:00,2019-05-14 11:35:35-07:00,6.511,2019-05-14 11:35:30-07:00,America/Los_Angeles
5cf075a7f9af8b74808d82c8,"[{'userID': 1366, 'milesRequested': 20, 'WhPerMile': 600, 'minutesAvailable': 174, 'modifiedAt': 'Tue, 14 May 2019 17:00:55 GMT', 'paymentRequired': True, 'requestedDeparture': 'Tue, 14 May 2019 19:50:27 GMT', 'kWhRequested': 12.0}]",000001366,2_39_78_360_2019-05-14 16:56:27.462809,2-39-78-360,CA-322,0002,0039,2019-05-14 09:56:27-07:00,2019-05-14 17:24:39-07:00,6.108,2019-05-14 11:57:49-07:00,America/Los_Angeles
5cf075a7f9af8b74808d82c9,"[{'userID': 632, 'milesRequested': 40, 'WhPerMile': 400, 'minutesAvailable': 252, 'modifiedAt': 'Tue, 14 May 2019 17:01:56 GMT', 'paymentRequired': True, 'requestedDeparture': 'Tue, 14 May 2019 21:13:25 GMT', 'kWhRequested': 16.0}]",000000632,2_39_78_362_2019-05-14 17:01:25.285318,2-39-78-362,CA-496,0002,0039,2019-05-14 10:01:25-07:00,2019-05-14 17:53:31-07:00,15.881,2019-05-14 17:54:31-07:00,America/Los_Angeles
5cf075a7f9af8b74808d82ca,"[{'userID': 891, 'milesRequested': 20, 'WhPerMile': 300, 'minutesAvailable': 310, 'modifiedAt': 'Tue, 14 May 2019 17:01:47 GMT', 'paymentRequired': True, 'requestedDeparture': 'Tue, 14 May 2019 22:11:43 GMT', 'kWhRequested': 6.0}]",000000891,2_39_78_361_2019-05-14 17:01:43.416279,2-39-78-361,CA-493,0002,0039,2019-05-14 10:01:43-07:00,2019-05-14 17:35:00-07:00,2.445,2019-05-14 11:32:09-07:00,America/Los_Angeles
5cf075a7f9af8b74808d82cb,"[{'userID': 558, 'milesRequested': 60, 'WhPerMile': 200, 'minutesAvailable': 120, 'modifiedAt': 'Tue, 14 May 2019 17:12:19 GMT', 'paymentRequired': True, 'requestedDeparture': 'Tue, 14 May 2019 19:12:12 GMT', 'kWhRequested': 12.0}]",000000558,2_39_90_440_2019-05-14 17:12:11.790541,2-39-90-440,CA-500,0002,0039,2019-05-14 10:12:12-07:00,2019-05-14 19:08:04-07:00,5.813,2019-05-14 11:09:47-07:00,America/Los_Angeles
5cf075a7f9af8b74808d82cc,"[{'userID': 560, 'milesRequested': 20, 'WhPerMile': 273, 'minutesAvailable': 220, 'modifiedAt': 'Tue, 14 May 2019 19:12:44 GMT', 'paymentRequired': True, 'requestedDeparture': 'Tue, 14 May 2019 22:52:22 GMT', 'kWhRequested': 5.46}]",000000560,2_39_88_24_2019-05-14 19:12:22.258754,2-39-88-24,CA-314,0002,0039,2019-05-14 12:12:22-07:00,2019-05-14 15:51:48-07:00,1.778,2019-05-14 13:07:36-07:00,America/Los_Angeles
5cf075a7f9af8b74808d82cd,"[{'userID': 1124, 'milesRequested': 20, 'WhPerMile': 450, 'minutesAvailable': 60, 'modifiedAt': 'Tue, 14 May 2019 19:19:17 GMT', 'paymentRequired': True, 'requestedDeparture': 'Tue, 14 May 2019 20:18:40 GMT', 'kWhRequested': 9.0}]",000001124,2_39_78_364_2019-05-14 19:18:39.591883,2-39-78-364,CA-495,0002,0039,2019-05-14 12:18:40-07:00,2019-05-14 17:39:54-07:00,6.625,2019-05-14 14:21:40-07:00,America/Los_Angeles
5cf075a7f9af8b74808d82ce,"[{'userID': 1470, 'milesRequested': 60, 'WhPerMile': 292, 'minutesAvailable': 232, 'modifiedAt': 'Tue, 14 May 2019 20:13:15 GMT', 'paymentRequired': True, 'requestedDeparture': 'Wed, 15 May 2019 00:04:13 GMT', 'kWhRequested': 17.52}]",000001470,2_39_78_366_2019-05-14 20:12:12.872813,2-39-78-366,CA-323,0002,0039,2019-05-14 13:12:13-07:00,2019-05-14 17:13:48-07:00,9.917,2019-05-14 14:44:14-07:00,America/Los_Angeles
5cf075a7f9af8b74808d82cf,"[{'userID': 569, 'milesRequested': 20, 'WhPerMile': 300, 'minutesAvailable': 529, 'modifiedAt': 'Tue, 14 May 2019 20:48:46 GMT', 'paymentRequired': True, 'requestedDeparture': 'Wed, 15 May 2019 05:37:40 GMT', 'kWhRequested': 6.0}]",000000569,2_39_79_380_2019-05-14 20:48:40.177024,2-39-79-380,CA-489,0002,0039,2019-05-14 13:48:40-07:00,2019-05-14 17:09:46-07:00,4.911,2019-05-14 14:38:26-07:00,America/Los_Angeles
5cf075a7f9af8b74808d82d0,"[{'userID': 668, 'milesRequested': 50, 'WhPerMile': 400, 'minutesAvailable': 233, 'modifiedAt': 'Tue, 14 May 2019 21:56:52 GMT', 'paymentRequired': True, 'requestedDeparture': 'Wed, 15 May 2019 01:49:09 GMT', 'kWhRequested': 20.0}]",000000668,2_39_92_442_2019-05-14 21:56:08.856526,2-39-92-442,CA-498,0002,0039,2019-05-14 14:56:09-07:00,2019-05-14 16:37:41-07:00,11.486,2019-05-14 16:37:37-07:00,America/Los_Angeles
5cf075a7f9af8b74808d82d1,"[{'userID': 1309, 'milesRequested': 30, 'WhPerMile': 600, 'minutesAvailable': 60, 'modifiedAt': 'Tue, 14 May 2019 22:39:01 GMT', 'paymentRequired': True, 'requestedDeparture': 'Tue, 14 May 2019 23:35:52 GMT', 'kWhRequested': 18.0}]",000001309,2_39_78_367_2019-05-14 22:35:51.959647,2-39-78-367,CA-494,0002,0039,2019-05-14 15:35:52-07:00,2019-05-14 16:12:03-07:00,3.542,2019-05-14 16:12:01-07:00,America/Los_Angeles
5cf075a7f9af8b74808d82d2,"[{'userID': 1746, 'milesRequested': 60, 'WhPerMile': 600, 'minutesAvailable': 64, 'modifiedAt': 'Tue, 14 May 2019 23:37:48 GMT', 'paymentRequired': True, 'requestedDeparture': 'Wed, 15 May 2019 00:41:23 GMT', 'kWhRequested': 36.0}, {'userID': 1746, 'milesRequested': 60, 'WhPerMile': 600, 'minutesAvailable': 64, 'modifiedAt': 'Tue, 14 May 2019 23:37:56 GMT', 'paymentRequired': True, 'requestedDeparture': 'Wed, 15 May 2019 00:41:23 GMT', 'kWhRequested': 36.0}, {'userID': 1746, 'milesRequested': 60, 'WhPerMile': 600, 'minutesAvailable': 46, 'modifiedAt': 'Tue, 14 May 2019 23:38:08 GMT', 'paymentRequired': True, 'requestedDeparture': 'Wed, 15 May 2019 00:23:23 GMT', 'kWhRequested': 36.0}, {'userID': 1746, 'milesRequested': 60, 'WhPerMile': 600, 'minutesAvailable': 46, 'modifiedAt': 'Wed, 15 May 2019 01:27:37 GMT', 'paymentRequired': True, 'requestedDeparture': 'Wed, 15 May 2019 00:23:23 GMT', 'kWhRequested': 36.0}]",000001746,2_39_88_24_2019-05-14 23:37:22.960447,2-39-88-24,CA-314,0002,0039,2019-05-14 16:37:23-07:00,2019-05-14 18:28:03-07:00,5.129,2019-05-14 18:15:14-07:00,America/Los_Angeles
5cf075a7f9af8b74808d82d3,"[{'userID': 1164, 'milesRequested': 20, 'WhPerMile': 525, 'minutesAvailable': 236, 'modifiedAt': 'Wed, 15 May 2019 03:21:15 GMT', 'paymentRequired': True, 'requestedDeparture': 'Wed, 15 May 2019 07:16:47 GMT', 'kWhRequested': 10.5}]",000001164,2_39_79_383_2019-05-15 03:20:46.888816,2-39-79-383,CA-492,0002,0039,2019-05-14 20:20:47-07:00,2019-05-15 02:59:15-07:00,6.537,2019-05-14 22:32:08-07:00,America/Los_Angeles
5cf075a7f9af8b74808d82d4,,,2_39_79_378_2019-05-15 03:22:41.959517,2-39-79-378,CA-326,0002,0039,2019-05-14 20:22:42-07:00,2019-05-14 21:06:26-07:00,0.584,2019-05-14 20:47:31-07:00,America/Los_Angeles
5cf075a7f9af8b74808d82d5,"[{'userID': 1263, 'milesRequested': 70, 'WhPerMile': 250, 'minutesAvailable': 61, 'modifiedAt': 'Wed, 15 May 2019 03:26:48 GMT', 'paymentRequired': True, 'requestedDeparture': 'Wed, 15 May 2019 04:27:26 GMT', 'kWhRequested': 17.5}]",000001263,2_39_130_31_2019-05-15 03:26:26.318391,2-39-130-31,CA-306,0002,0039,2019-05-14 20:26:26-07:00,2019-05-14 21:42:06-07:00,7.404,2019-05-14 21:41:02-07:00,America/Los_Angeles
5cf075a7f9af8b74808d82d6,"[{'userID': 1826, 'milesRequested': 100, 'WhPerMile': 400, 'minutesAvailable': 231, 'modifiedAt': 'Wed, 15 May 2019 06:05:37 GMT', 'paymentRequired': True, 'requestedDeparture': 'Wed, 15 May 2019 09:56:07 GMT', 'kWhRequested': 40.0}]",000001826,2_39_89_25_2019-05-15 06:05:06.827135,2-39-89-25,CA-315,0002,0039,2019-05-14 23:05:07-07:00,2019-05-19 17:19:09-07:00,9.831,2019-05-15 00:40:16-07:00,America/Los_Angeles
5cf1c724f9af8b7971091301,"[{'userID': 560, 'milesRequested': 70, 'WhPerMile': 273, 'minutesAvailable': 220, 'modifiedAt': 'Wed, 15 May 2019 13:35:49 GMT', 'paymentRequired': True, 'requestedDeparture': 'Wed, 15 May 2019 17:15:34 GMT', 'kWhRequested': 19.11}]",000000560,2_39_88_24_2019-05-15 13:35:34.159115,2-39-88-24,CA-314,0002,0039,2019-05-15 06:35:34-07:00,2019-05-15 11:19:23-07:00,18.716,2019-05-15 10:10:51-07:00,America/Los_Angeles
5cf1c724f9af8b7971091302,,,2_39_78_366_2019-05-15 15:05:29.109773,2-39-78-366,CA-323,0002,0039,2019-05-15 08:05:29-07:00,2019-05-15 17:36:30-07:00,0.856,2019-05-15 12:37:40-07:00,America/Los_Angeles
5cf1c724f9af8b7971091303,"[{'userID': 1366, 'milesRequested': 20, 'WhPerMile': 600, 'minutesAvailable': 174, 'modifiedAt': 'Wed, 15 May 2019 15:20:41 GMT', 'paymentRequired': True, 'requestedDeparture': 'Wed, 15 May 2019 18:14:12 GMT', 'kWhRequested': 12.0}, {'userID': 1366, 'milesRequested': 20, 'WhPerMile': 600, 'minutesAvailable': 493, 'modifiedAt': 'Wed, 15 May 2019 15:21:02 GMT', 'paymentRequired': True, 'requestedDeparture': 'Wed, 15 May 2019 23:33:12 GMT', 'kWhRequested': 12.0}]",000001366,2_39_138_29_2019-05-15 15:20:11.681684,2-39-138-29,CA-304,0002,0039,2019-05-15 08:20:12-07:00,2019-05-15 16:31:56-07:00,4.529,2019-05-15 09:51:13-07:00,America/Los_Angeles
5cf1c724f9af8b7971091304,"[{'userID': 559, 'milesRequested': 50, 'WhPerMile': 313, 'minutesAvailable': 525, 'modifiedAt': 'Wed, 15 May 2019 15:29:27 GMT', 'paymentRequired': True, 'requestedDeparture': 'Thu, 16 May 2019 00:14:03 GMT', 'kWhRequested': 15.65}]",000000559,2_39_131_30_2019-05-15 15:29:02.517461,2-39-131-30,CA-305,0002,0039,2019-05-15 08:29:03-07:00,2019-05-15 17:24:43-07:00,13.427,2019-05-15 11:46:16-07:00,America/Los_Angeles
5cf1c724f9af8b7971091305,"[{'userID': 431, 'milesRequested': 50, 'WhPerMile': 300, 'minutesAvailable': 224, 'modifiedAt': 'Wed, 15 May 2019 15:31:11 GMT', 'paymentRequired': True, 'requestedDeparture': 'Wed, 15 May 2019 19:14:38 GMT', 'kWhRequested': 15.0}]",000000431,2_39_91_437_2019-05-15 15:30:38.035790,2-39-91-437,CA-317,0002,0039,2019-05-15 08:30:38-07:00,2019-05-15 18:26:44-07:00,13.853,2019-05-15 10:50:47-07:00,America/Los_Angeles
5cf1c724f9af8b7971091306,"[{'userID': 1104, 'milesRequested': 120, 'WhPerMile': 250, 'minutesAvailable': 383, 'modifiedAt': 'Wed, 15 May 2019 15:31:36 GMT', 'paymentRequired': True, 'requestedDeparture': 'Wed, 15 May 2019 21:54:29 GMT', 'kWhRequested': 30.0}]",000001104,2_39_79_379_2019-05-15 15:31:29.246516,2-39-79-379,CA-327,0002,0039,2019-05-15 08:31:29-07:00,2019-05-15 17:15:24-07:00,18.876,2019-05-15 12:29:14-07:00,America/Los_Angeles
5cf1c724f9af8b7971091307,"[{'userID': 1470, 'milesRequested': 60, 'WhPerMile': 292, 'minutesAvailable': 232, 'modifiedAt': 'Wed, 15 May 2019 15:32:08 GMT', 'paymentRequired': True, 'requestedDeparture': 'Wed, 15 May 2019 19:24:00 GMT', 'kWhRequested': 17.52}]",000001470,2_39_79_377_2019-05-15 15:31:59.841151,2-39-79-377,CA-325,0002,0039,2019-05-15 08:32:00-07:00,2019-05-15 10:05:55-07:00,6.169,2019-05-15 10:05:27-07:00,America/Los_Angeles
5cf1c724f9af8b7971091308,"[{'userID': 712, 'milesRequested': 30, 'WhPerMile': 600, 'minutesAvailable': 267, 'modifiedAt': 'Wed, 15 May 2019 15:41:17 GMT', 'paymentRequired': True, 'requestedDeparture': 'Wed, 15 May 2019 20:08:12 GMT', 'kWhRequested': 18.0}]",000000712,2_39_129_17_2019-05-15 15:41:12.174223,2-39-129-17,CA-307,0002,0039,2019-05-15 08:41:12-07:00,2019-05-15 18:47:33-07:00,5.056,2019-05-15 10:10:43-07:00,America/Los_Angeles
5cf1c724f9af8b7971091309,"[{'userID': 1534, 'milesRequested': 30, 'WhPerMile': 250, 'minutesAvailable': 404, 'modifiedAt': 'Wed, 15 May 2019 15:49:42 GMT', 'paymentRequired': True, 'requestedDeparture': 'Wed, 15 May 2019 22:33:12 GMT', 'kWhRequested': 7.5}]",000001534,2_39_124_558_2019-05-15 15:49:12.005221,2-39-124-558,CA-504,0002,0039,2019-05-15 08:49:12-07:00,2019-05-15 17:35:49-07:00,4.763,2019-05-15 10:15:38-07:00,America/Los_Angeles
5cf1c724f9af8b797109130a,"[{'userID': 2354, 'milesRequested': 20, 'WhPerMile': 400, 'minutesAvailable': 60, 'modifiedAt': 'Wed, 15 May 2019 17:04:25 GMT', 'paymentRequired': True, 'requestedDeparture': 'Wed, 15 May 2019 16:59:45 GMT', 'kWhRequested': 8.0}]",000002354,2_39_127_19_2019-05-15 15:59:44.607209,2-39-127-19,CA-309,0002,0039,2019-05-15 08:59:45-07:00,2019-05-15 11:16:21-07:00,5.868,2019-05-15 11:16:15-07:00,America/Los_Angeles
5cf1c724f9af8b797109130b,"[{'userID': 714, 'milesRequested': 90, 'WhPerMile': 200, 'minutesAvailable': 364, 'modifiedAt': 'Wed, 15 May 2019 16:00:29 GMT', 'paymentRequired': True, 'requestedDeparture': 'Wed, 15 May 2019 22:04:05 GMT', 'kWhRequested': 18.0}]",000000714,2_39_79_381_2019-05-15 16:00:04.946727,2-39-79-381,CA-490,0002,0039,2019-05-15 09:00:05-07:00,2019-05-15 18:10:38-07:00,13.32,2019-05-15 13:18:00-07:00,America/Los_Angeles
5cf1c724f9af8b797109130c,"[{'userID': 1095, 'milesRequested': 30, 'WhPerMile': 469, 'minutesAvailable': 447, 'modifiedAt': 'Wed, 15 May 2019 16:01:30 GMT', 'paymentRequired': True, 'requestedDeparture': 'Wed, 15 May 2019 23:28:21 GMT', 'kWhRequested': 14.07}]",000001095,2_39_78_365_2019-05-15 16:01:21.494884,2-39-78-365,CA-321,0002,0039,2019-05-15 09:01:21-07:00,2019-05-15 16:35:29-07:00,6.943,2019-05-15 13:11:49-07:00,America/Los_Angeles
5cf1c724f9af8b797109130d,"[{'userID': 858, 'milesRequested': 20, 'WhPerMile': 400, 'minutesAvailable': 223, 'modifiedAt': 'Wed, 15 May 2019 16:04:39 GMT', 'paymentRequired': True, 'requestedDeparture': 'Wed, 15 May 2019 19:47:33 GMT', 'kWhRequested': 8.0}]",000000858,2_39_78_362_2019-05-15 16:04:32.939603,2-39-78-362,CA-496,0002,0039,2019-05-15 09:04:33-07:00,2019-05-15 16:20:59-07:00,5.489,2019-05-15 16:21:59-07:00,America/Los_Angeles
5cf1c724f9af8b797109130e,"[{'userID': 1364, 'milesRequested': 60, 'WhPerMile': 400, 'minutesAvailable': 203, 'modifiedAt': 'Wed, 15 May 2019 17:31:44 GMT', 'paymentRequired': True, 'requestedDeparture': 'Wed, 15 May 2019 19:29:29 GMT', 'kWhRequested': 24.0}]",000001364,2_39_95_27_2019-05-15 16:06:28.874158,2-39-95-27,CA-319,0002,0039,2019-05-15 09:06:29-07:00,2019-05-15 13:45:13-07:00,5.414,2019-05-15 12:56:29-07:00,America/Los_Angeles
5cf1c724f9af8b797109130f,"[{'userID': 891, 'milesRequested': 20, 'WhPerMile': 300, 'minutesAvailable': 310, 'modifiedAt': 'Wed, 15 May 2019 16:10:12 GMT', 'paymentRequired': True, 'requestedDeparture': 'Wed, 15 May 2019 21:20:04 GMT', 'kWhRequested': 6.0}]",000000891,2_39_92_436_2019-05-15 16:10:04.336617,2-39-92-436,CA-318,0002,0039,2019-05-15 09:10:04-07:00,2019-05-15 16:28:29-07:00,1.889,2019-05-15 09:54:00-07:00,America/Los_Angeles
5cf1c724f9af8b7971091310,"[{'userID': 1120, 'milesRequested': 60, 'WhPerMile': 375, 'minutesAvailable': 430, 'modifiedAt': 'Wed, 15 May 2019 16:11:59 GMT', 'paymentRequired': True, 'requestedDeparture': 'Wed, 15 May 2019 23:21:39 GMT', 'kWhRequested': 22.5}]",000001120,2_39_79_378_2019-05-15 16:11:39.482967,2-39-79-378,CA-326,0002,0039,2019-05-15 09:11:39-07:00,2019-05-15 16:18:38-07:00,4.683,2019-05-15 11:59:51-07:00,America/Los_Angeles
5cf1c724f9af8b7971091311,"[{'userID': 1039, 'milesRequested': 240, 'WhPerMile': 271, 'minutesAvailable': 161, 'modifiedAt': 'Wed, 15 May 2019 16:12:30 GMT', 'paymentRequired': True, 'requestedDeparture': 'Wed, 15 May 2019 18:53:04 GMT', 'kWhRequested': 65.04}]",000001039,2_39_78_363_2019-05-15 16:12:03.648642,2-39-78-363,CA-320,0002,0039,2019-05-15 09:12:04-07:00,2019-05-15 10:12:45-07:00,6.658,2019-05-15 10:12:46-07:00,America/Los_Angeles
5cf1c724f9af8b7971091312,"[{'userID': 743, 'milesRequested': 20, 'WhPerMile': 400, 'minutesAvailable': 442, 'modifiedAt': 'Wed, 15 May 2019 16:13:39 GMT', 'paymentRequired': True, 'requestedDeparture': 'Wed, 15 May 2019 23:35:18 GMT', 'kWhRequested': 8.0}]",000000743,2_39_89_439_2019-05-15 16:13:17.765617,2-39-89-439,CA-501,0002,0039,2019-05-15 09:13:18-07:00,2019-05-15 17:29:22-07:00,3.916,2019-05-15 10:35:35-07:00,America/Los_Angeles
5cf1c724f9af8b7971091313,"[{'userID': 676, 'milesRequested': 60, 'WhPerMile': 364, 'minutesAvailable': 473, 'modifiedAt': 'Wed, 15 May 2019 16:22:20 GMT', 'paymentRequired': True, 'requestedDeparture': 'Thu, 16 May 2019 00:14:45 GMT', 'kWhRequested': 21.84}]",000000676,2_39_79_376_2019-05-15 16:21:45.127567,2-39-79-376,CA-324,0002,0039,2019-05-15 09:21:45-07:00,2019-05-15 19:53:11-07:00,16.137,2019-05-15 15:25:08-07:00,America/Los_Angeles
5cf1c724f9af8b7971091314,"[{'userID': 2149, 'milesRequested': 40, 'WhPerMile': 275, 'minutesAvailable': 350, 'modifiedAt': 'Wed, 15 May 2019 16:23:26 GMT', 'paymentRequired': True, 'requestedDeparture': 'Wed, 15 May 2019 22:13:27 GMT', 'kWhRequested': 11.0}]",000002149,2_39_78_361_2019-05-15 16:23:17.674944,2-39-78-361,CA-493,0002,0039,2019-05-15 09:23:27-07:00,2019-05-15 17:26:58-07:00,8.249,2019-05-15 12:31:13-07:00,America/Los_Angeles
5cf1c724f9af8b7971091315,"[{'userID': 1864, 'milesRequested': 30, 'WhPerMile': 333, 'minutesAvailable': 398, 'modifiedAt': 'Wed, 15 May 2019 16:24:16 GMT', 'paymentRequired': True, 'requestedDeparture': 'Wed, 15 May 2019 23:02:16 GMT', 'kWhRequested': 9.99}]",000001864,2_39_124_22_2019-05-15 16:23:52.713104,2-39-124-22,CA-312,0002,0039,2019-05-15 09:24:16-07:00,2019-05-15 17:07:18-07:00,5.149,2019-05-15 11:04:49-07:00,America/Los_Angeles
5cf1c724f9af8b7971091316,"[{'userID': 867, 'milesRequested': 80, 'WhPerMile': 400, 'minutesAvailable': 460, 'modifiedAt': 'Wed, 15 May 2019 16:40:46 GMT', 'paymentRequired': True, 'requestedDeparture': 'Thu, 16 May 2019 00:20:16 GMT', 'kWhRequested': 32.0}, {'userID': 867, 'milesRequested': 50, 'WhPerMile': 400, 'minutesAvailable': 441, 'modifiedAt': 'Wed, 15 May 2019 19:14:23 GMT', 'paymentRequired': True, 'requestedDeparture': 'Thu, 16 May 2019 00:01:16 GMT', 'kWhRequested': 20.0}]",000000867,2_39_95_444_2019-05-15 16:40:16.437096,2-39-95-444,CA-497,0002,0039,2019-05-15 09:40:16-07:00,2019-05-15 17:38:31-07:00,17.27,2019-05-15 12:21:58-07:00,America/Los_Angeles
5cf1c724f9af8b7971091317,"[{'userID': 69, 'milesRequested': 100, 'WhPerMile': 300, 'minutesAvailable': 310, 'modifiedAt': 'Wed, 15 May 2019 16:52:22 GMT', 'paymentRequired': True, 'requestedDeparture': 'Wed, 15 May 2019 22:00:58 GMT', 'kWhRequested': 30.0}]",000000069,2_39_79_380_2019-05-15 16:50:58.219615,2-39-79-380,CA-489,0002,0039,2019-05-15 09:50:58-07:00,2019-05-15 17:55:29-07:00,10.241,2019-05-15 11:50:14-07:00,America/Los_Angeles
5cf1c724f9af8b7971091318,"[{'userID': 2461, 'milesRequested': 30, 'WhPerMile': 400, 'minutesAvailable': 391, 'modifiedAt': 'Wed, 15 May 2019 16:52:56 GMT', 'paymentRequired': True, 'requestedDeparture': 'Wed, 15 May 2019 23:23:57 GMT', 'kWhRequested': 12.0}, {'userID': 2461, 'milesRequested': 30, 'WhPerMile': 400, 'minutesAvailable': 391, 'modifiedAt': 'Wed, 15 May 2019 20:24:58 GMT', 'paymentRequired': True, 'requestedDeparture': 'Wed, 15 May 2019 23:23:57 GMT', 'kWhRequested': 12.0}]",000002461,2_39_78_360_2019-05-15 16:52:39.400554,2-39-78-360,CA-322,0002,0039,2019-05-15 09:52:57-07:00,2019-05-15 16:18:40-07:00,8.227,2019-05-15 15:52:21-07:00,America/Los_Angeles
5cf1c724f9af8b7971091319,"[{'userID': 567, 'milesRequested': 20, 'WhPerMile': 333, 'minutesAvailable': 425, 'modifiedAt': 'Wed, 15 May 2019 17:10:53 GMT', 'paymentRequired': True, 'requestedDeparture': 'Thu, 16 May 2019 00:15:39 GMT', 'kWhRequested': 6.66}]",000000567,2_39_79_377_2019-05-15 17:10:39.016056,2-39-79-377,CA-325,0002,0039,2019-05-15 10:10:39-07:00,2019-05-15 19:08:21-07:00,6.194,2019-05-15 15:02:38-07:00,America/Los_Angeles
5cf1c724f9af8b797109131a,"[{'userID': 668, 'milesRequested': 50, 'WhPerMile': 400, 'minutesAvailable': 233, 'modifiedAt': 'Wed, 15 May 2019 17:19:05 GMT', 'paymentRequired': True, 'requestedDeparture': 'Wed, 15 May 2019 21:11:43 GMT', 'kWhRequested': 20.0}]",000000668,2_39_78_363_2019-05-15 17:18:43.167080,2-39-78-363,CA-320,0002,0039,2019-05-15 10:18:43-07:00,2019-05-15 11:09:40-07:00,4.524,2019-05-15 11:09:33-07:00,America/Los_Angeles
5cf1c724f9af8b797109131b,"[{'userID': 1208, 'milesRequested': 130, 'WhPerMile': 400, 'minutesAvailable': 428, 'modifiedAt': 'Wed, 15 May 2019 17:23:49 GMT', 'paymentRequired': True, 'requestedDeparture': 'Thu, 16 May 2019 00:31:31 GMT', 'kWhRequested': 52.0}]",000001208,2_39_92_442_2019-05-15 17:23:30.859341,2-39-92-442,CA-498,0002,0039,2019-05-15 10:23:31-07:00,2019-05-15 17:39:45-07:00,48.66778583333334,2019-05-15 17:39:11-07:00,America/Los_Angeles
5cf1c724f9af8b797109131c,,,2_39_79_383_2019-05-15 17:44:46.711944,2-39-79-383,CA-492,0002,0039,2019-05-15 10:44:47-07:00,2019-05-15 11:48:18-07:00,1.1574413888888893,2019-05-15 11:45:27-07:00,America/Los_Angeles
5cf1c724f9af8b797109131d,,,2_39_78_364_2019-05-15 18:17:13.024207,2-39-78-364,CA-495,0002,0039,2019-05-15 11:17:13-07:00,2019-05-15 18:55:38-07:00,0.924,2019-05-15 13:41:46-07:00,America/Los_Angeles
5cf1c724f9af8b797109131e,"[{'userID': 560, 'milesRequested': 10, 'WhPerMile': 273, 'minutesAvailable': 220, 'modifiedAt': 'Wed, 15 May 2019 18:48:39 GMT', 'paymentRequired': True, 'requestedDeparture': 'Wed, 15 May 2019 22:28:20 GMT', 'kWhRequested': 2.73}]",000000560,2_39_88_24_2019-05-15 18:48:19.973963,2-39-88-24,CA-314,0002,0039,2019-05-15 11:48:20-07:00,2019-05-15 15:54:06-07:00,1.635,2019-05-15 12:42:03-07:00,America/Los_Angeles
5cf1c724f9af8b797109131f,,,2_39_79_383_2019-05-15 19:22:06.897704,2-39-79-383,CA-492,0002,0039,2019-05-15 12:22:07-07:00,2019-05-15 20:07:31-07:00,8.494,2019-05-15 20:00:09-07:00,America/Los_Angeles
5cf1c724f9af8b7971091320,"[{'userID': 1470, 'milesRequested': 50, 'WhPerMile': 292, 'minutesAvailable': 232, 'modifiedAt': 'Wed, 15 May 2019 19:23:49 GMT', 'paymentRequired': True, 'requestedDeparture': 'Wed, 15 May 2019 23:15:14 GMT', 'kWhRequested': 14.6}]",000001470,2_39_90_440_2019-05-15 19:23:13.568225,2-39-90-440,CA-500,0002,0039,2019-05-15 12:23:14-07:00,2019-05-15 17:19:11-07:00,6.847,2019-05-15 13:25:29-07:00,America/Los_Angeles
5cf1c724f9af8b7971091321,"[{'userID': 1083, 'milesRequested': 20, 'WhPerMile': 400, 'minutesAvailable': 245, 'modifiedAt': 'Wed, 15 May 2019 19:29:43 GMT', 'paymentRequired': True, 'requestedDeparture': 'Wed, 15 May 2019 23:34:25 GMT', 'kWhRequested': 8.0}]",000001083,2_39_78_363_2019-05-15 19:29:24.735775,2-39-78-363,CA-320,0002,0039,2019-05-15 12:29:25-07:00,2019-05-15 17:33:03-07:00,6.43,2019-05-15 15:45:32-07:00,America/Los_Angeles
5cf1c724f9af8b7971091322,"[{'userID': 324, 'milesRequested': 20, 'WhPerMile': 600, 'minutesAvailable': 259, 'modifiedAt': 'Wed, 15 May 2019 19:37:40 GMT', 'paymentRequired': True, 'requestedDeparture': 'Wed, 15 May 2019 23:56:24 GMT', 'kWhRequested': 12.0}]",000000324,2_39_90_26_2019-05-15 19:37:24.052537,2-39-90-26,CA-316,0002,0039,2019-05-15 12:37:24-07:00,2019-05-15 21:32:53-07:00,1.05,2019-05-15 13:12:40-07:00,America/Los_Angeles
5cf1c724f9af8b7971091323,"[{'userID': 1124, 'milesRequested': 20, 'WhPerMile': 450, 'minutesAvailable': 60, 'modifiedAt': 'Wed, 15 May 2019 19:54:03 GMT', 'paymentRequired': True, 'requestedDeparture': 'Wed, 15 May 2019 20:53:44 GMT', 'kWhRequested': 9.0}]",000001124,2_39_91_441_2019-05-15 19:53:44.336084,2-39-91-441,CA-499,0002,0039,2019-05-15 12:53:44-07:00,2019-05-15 18:53:44-07:00,6.462,2019-05-15 14:52:29-07:00,America/Los_Angeles
5cf1c724f9af8b7971091324,"[{'userID': 1082, 'milesRequested': 40, 'WhPerMile': 400, 'minutesAvailable': 291, 'modifiedAt': 'Wed, 15 May 2019 20:21:03 GMT', 'paymentRequired': True, 'requestedDeparture': 'Thu, 16 May 2019 01:10:30 GMT', 'kWhRequested': 16.0}]",000001082,2_39_78_367_2019-05-15 20:19:30.142561,2-39-78-367,CA-494,0002,0039,2019-05-15 13:19:30-07:00,2019-05-15 23:21:23-07:00,2.353,2019-05-15 14:26:23-07:00,America/Los_Angeles
5cf1c724f9af8b7971091325,,,2_39_88_438_2019-05-15 20:21:19.441316,2-39-88-438,CA-502,0002,0039,2019-05-15 13:21:19-07:00,2019-05-15 14:23:27-07:00,0.903,2019-05-15 13:51:47-07:00,America/Los_Angeles
5cf1c724f9af8b7971091326,"[{'userID': 2170, 'milesRequested': 25, 'WhPerMile': 600, 'minutesAvailable': 170, 'modifiedAt': 'Wed, 15 May 2019 23:14:57 GMT', 'paymentRequired': True, 'requestedDeparture': 'Thu, 16 May 2019 02:01:37 GMT', 'kWhRequested': 15.0}]",000002170,2_39_95_27_2019-05-15 23:11:37.199671,2-39-95-27,CA-319,0002,0039,2019-05-15 16:11:37-07:00,2019-05-15 19:31:49-07:00,10.889,2019-05-15 19:31:44-07:00,America/Los_Angeles
5cf1c724f9af8b7971091327,"[{'userID': 774, 'milesRequested': 20, 'WhPerMile': 400, 'minutesAvailable': 60, 'modifiedAt': 'Wed, 15 May 2019 23:38:10 GMT', 'paymentRequired': True, 'requestedDeparture': 'Thu, 16 May 2019 00:38:10 GMT', 'kWhRequested': 8.0}, {'userID': 774, 'milesRequested': 20, 'WhPerMile': 400, 'minutesAvailable': 60, 'modifiedAt': 'Wed, 15 May 2019 23:39:28 GMT', 'paymentRequired': True, 'requestedDeparture': 'Thu, 16 May 2019 00:38:10 GMT', 'kWhRequested': 8.0}]",000000774,2_39_126_20_2019-05-15 23:38:09.941850,2-39-126-20,CA-310,0002,0039,2019-05-15 16:38:10-07:00,2019-05-15 17:52:39-07:00,4.159,2019-05-15 17:52:34-07:00,America/Los_Angeles
5cf1c724f9af8b7971091328,"[{'userID': 1161, 'milesRequested': 40, 'WhPerMile': 400, 'minutesAvailable': 69, 'modifiedAt': 'Thu, 16 May 2019 01:23:59 GMT', 'paymentRequired': True, 'requestedDeparture': 'Thu, 16 May 2019 02:32:54 GMT', 'kWhRequested': 16.0}]",000001161,2_39_131_30_2019-05-16 01:23:53.683349,2-39-131-30,CA-305,0002,0039,2019-05-15 18:23:54-07:00,2019-05-15 19:39:57-07:00,4.14,2019-05-15 19:39:49-07:00,America/Los_Angeles
5cf1c724f9af8b7971091329,"[{'userID': 1164, 'milesRequested': 20, 'WhPerMile': 525, 'minutesAvailable': 236, 'modifiedAt': 'Thu, 16 May 2019 02:53:18 GMT', 'paymentRequired': True, 'requestedDeparture': 'Thu, 16 May 2019 06:48:55 GMT', 'kWhRequested': 10.5}]",000001164,2_39_79_381_2019-05-16 02:52:55.120297,2-39-79-381,CA-490,0002,0039,2019-05-15 19:52:55-07:00,2019-05-16 08:10:48-07:00,6.648,2019-05-15 21:59:09-07:00,America/Los_Angeles
5cf1c724f9af8b797109132a,"[{'userID': 67, 'milesRequested': 240, 'WhPerMile': 250, 'minutesAvailable': 547, 'modifiedAt': 'Thu, 16 May 2019 06:54:55 GMT', 'paymentRequired': True, 'requestedDeparture': 'Thu, 16 May 2019 16:01:32 GMT', 'kWhRequested': 60.0}, {'userID': 67, 'milesRequested': 240, 'WhPerMile': 250, 'minutesAvailable': 547, 'modifiedAt': 'Thu, 16 May 2019 06:55:39 GMT', 'paymentRequired': True, 'requestedDeparture': 'Thu, 16 May 2019 16:01:32 GMT', 'kWhRequested': 60.0}, {'userID': 67, 'milesRequested': 240, 'WhPerMile': 250, 'minutesAvailable': 547, 'modifiedAt': 'Thu, 16 May 2019 06:56:29 GMT', 'paymentRequired': True, 'requestedDeparture': 'Thu, 16 May 2019 16:01:32 GMT', 'kWhRequested': 60.0}, {'userID': 67, 'milesRequested': 240, 'WhPerMile': 250, 'minutesAvailable': 547, 'modifiedAt': 'Thu, 16 May 2019 07:52:31 GMT', 'paymentRequired': True, 'requestedDeparture': 'Thu, 16 May 2019 16:01:32 GMT', 'kWhRequested': 60.0}]",000000067,2_39_139_28_2019-05-16 06:54:32.086138,2-39-139-28,CA-303,0002,0039,2019-05-15 23:54:32-07:00,2019-05-16 15:52:15-07:00,52.468,2019-05-16 08:02:27-07:00,America/Los_Angeles
5cf318a1f9af8b7d9737dcb7,"[{'userID': 743, 'milesRequested': 20, 'WhPerMile': 400, 'minutesAvailable': 63, 'modifiedAt': 'Thu, 16 May 2019 13:18:16 GMT', 'paymentRequired': True, 'requestedDeparture': 'Thu, 16 May 2019 14:20:18 GMT', 'kWhRequested': 8.0}]",000000743,2_39_95_27_2019-05-16 13:17:17.918794,2-39-95-27,CA-319,0002,0039,2019-05-16 06:17:18-07:00,2019-05-16 07:36:58-07:00,4.306,2019-05-16 07:36:54-07:00,America/Los_Angeles
5cf318a1f9af8b7d9737dcb8,"[{'userID': 560, 'milesRequested': 80, 'WhPerMile': 273, 'minutesAvailable': 284, 'modifiedAt': 'Thu, 16 May 2019 13:36:18 GMT', 'paymentRequired': True, 'requestedDeparture': 'Thu, 16 May 2019 18:20:06 GMT', 'kWhRequested': 21.84}]",000000560,2_39_88_24_2019-05-16 13:36:05.783789,2-39-88-24,CA-314,0002,0039,2019-05-16 06:36:06-07:00,2019-05-16 11:53:16-07:00,18.844,2019-05-16 10:15:00-07:00,America/Los_Angeles
5cf318a1f9af8b7d9737dcb9,,,2_39_131_30_2019-05-16 13:45:47.973583,2-39-131-30,CA-305,0002,0039,2019-05-16 06:45:48-07:00,2019-05-16 16:21:05-07:00,0.905,2019-05-16 16:20:36-07:00,America/Los_Angeles
5cf318a1f9af8b7d9737dcba,"[{'userID': 569, 'milesRequested': 70, 'WhPerMile': 300, 'minutesAvailable': 529, 'modifiedAt': 'Thu, 16 May 2019 14:09:39 GMT', 'paymentRequired': True, 'requestedDeparture': 'Thu, 16 May 2019 22:58:35 GMT', 'kWhRequested': 21.0}]",000000569,2_39_78_366_2019-05-16 14:09:35.278247,2-39-78-366,CA-323,0002,0039,2019-05-16 07:09:35-07:00,2019-05-16 16:49:07-07:00,20.327,2019-05-16 14:19:55-07:00,America/Los_Angeles
5cf318a1f9af8b7d9737dcbb,"[{'userID': 1524, 'milesRequested': 10, 'WhPerMile': 400, 'minutesAvailable': 204, 'modifiedAt': 'Thu, 16 May 2019 14:39:46 GMT', 'paymentRequired': True, 'requestedDeparture': 'Thu, 16 May 2019 17:52:45 GMT', 'kWhRequested': 4.0}]",000001524,2_39_78_364_2019-05-16 14:28:44.921175,2-39-78-364,CA-495,0002,0039,2019-05-16 07:28:45-07:00,2019-05-16 19:37:32-07:00,3.861,2019-05-16 17:00:32-07:00,America/Los_Angeles
5cf318a1f9af8b7d9737dcbc,"[{'userID': 858, 'milesRequested': 20, 'WhPerMile': 400, 'minutesAvailable': 223, 'modifiedAt': 'Thu, 16 May 2019 15:08:53 GMT', 'paymentRequired': True, 'requestedDeparture': 'Thu, 16 May 2019 18:50:56 GMT', 'kWhRequested': 8.0}]",000000858,2_39_123_23_2019-05-16 15:07:55.722587,2-39-123-23,CA-313,0002,0039,2019-05-16 08:07:56-07:00,2019-05-16 15:21:32-07:00,3.848,2019-05-16 09:23:39-07:00,America/Los_Angeles
5cf318a1f9af8b7d9737dcbd,"[{'userID': 1534, 'milesRequested': 40, 'WhPerMile': 250, 'minutesAvailable': 404, 'modifiedAt': 'Thu, 16 May 2019 15:36:51 GMT', 'paymentRequired': True, 'requestedDeparture': 'Thu, 16 May 2019 22:19:37 GMT', 'kWhRequested': 10.0}]",000001534,2_39_124_558_2019-05-16 15:35:36.976513,2-39-124-558,CA-504,0002,0039,2019-05-16 08:35:37-07:00,2019-05-16 18:46:50-07:00,9.898,2019-05-16 11:36:49-07:00,America/Los_Angeles
5cf318a1f9af8b7d9737dcbe,"[{'userID': 324, 'milesRequested': 20, 'WhPerMile': 600, 'minutesAvailable': 200, 'modifiedAt': 'Thu, 16 May 2019 15:46:35 GMT', 'paymentRequired': True, 'requestedDeparture': 'Thu, 16 May 2019 19:05:36 GMT', 'kWhRequested': 12.0}]",000000324,2_39_91_437_2019-05-16 15:45:36.499298,2-39-91-437,CA-317,0002,0039,2019-05-16 08:45:36-07:00,2019-05-16 15:24:52-07:00,2.279,2019-05-16 09:53:31-07:00,America/Los_Angeles
5cf318a1f9af8b7d9737dcbf,"[{'userID': 712, 'milesRequested': 30, 'WhPerMile': 600, 'minutesAvailable': 267, 'modifiedAt': 'Thu, 16 May 2019 15:55:35 GMT', 'paymentRequired': True, 'requestedDeparture': 'Thu, 16 May 2019 20:22:27 GMT', 'kWhRequested': 18.0}]",000000712,2_39_129_17_2019-05-16 15:55:27.411308,2-39-129-17,CA-307,0002,0039,2019-05-16 08:55:27-07:00,2019-05-16 17:33:00-07:00,4.857,2019-05-16 10:20:42-07:00,America/Los_Angeles
5cf318a1f9af8b7d9737dcc0,"[{'userID': 1104, 'milesRequested': 120, 'WhPerMile': 250, 'minutesAvailable': 383, 'modifiedAt': 'Thu, 16 May 2019 16:04:49 GMT', 'paymentRequired': True, 'requestedDeparture': 'Thu, 16 May 2019 22:27:07 GMT', 'kWhRequested': 30.0}]",000001104,2_39_79_379_2019-05-16 16:04:06.757322,2-39-79-379,CA-327,0002,0039,2019-05-16 09:04:07-07:00,2019-05-16 15:14:28-07:00,19.759,2019-05-16 13:40:17-07:00,America/Los_Angeles
5cf318a1f9af8b7d9737dcc1,"[{'userID': 1470, 'milesRequested': 50, 'WhPerMile': 292, 'minutesAvailable': 232, 'modifiedAt': 'Thu, 16 May 2019 16:06:38 GMT', 'paymentRequired': True, 'requestedDeparture': 'Thu, 16 May 2019 19:57:52 GMT', 'kWhRequested': 14.6}]",000001470,2_39_79_383_2019-05-16 16:05:52.032632,2-39-79-383,CA-492,0002,0039,2019-05-16 09:05:52-07:00,2019-05-16 18:51:23-07:00,10.197,2019-05-16 13:20:26-07:00,America/Los_Angeles
5cf318a1f9af8b7d9737dcc2,"[{'userID': 850, 'milesRequested': 100, 'WhPerMile': 300, 'minutesAvailable': 720, 'modifiedAt': 'Thu, 16 May 2019 16:28:08 GMT', 'paymentRequired': True, 'requestedDeparture': 'Fri, 17 May 2019 04:27:34 GMT', 'kWhRequested': 30.0}]",000000850,2_39_95_27_2019-05-16 16:27:34.327553,2-39-95-27,CA-319,0002,0039,2019-05-16 09:27:34-07:00,2019-05-16 21:03:06-07:00,21.752,2019-05-16 12:57:52-07:00,America/Los_Angeles
5cf318a1f9af8b7d9737dcc3,"[{'userID': 743, 'milesRequested': 20, 'WhPerMile': 400, 'minutesAvailable': 441, 'modifiedAt': 'Thu, 16 May 2019 16:28:16 GMT', 'paymentRequired': True, 'requestedDeparture': 'Thu, 16 May 2019 23:48:50 GMT', 'kWhRequested': 8.0}]",000000743,2_39_89_439_2019-05-16 16:27:49.962650,2-39-89-439,CA-501,0002,0039,2019-05-16 09:27:50-07:00,2019-05-16 17:33:08-07:00,4.538,2019-05-16 10:57:40-07:00,America/Los_Angeles
5cf318a1f9af8b7d9737dcc4,"[{'userID': 2461, 'milesRequested': 30, 'WhPerMile': 400, 'minutesAvailable': 391, 'modifiedAt': 'Thu, 16 May 2019 16:44:18 GMT', 'paymentRequired': True, 'requestedDeparture': 'Thu, 16 May 2019 23:15:19 GMT', 'kWhRequested': 12.0}]",000002461,2_39_78_365_2019-05-16 16:44:08.640150,2-39-78-365,CA-321,0002,0039,2019-05-16 09:44:19-07:00,2019-05-16 16:43:39-07:00,11.618,2019-05-16 16:37:55-07:00,America/Los_Angeles
5cf318a1f9af8b7d9737dcc5,"[{'userID': 620, 'milesRequested': 30, 'WhPerMile': 500, 'minutesAvailable': 137, 'modifiedAt': 'Thu, 16 May 2019 17:02:07 GMT', 'paymentRequired': True, 'requestedDeparture': 'Thu, 16 May 2019 19:18:21 GMT', 'kWhRequested': 15.0}]",000000620,2_39_79_376_2019-05-16 17:01:20.715858,2-39-79-376,CA-324,0002,0039,2019-05-16 10:01:21-07:00,2019-05-16 11:55:38-07:00,4.768,2019-05-16 11:55:33-07:00,America/Los_Angeles
5cf318a1f9af8b7d9737dcc6,"[{'userID': 714, 'milesRequested': 90, 'WhPerMile': 200, 'minutesAvailable': 364, 'modifiedAt': 'Thu, 16 May 2019 17:08:44 GMT', 'paymentRequired': True, 'requestedDeparture': 'Thu, 16 May 2019 23:12:31 GMT', 'kWhRequested': 18.0}]",000000714,2_39_79_378_2019-05-16 17:08:31.423208,2-39-79-378,CA-326,0002,0039,2019-05-16 10:08:31-07:00,2019-05-16 18:10:40-07:00,15.042,2019-05-16 15:12:49-07:00,America/Los_Angeles
5cf318a1f9af8b7d9737dcc7,"[{'userID': 1095, 'milesRequested': 30, 'WhPerMile': 469, 'minutesAvailable': 447, 'modifiedAt': 'Thu, 16 May 2019 17:11:51 GMT', 'paymentRequired': True, 'requestedDeparture': 'Fri, 17 May 2019 00:38:36 GMT', 'kWhRequested': 14.07}]",000001095,2_39_78_361_2019-05-16 17:11:36.063370,2-39-78-361,CA-493,0002,0039,2019-05-16 10:11:36-07:00,2019-05-16 14:26:36-07:00,10.672,2019-05-16 12:15:07-07:00,America/Los_Angeles
5cf318a1f9af8b7d9737dcc8,"[{'userID': 2170, 'milesRequested': 25, 'WhPerMile': 600, 'minutesAvailable': 191, 'modifiedAt': 'Thu, 16 May 2019 18:03:28 GMT', 'paymentRequired': True, 'requestedDeparture': 'Thu, 16 May 2019 21:13:56 GMT', 'kWhRequested': 15.0}, {'userID': 2170, 'milesRequested': 25, 'WhPerMile': 600, 'minutesAvailable': 191, 'modifiedAt': 'Thu, 16 May 2019 18:03:43 GMT', 'paymentRequired': True, 'requestedDeparture': 'Thu, 16 May 2019 21:13:56 GMT', 'kWhRequested': 15.0}, {'userID': 2170, 'milesRequested': 25, 'WhPerMile': 600, 'minutesAvailable': 191, 'modifiedAt': 'Thu, 16 May 2019 18:04:09 GMT', 'paymentRequired': True, 'requestedDeparture': 'Thu, 16 May 2019 21:13:56 GMT', 'kWhRequested': 15.0}]",000002170,2_39_78_363_2019-05-16 18:02:56.107407,2-39-78-363,CA-320,0002,0039,2019-05-16 11:02:56-07:00,2019-05-16 19:05:04-07:00,11.841,2019-05-16 18:02:32-07:00,America/Los_Angeles
5cf318a1f9af8b7d9737dcc9,"[{'userID': 891, 'milesRequested': 20, 'WhPerMile': 300, 'minutesAvailable': 310, 'modifiedAt': 'Thu, 16 May 2019 18:03:30 GMT', 'paymentRequired': True, 'requestedDeparture': 'Thu, 16 May 2019 23:13:07 GMT', 'kWhRequested': 6.0}]",000000891,2_39_124_22_2019-05-16 18:03:06.986702,2-39-124-22,CA-312,0002,0039,2019-05-16 11:03:07-07:00,2019-05-16 17:47:14-07:00,1.996,2019-05-16 11:49:05-07:00,America/Los_Angeles
5cf318a1f9af8b7d9737dcca,"[{'userID': 752, 'milesRequested': 30, 'WhPerMile': 425, 'minutesAvailable': 440, 'modifiedAt': 'Thu, 16 May 2019 18:20:04 GMT', 'paymentRequired': True, 'requestedDeparture': 'Fri, 17 May 2019 01:39:40 GMT', 'kWhRequested': 12.75}]",000000752,2_39_83_386_2019-05-16 18:19:40.147213,2-39-83-386,CA-212,0002,0039,2019-05-16 11:19:40-07:00,2019-05-16 17:50:39-07:00,5.906,2019-05-16 14:50:45-07:00,America/Los_Angeles
5cf318a1f9af8b7d9737dccb,"[{'userID': 515, 'milesRequested': 40, 'WhPerMile': 250, 'minutesAvailable': 194, 'modifiedAt': 'Thu, 16 May 2019 18:25:19 GMT', 'paymentRequired': True, 'requestedDeparture': 'Thu, 16 May 2019 21:38:48 GMT', 'kWhRequested': 10.0}, {'userID': 515, 'milesRequested': 100, 'WhPerMile': 250, 'minutesAvailable': 194, 'modifiedAt': 'Thu, 16 May 2019 18:29:42 GMT', 'paymentRequired': True, 'requestedDeparture': 'Thu, 16 May 2019 21:38:48 GMT', 'kWhRequested': 25.0}, {'userID': 515, 'milesRequested': 100, 'WhPerMile': 250, 'minutesAvailable': 194, 'modifiedAt': 'Thu, 16 May 2019 18:30:01 GMT', 'paymentRequired': True, 'requestedDeparture': 'Thu, 16 May 2019 21:38:48 GMT', 'kWhRequested': 25.0}]",000000515,2_39_79_382_2019-05-16 18:24:48.377292,2-39-79-382,CA-491,0002,0039,2019-05-16 11:24:48-07:00,2019-05-16 12:36:23-07:00,5.82,2019-05-16 12:36:15-07:00,America/Los_Angeles
5cf318a1f9af8b7d9737dccc,"[{'userID': 567, 'milesRequested': 20, 'WhPerMile': 333, 'minutesAvailable': 425, 'modifiedAt': 'Thu, 16 May 2019 18:29:37 GMT', 'paymentRequired': True, 'requestedDeparture': 'Fri, 17 May 2019 01:34:15 GMT', 'kWhRequested': 6.66}]",000000567,2_39_78_360_2019-05-16 18:29:15.339242,2-39-78-360,CA-322,0002,0039,2019-05-16 11:29:15-07:00,2019-05-16 20:03:44-07:00,5.907,2019-05-16 13:19:32-07:00,America/Los_Angeles
5cf318a1f9af8b7d9737dccd,"[{'userID': 1122, 'milesRequested': 100, 'WhPerMile': 400, 'minutesAvailable': 467, 'modifiedAt': 'Thu, 16 May 2019 19:16:38 GMT', 'paymentRequired': True, 'requestedDeparture': 'Fri, 17 May 2019 03:02:41 GMT', 'kWhRequested': 40.0}]",000001122,2_39_92_442_2019-05-16 19:15:41.212648,2-39-92-442,CA-498,0002,0039,2019-05-16 12:15:41-07:00,2019-05-16 16:50:21-07:00,26.733,2019-05-16 16:10:33-07:00,America/Los_Angeles
5cf318a1f9af8b7d9737dcce,"[{'userID': 1137, 'milesRequested': 70, 'WhPerMile': 400, 'minutesAvailable': 250, 'modifiedAt': 'Thu, 16 May 2019 19:16:09 GMT', 'paymentRequired': True, 'requestedDeparture': 'Thu, 16 May 2019 23:25:47 GMT', 'kWhRequested': 28.0}]",000001137,2_39_79_376_2019-05-16 19:15:47.227267,2-39-79-376,CA-324,0002,0039,2019-05-16 12:15:47-07:00,2019-05-16 15:47:01-07:00,7.831,2019-05-16 15:46:56-07:00,America/Los_Angeles
5cf318a1f9af8b7d9737dccf,"[{'userID': 1082, 'milesRequested': 40, 'WhPerMile': 400, 'minutesAvailable': 291, 'modifiedAt': 'Thu, 16 May 2019 19:22:58 GMT', 'paymentRequired': True, 'requestedDeparture': 'Fri, 17 May 2019 00:13:13 GMT', 'kWhRequested': 16.0}]",000001082,2_39_130_31_2019-05-16 19:22:12.701074,2-39-130-31,CA-306,0002,0039,2019-05-16 12:22:13-07:00,2019-05-16 21:47:07-07:00,2.103,2019-05-16 13:25:11-07:00,America/Los_Angeles
5cf318a1f9af8b7d9737dcd0,"[{'userID': 560, 'milesRequested': 20, 'WhPerMile': 273, 'minutesAvailable': 284, 'modifiedAt': 'Thu, 16 May 2019 19:24:21 GMT', 'paymentRequired': True, 'requestedDeparture': 'Fri, 17 May 2019 00:08:12 GMT', 'kWhRequested': 5.46}]",000000560,2_39_88_24_2019-05-16 19:24:11.615903,2-39-88-24,CA-314,0002,0039,2019-05-16 12:24:12-07:00,2019-05-16 15:52:23-07:00,2.06,2019-05-16 13:26:50-07:00,America/Los_Angeles
5cf318a1f9af8b7d9737dcd1,"[{'userID': 1124, 'milesRequested': 20, 'WhPerMile': 450, 'minutesAvailable': 60, 'modifiedAt': 'Thu, 16 May 2019 20:07:23 GMT', 'paymentRequired': True, 'requestedDeparture': 'Thu, 16 May 2019 21:06:55 GMT', 'kWhRequested': 9.0}]",000001124,2_39_79_377_2019-05-16 20:06:54.845956,2-39-79-377,CA-325,0002,0039,2019-05-16 13:06:55-07:00,2019-05-16 17:13:43-07:00,6.417,2019-05-16 15:05:02-07:00,America/Los_Angeles
5cf318a1f9af8b7d9737dcd2,,,2_39_79_382_2019-05-16 20:23:08.936323,2-39-79-382,CA-491,0002,0039,2019-05-16 13:23:09-07:00,2019-05-16 14:03:40-07:00,0.855,2019-05-16 14:04:39-07:00,America/Los_Angeles
5cf318a1f9af8b7d9737dcd3,,,2_39_78_367_2019-05-16 20:35:10.509422,2-39-78-367,CA-494,0002,0039,2019-05-16 13:35:10-07:00,2019-05-16 16:07:26-07:00,0.883,2019-05-16 16:06:02-07:00,America/Los_Angeles
5cf318a1f9af8b7d9737dcd4,"[{'userID': 69, 'milesRequested': 100, 'WhPerMile': 300, 'minutesAvailable': 258, 'modifiedAt': 'Thu, 16 May 2019 21:11:30 GMT', 'paymentRequired': True, 'requestedDeparture': 'Fri, 17 May 2019 01:29:17 GMT', 'kWhRequested': 30.0}, {'userID': 69, 'milesRequested': 80, 'WhPerMile': 300, 'minutesAvailable': 140, 'modifiedAt': 'Thu, 16 May 2019 21:15:34 GMT', 'paymentRequired': True, 'requestedDeparture': 'Thu, 16 May 2019 23:31:17 GMT', 'kWhRequested': 24.0}, {'userID': 69, 'milesRequested': 80, 'WhPerMile': 300, 'minutesAvailable': 115, 'modifiedAt': 'Thu, 16 May 2019 21:16:57 GMT', 'paymentRequired': True, 'requestedDeparture': 'Thu, 16 May 2019 23:06:17 GMT', 'kWhRequested': 24.0}]",000000069,2_39_123_557_2019-05-16 21:11:16.998451,2-39-123-557,CA-503,0002,0039,2019-05-16 14:11:17-07:00,2019-05-16 18:12:04-07:00,13.37,2019-05-16 16:24:01-07:00,America/Los_Angeles
5cf318a1f9af8b7d9737dcd5,"[{'userID': 1746, 'milesRequested': 60, 'WhPerMile': 600, 'minutesAvailable': 164, 'modifiedAt': 'Thu, 16 May 2019 23:17:14 GMT', 'paymentRequired': True, 'requestedDeparture': 'Fri, 17 May 2019 02:00:30 GMT', 'kWhRequested': 36.0}, {'userID': 1746, 'milesRequested': 60, 'WhPerMile': 600, 'minutesAvailable': 164, 'modifiedAt': 'Thu, 16 May 2019 23:17:21 GMT', 'paymentRequired': True, 'requestedDeparture': 'Fri, 17 May 2019 02:00:30 GMT', 'kWhRequested': 36.0}, {'userID': 1746, 'milesRequested': 60, 'WhPerMile': 600, 'minutesAvailable': 164, 'modifiedAt': 'Fri, 17 May 2019 02:51:32 GMT', 'paymentRequired': True, 'requestedDeparture': 'Fri, 17 May 2019 02:00:30 GMT', 'kWhRequested': 36.0}]",000001746,2_39_91_437_2019-05-16 23:16:29.662820,2-39-91-437,CA-317,0002,0039,2019-05-16 16:16:30-07:00,2019-05-16 19:52:07-07:00,4.323,2019-05-16 17:41:20-07:00,America/Los_Angeles
5cf318a1f9af8b7d9737dcd6,"[{'userID': 1133, 'milesRequested': 20, 'WhPerMile': 400, 'minutesAvailable': 60, 'modifiedAt': 'Fri, 17 May 2019 00:44:07 GMT', 'paymentRequired': True, 'requestedDeparture': 'Fri, 17 May 2019 01:43:53 GMT', 'kWhRequested': 8.0}]",000001133,2_39_127_19_2019-05-17 00:43:52.724774,2-39-127-19,CA-309,0002,0039,2019-05-16 17:43:53-07:00,2019-05-16 19:32:07-07:00,4.423,2019-05-16 18:28:51-07:00,America/Los_Angeles
5cf318a1f9af8b7d9737dcd7,"[{'userID': 1509, 'milesRequested': 70, 'WhPerMile': 400, 'minutesAvailable': 111, 'modifiedAt': 'Fri, 17 May 2019 01:43:36 GMT', 'paymentRequired': True, 'requestedDeparture': 'Fri, 17 May 2019 03:33:03 GMT', 'kWhRequested': 28.0}]",000001509,2_39_123_23_2019-05-17 01:42:03.103207,2-39-123-23,CA-313,0002,0039,2019-05-16 18:42:03-07:00,2019-05-16 19:34:51-07:00,6.03,2019-05-16 19:34:47-07:00,America/Los_Angeles
5cf318a1f9af8b7d9737dcd8,"[{'userID': 1108, 'milesRequested': 50, 'WhPerMile': 400, 'minutesAvailable': 219, 'modifiedAt': 'Fri, 17 May 2019 01:45:02 GMT', 'paymentRequired': True, 'requestedDeparture': 'Fri, 17 May 2019 05:23:22 GMT', 'kWhRequested': 20.0}]",000001108,2_39_92_436_2019-05-17 01:44:48.504472,2-39-92-436,CA-318,0002,0039,2019-05-16 18:44:22-07:00,2019-05-16 22:22:13-07:00,12.964,2019-05-16 22:22:08-07:00,America/Los_Angeles
5cf318a1f9af8b7d9737dcd9,"[{'userID': 1164, 'milesRequested': 20, 'WhPerMile': 525, 'minutesAvailable': 236, 'modifiedAt': 'Fri, 17 May 2019 03:12:51 GMT', 'paymentRequired': True, 'requestedDeparture': 'Fri, 17 May 2019 07:08:32 GMT', 'kWhRequested': 10.5}]",000001164,2_39_79_381_2019-05-17 03:12:31.949505,2-39-79-381,CA-490,0002,0039,2019-05-16 20:12:32-07:00,2019-05-17 09:21:27-07:00,3.493,2019-05-16 21:20:46-07:00,America/Los_Angeles
5cf318a1f9af8b7d9737dcda,"[{'userID': 1263, 'milesRequested': 70, 'WhPerMile': 250, 'minutesAvailable': 61, 'modifiedAt': 'Fri, 17 May 2019 03:25:00 GMT', 'paymentRequired': True, 'requestedDeparture': 'Fri, 17 May 2019 04:25:25 GMT', 'kWhRequested': 17.5}]",000001263,2_39_139_28_2019-05-17 03:24:25.412102,2-39-139-28,CA-303,0002,0039,2019-05-16 20:24:25-07:00,2019-05-16 21:46:00-07:00,9.325,2019-05-16 21:45:55-07:00,America/Los_Angeles
5cf318a1f9af8b7d9737dcdb,"[{'userID': 1202, 'milesRequested': 40, 'WhPerMile': 375, 'minutesAvailable': 161, 'modifiedAt': 'Fri, 17 May 2019 04:07:03 GMT', 'paymentRequired': True, 'requestedDeparture': 'Fri, 17 May 2019 06:47:38 GMT', 'kWhRequested': 15.0}]",000001202,2_39_127_19_2019-05-17 04:06:37.609447,2-39-127-19,CA-309,0002,0039,2019-05-16 21:06:38-07:00,2019-05-17 18:51:40-07:00,8.961,2019-05-17 14:08:35-07:00,America/Los_Angeles
5cf46a20f9af8b02df9e0876,"[{'userID': 560, 'milesRequested': 70, 'WhPerMile': 273, 'minutesAvailable': 284, 'modifiedAt': 'Fri, 17 May 2019 13:31:19 GMT', 'paymentRequired': True, 'requestedDeparture': 'Fri, 17 May 2019 18:15:10 GMT', 'kWhRequested': 19.11}]",000000560,2_39_88_24_2019-05-17 13:31:10.087649,2-39-88-24,CA-314,0002,0039,2019-05-17 06:31:10-07:00,2019-05-17 12:00:13-07:00,18.782,2019-05-17 10:08:25-07:00,America/Los_Angeles
5cf46a20f9af8b02df9e0877,"[{'userID': 743, 'milesRequested': 20, 'WhPerMile': 400, 'minutesAvailable': 30, 'modifiedAt': 'Fri, 17 May 2019 13:59:31 GMT', 'paymentRequired': True, 'requestedDeparture': 'Fri, 17 May 2019 14:29:08 GMT', 'kWhRequested': 8.0}, {'userID': 743, 'milesRequested': 20, 'WhPerMile': 400, 'minutesAvailable': 30, 'modifiedAt': 'Fri, 17 May 2019 14:00:08 GMT', 'paymentRequired': True, 'requestedDeparture': 'Fri, 17 May 2019 14:29:08 GMT', 'kWhRequested': 8.0}]",000000743,2_39_95_27_2019-05-17 13:59:08.261560,2-39-95-27,CA-319,0002,0039,2019-05-17 06:59:08-07:00,2019-05-17 08:12:30-07:00,3.946,2019-05-17 08:12:26-07:00,America/Los_Angeles
5cf46a20f9af8b02df9e0878,,,2_39_78_366_2019-05-17 14:06:38.639827,2-39-78-366,CA-323,0002,0039,2019-05-17 07:06:39-07:00,2019-05-17 10:25:56-07:00,0.841,2019-05-17 10:15:18-07:00,America/Los_Angeles
5cf46a20f9af8b02df9e0879,"[{'userID': 858, 'milesRequested': 20, 'WhPerMile': 400, 'minutesAvailable': 223, 'modifiedAt': 'Fri, 17 May 2019 15:00:39 GMT', 'paymentRequired': True, 'requestedDeparture': 'Fri, 17 May 2019 18:43:23 GMT', 'kWhRequested': 8.0}]",000000858,2_39_123_23_2019-05-17 15:00:22.688625,2-39-123-23,CA-313,0002,0039,2019-05-17 08:00:23-07:00,2019-05-17 15:59:46-07:00,5.013,2019-05-17 09:33:26-07:00,America/Los_Angeles
5cf46a20f9af8b02df9e087a,"[{'userID': 431, 'milesRequested': 50, 'WhPerMile': 300, 'minutesAvailable': 174, 'modifiedAt': 'Fri, 17 May 2019 15:13:58 GMT', 'paymentRequired': True, 'requestedDeparture': 'Fri, 17 May 2019 18:07:30 GMT', 'kWhRequested': 15.0}]",000000431,2_39_91_437_2019-05-17 15:13:29.641508,2-39-91-437,CA-317,0002,0039,2019-05-17 08:13:30-07:00,2019-05-17 11:24:09-07:00,13.553,2019-05-17 10:29:27-07:00,America/Los_Angeles
5cf46a20f9af8b02df9e087b,"[{'userID': 818, 'milesRequested': 80, 'WhPerMile': 250, 'minutesAvailable': 473, 'modifiedAt': 'Fri, 17 May 2019 15:14:44 GMT', 'paymentRequired': True, 'requestedDeparture': 'Fri, 17 May 2019 23:07:11 GMT', 'kWhRequested': 20.0}]",000000818,2_39_92_442_2019-05-17 15:14:11.226523,2-39-92-442,CA-498,0002,0039,2019-05-17 08:14:11-07:00,2019-05-17 17:28:54-07:00,23.176,2019-05-17 12:32:49-07:00,America/Los_Angeles
5cf46a20f9af8b02df9e087c,"[{'userID': 1534, 'milesRequested': 40, 'WhPerMile': 250, 'minutesAvailable': 404, 'modifiedAt': 'Fri, 17 May 2019 15:16:13 GMT', 'paymentRequired': True, 'requestedDeparture': 'Fri, 17 May 2019 21:58:45 GMT', 'kWhRequested': 10.0}]",000001534,2_39_124_558_2019-05-17 15:14:44.784903,2-39-124-558,CA-504,0002,0039,2019-05-17 08:14:45-07:00,2019-05-17 13:59:53-07:00,5.256,2019-05-17 09:50:45-07:00,America/Los_Angeles
5cf46a20f9af8b02df9e087d,"[{'userID': 559, 'milesRequested': 40, 'WhPerMile': 313, 'minutesAvailable': 525, 'modifiedAt': 'Fri, 17 May 2019 15:18:31 GMT', 'paymentRequired': True, 'requestedDeparture': 'Sat, 18 May 2019 00:03:17 GMT', 'kWhRequested': 12.52}]",000000559,2_39_139_28_2019-05-17 15:18:16.728800,2-39-139-28,CA-303,0002,0039,2019-05-17 08:18:17-07:00,2019-05-17 17:25:46-07:00,12.399,2019-05-17 10:49:47-07:00,America/Los_Angeles
5cf46a20f9af8b02df9e087e,"[{'userID': 1524, 'milesRequested': 30, 'WhPerMile': 400, 'minutesAvailable': 204, 'modifiedAt': 'Fri, 17 May 2019 15:31:35 GMT', 'paymentRequired': True, 'requestedDeparture': 'Fri, 17 May 2019 18:52:05 GMT', 'kWhRequested': 12.0}]",000001524,2_39_78_364_2019-05-17 15:28:04.899532,2-39-78-364,CA-495,0002,0039,2019-05-17 08:28:05-07:00,2019-05-17 18:17:23-07:00,9.342,2019-05-17 11:11:39-07:00,America/Los_Angeles
5cf46a20f9af8b02df9e087f,"[{'userID': 676, 'milesRequested': 60, 'WhPerMile': 364, 'minutesAvailable': 473, 'modifiedAt': 'Fri, 17 May 2019 15:34:56 GMT', 'paymentRequired': True, 'requestedDeparture': 'Fri, 17 May 2019 23:27:44 GMT', 'kWhRequested': 21.84}]",000000676,2_39_79_379_2019-05-17 15:34:44.470158,2-39-79-379,CA-327,0002,0039,2019-05-17 08:34:44-07:00,2019-05-17 20:45:56-07:00,15.744,2019-05-17 20:45:51-07:00,America/Los_Angeles
5cf46a20f9af8b02df9e0880,"[{'userID': 1366, 'milesRequested': 20, 'WhPerMile': 600, 'minutesAvailable': 493, 'modifiedAt': 'Fri, 17 May 2019 15:44:08 GMT', 'paymentRequired': True, 'requestedDeparture': 'Fri, 17 May 2019 23:56:23 GMT', 'kWhRequested': 12.0}]",000001366,2_39_138_29_2019-05-17 15:43:23.089190,2-39-138-29,CA-304,0002,0039,2019-05-17 08:43:23-07:00,2019-05-17 15:09:47-07:00,5.788,2019-05-17 10:36:44-07:00,America/Los_Angeles
5cf46a20f9af8b02df9e0881,"[{'userID': 563, 'milesRequested': 180, 'WhPerMile': 200, 'minutesAvailable': 373, 'modifiedAt': 'Fri, 17 May 2019 15:49:16 GMT', 'paymentRequired': True, 'requestedDeparture': 'Fri, 17 May 2019 22:01:41 GMT', 'kWhRequested': 36.0}]",000000563,2_39_79_380_2019-05-17 15:48:41.219605,2-39-79-380,CA-489,0002,0039,2019-05-17 08:48:41-07:00,2019-05-17 16:19:07-07:00,35.947,2019-05-17 15:59:59-07:00,America/Los_Angeles
5cf46a20f9af8b02df9e0882,"[{'userID': 1470, 'milesRequested': 60, 'WhPerMile': 292, 'minutesAvailable': 232, 'modifiedAt': 'Fri, 17 May 2019 15:51:38 GMT', 'paymentRequired': True, 'requestedDeparture': 'Fri, 17 May 2019 19:43:23 GMT', 'kWhRequested': 17.52}]",000001470,2_39_79_377_2019-05-17 15:51:23.031877,2-39-79-377,CA-325,0002,0039,2019-05-17 08:51:23-07:00,2019-05-17 17:32:56-07:00,9.829,2019-05-17 11:13:26-07:00,America/Los_Angeles
5cf46a20f9af8b02df9e0883,"[{'userID': 712, 'milesRequested': 30, 'WhPerMile': 600, 'minutesAvailable': 267, 'modifiedAt': 'Fri, 17 May 2019 15:58:54 GMT', 'paymentRequired': True, 'requestedDeparture': 'Fri, 17 May 2019 20:25:48 GMT', 'kWhRequested': 18.0}]",000000712,2_39_129_17_2019-05-17 15:58:48.398110,2-39-129-17,CA-307,0002,0039,2019-05-17 08:58:48-07:00,2019-05-17 19:00:38-07:00,6.804,2019-05-17 10:56:30-07:00,America/Los_Angeles
5cf46a20f9af8b02df9e0884,"[{'userID': 1481, 'milesRequested': 20, 'WhPerMile': 400, 'minutesAvailable': 61, 'modifiedAt': 'Fri, 17 May 2019 16:11:41 GMT', 'paymentRequired': True, 'requestedDeparture': 'Fri, 17 May 2019 17:02:10 GMT', 'kWhRequested': 8.0}]",000001481,2_39_131_30_2019-05-17 16:01:09.854223,2-39-131-30,CA-305,0002,0039,2019-05-17 09:01:10-07:00,2019-05-17 17:58:57-07:00,4.325,2019-05-17 10:24:26-07:00,America/Los_Angeles
5cf46a20f9af8b02df9e0885,"[{'userID': 1104, 'milesRequested': 120, 'WhPerMile': 250, 'minutesAvailable': 383, 'modifiedAt': 'Fri, 17 May 2019 16:29:50 GMT', 'paymentRequired': True, 'requestedDeparture': 'Fri, 17 May 2019 22:52:13 GMT', 'kWhRequested': 30.0}]",000001104,2_39_79_376_2019-05-17 16:29:12.965020,2-39-79-376,CA-324,0002,0039,2019-05-17 09:29:13-07:00,2019-05-17 19:46:12-07:00,17.89,2019-05-17 14:37:19-07:00,America/Los_Angeles
5cf46a20f9af8b02df9e0886,"[{'userID': 743, 'milesRequested': 20, 'WhPerMile': 400, 'minutesAvailable': 431, 'modifiedAt': 'Fri, 17 May 2019 16:43:08 GMT', 'paymentRequired': True, 'requestedDeparture': 'Fri, 17 May 2019 23:53:45 GMT', 'kWhRequested': 8.0}]",000000743,2_39_89_439_2019-05-17 16:42:45.392857,2-39-89-439,CA-501,0002,0039,2019-05-17 09:42:45-07:00,2019-05-17 17:28:57-07:00,3.543,2019-05-17 10:55:23-07:00,America/Los_Angeles
5cf46a20f9af8b02df9e0887,"[{'userID': 2170, 'milesRequested': 25, 'WhPerMile': 600, 'minutesAvailable': 191, 'modifiedAt': 'Fri, 17 May 2019 16:49:32 GMT', 'paymentRequired': True, 'requestedDeparture': 'Fri, 17 May 2019 20:00:33 GMT', 'kWhRequested': 15.0}, {'userID': 2170, 'milesRequested': 25, 'WhPerMile': 600, 'minutesAvailable': 191, 'modifiedAt': 'Fri, 17 May 2019 16:50:14 GMT', 'paymentRequired': True, 'requestedDeparture': 'Fri, 17 May 2019 20:00:33 GMT', 'kWhRequested': 15.0}, {'userID': 2170, 'milesRequested': 40, 'WhPerMile': 600, 'minutesAvailable': 191, 'modifiedAt': 'Fri, 17 May 2019 16:50:19 GMT', 'paymentRequired': True, 'requestedDeparture': 'Fri, 17 May 2019 20:00:33 GMT', 'kWhRequested': 24.0}]",000002170,2_39_92_436_2019-05-17 16:49:20.151615,2-39-92-436,CA-318,0002,0039,2019-05-17 09:49:33-07:00,2019-05-17 17:59:38-07:00,2.852,2019-05-17 10:45:41-07:00,America/Los_Angeles
5cf46a20f9af8b02df9e0888,"[{'userID': 1222, 'milesRequested': 20, 'WhPerMile': 400, 'minutesAvailable': 72, 'modifiedAt': 'Fri, 17 May 2019 16:51:44 GMT', 'paymentRequired': True, 'requestedDeparture': 'Fri, 17 May 2019 18:03:30 GMT', 'kWhRequested': 8.0}]",000001222,2_39_79_383_2019-05-17 16:51:30.206114,2-39-79-383,CA-492,0002,0039,2019-05-17 09:51:30-07:00,2019-05-17 13:35:36-07:00,5.446,2019-05-17 12:56:15-07:00,America/Los_Angeles
5cf46a20f9af8b02df9e0889,,,2_39_79_381_2019-05-17 16:52:23.125982,2-39-79-381,CA-490,0002,0039,2019-05-17 09:52:23-07:00,2019-05-17 15:59:24-07:00,1.071,2019-05-17 13:21:12-07:00,America/Los_Angeles
5cf46a20f9af8b02df9e088a,"[{'userID': 324, 'milesRequested': 20, 'WhPerMile': 600, 'minutesAvailable': 125, 'modifiedAt': 'Fri, 17 May 2019 16:56:37 GMT', 'paymentRequired': True, 'requestedDeparture': 'Fri, 17 May 2019 19:01:18 GMT', 'kWhRequested': 12.0}]",000000324,2_39_90_26_2019-05-17 16:56:17.527212,2-39-90-26,CA-316,0002,0039,2019-05-17 09:56:18-07:00,2019-05-17 18:02:03-07:00,2.144,2019-05-17 11:02:13-07:00,America/Los_Angeles
5cf46a20f9af8b02df9e088b,"[{'userID': 832, 'milesRequested': 110, 'WhPerMile': 300, 'minutesAvailable': 420, 'modifiedAt': 'Fri, 17 May 2019 17:03:11 GMT', 'paymentRequired': True, 'requestedDeparture': 'Sat, 18 May 2019 00:02:16 GMT', 'kWhRequested': 33.0}]",000000832,2_39_79_378_2019-05-17 17:02:16.076666,2-39-79-378,CA-326,0002,0039,2019-05-17 10:02:16-07:00,2019-05-17 17:12:59-07:00,26.832,2019-05-17 17:12:55-07:00,America/Los_Angeles
5cf46a20f9af8b02df9e088c,"[{'userID': 567, 'milesRequested': 20, 'WhPerMile': 333, 'minutesAvailable': 425, 'modifiedAt': 'Fri, 17 May 2019 17:04:23 GMT', 'paymentRequired': True, 'requestedDeparture': 'Sat, 18 May 2019 00:08:56 GMT', 'kWhRequested': 6.66}]",000000567,2_39_124_22_2019-05-17 17:03:56.275620,2-39-124-22,CA-312,0002,0039,2019-05-17 10:03:56-07:00,2019-05-17 19:51:10-07:00,6.005,2019-05-17 11:54:40-07:00,America/Los_Angeles
5cf46a20f9af8b02df9e088d,"[{'userID': 69, 'milesRequested': 100, 'WhPerMile': 300, 'minutesAvailable': 351, 'modifiedAt': 'Fri, 17 May 2019 17:11:42 GMT', 'paymentRequired': True, 'requestedDeparture': 'Fri, 17 May 2019 23:02:24 GMT', 'kWhRequested': 30.0}]",000000069,2_39_91_441_2019-05-17 17:11:23.813271,2-39-91-441,CA-499,0002,0039,2019-05-17 10:11:24-07:00,2019-05-17 19:01:55-07:00,10.571,2019-05-17 11:55:25-07:00,America/Los_Angeles
5cf46a20f9af8b02df9e088e,"[{'userID': 891, 'milesRequested': 20, 'WhPerMile': 300, 'minutesAvailable': 310, 'modifiedAt': 'Fri, 17 May 2019 17:13:07 GMT', 'paymentRequired': True, 'requestedDeparture': 'Fri, 17 May 2019 22:23:05 GMT', 'kWhRequested': 6.0}]",000000891,2_39_78_363_2019-05-17 17:13:04.587367,2-39-78-363,CA-320,0002,0039,2019-05-17 10:13:05-07:00,2019-05-17 15:11:00-07:00,2.141,2019-05-17 11:01:25-07:00,America/Los_Angeles
5cf46a20f9af8b02df9e088f,"[{'userID': 1082, 'milesRequested': 40, 'WhPerMile': 400, 'minutesAvailable': 291, 'modifiedAt': 'Fri, 17 May 2019 18:18:05 GMT', 'paymentRequired': True, 'requestedDeparture': 'Fri, 17 May 2019 23:08:22 GMT', 'kWhRequested': 16.0}]",000001082,2_39_78_366_2019-05-17 18:17:21.897678,2-39-78-366,CA-323,0002,0039,2019-05-17 11:17:22-07:00,2019-05-17 21:48:44-07:00,2.229,2019-05-17 12:26:22-07:00,America/Los_Angeles
5cf46a20f9af8b02df9e0890,"[{'userID': 1274, 'milesRequested': 20, 'WhPerMile': 333, 'minutesAvailable': 377, 'modifiedAt': 'Fri, 17 May 2019 18:41:14 GMT', 'paymentRequired': True, 'requestedDeparture': 'Sat, 18 May 2019 00:57:25 GMT', 'kWhRequested': 6.66}]",000001274,2_39_78_367_2019-05-17 18:40:25.418529,2-39-78-367,CA-494,0002,0039,2019-05-17 11:40:25-07:00,2019-05-17 18:02:40-07:00,6.546,2019-05-17 17:54:10-07:00,America/Los_Angeles
5cf46a20f9af8b02df9e0891,"[{'userID': 569, 'milesRequested': 70, 'WhPerMile': 300, 'minutesAvailable': 529, 'modifiedAt': 'Fri, 17 May 2019 19:09:52 GMT', 'paymentRequired': True, 'requestedDeparture': 'Sat, 18 May 2019 03:58:34 GMT', 'kWhRequested': 21.0}, {'userID': 569, 'milesRequested': 70, 'WhPerMile': 300, 'minutesAvailable': 232, 'modifiedAt': 'Fri, 17 May 2019 19:10:00 GMT', 'paymentRequired': True, 'requestedDeparture': 'Fri, 17 May 2019 23:01:34 GMT', 'kWhRequested': 21.0}]",000000569,2_39_78_360_2019-05-17 19:09:34.424708,2-39-78-360,CA-322,0002,0039,2019-05-17 12:09:34-07:00,2019-05-17 17:37:50-07:00,14.24,2019-05-17 14:27:15-07:00,America/Los_Angeles
5cf46a20f9af8b02df9e0892,,,2_39_91_437_2019-05-17 19:19:55.069195,2-39-91-437,CA-317,0002,0039,2019-05-17 12:19:55-07:00,2019-05-17 18:55:30-07:00,0.886,2019-05-17 12:51:38-07:00,America/Los_Angeles
5cf46a20f9af8b02df9e0893,"[{'userID': 560, 'milesRequested': 20, 'WhPerMile': 273, 'minutesAvailable': 284, 'modifiedAt': 'Fri, 17 May 2019 19:35:01 GMT', 'paymentRequired': True, 'requestedDeparture': 'Sat, 18 May 2019 00:17:11 GMT', 'kWhRequested': 5.46}]",000000560,2_39_88_24_2019-05-17 19:33:40.703611,2-39-88-24,CA-314,0002,0039,2019-05-17 12:33:11-07:00,2019-05-17 15:53:34-07:00,2.084,2019-05-17 13:30:39-07:00,America/Los_Angeles
5cf46a20f9af8b02df9e0894,"[{'userID': 1137, 'milesRequested': 70, 'WhPerMile': 400, 'minutesAvailable': 250, 'modifiedAt': 'Fri, 17 May 2019 20:35:34 GMT', 'paymentRequired': True, 'requestedDeparture': 'Sat, 18 May 2019 00:44:12 GMT', 'kWhRequested': 28.0}]",000001137,2_39_95_27_2019-05-17 20:34:11.822206,2-39-95-27,CA-319,0002,0039,2019-05-17 13:34:12-07:00,2019-05-17 15:02:05-07:00,9.356,2019-05-17 15:02:00-07:00,America/Los_Angeles
5cf46a20f9af8b02df9e0895,"[{'userID': 1222, 'milesRequested': 20, 'WhPerMile': 400, 'minutesAvailable': 72, 'modifiedAt': 'Fri, 17 May 2019 22:23:44 GMT', 'paymentRequired': True, 'requestedDeparture': 'Fri, 17 May 2019 23:35:29 GMT', 'kWhRequested': 8.0}]",000001222,2_39_95_27_2019-05-17 22:23:29.132166,2-39-95-27,CA-319,0002,0039,2019-05-17 15:23:29-07:00,2019-05-17 18:45:35-07:00,5.937,2019-05-17 17:19:04-07:00,America/Los_Angeles
5cf46a20f9af8b02df9e0896,"[{'userID': 1161, 'milesRequested': 40, 'WhPerMile': 400, 'minutesAvailable': 94, 'modifiedAt': 'Fri, 17 May 2019 23:16:54 GMT', 'paymentRequired': True, 'requestedDeparture': 'Sat, 18 May 2019 00:50:54 GMT', 'kWhRequested': 16.0}, {'userID': 1161, 'milesRequested': 40, 'WhPerMile': 400, 'minutesAvailable': 94, 'modifiedAt': 'Fri, 17 May 2019 23:17:14 GMT', 'paymentRequired': True, 'requestedDeparture': 'Sat, 18 May 2019 00:50:54 GMT', 'kWhRequested': 16.0}, {'userID': 1161, 'milesRequested': 40, 'WhPerMile': 400, 'minutesAvailable': 74, 'modifiedAt': 'Fri, 17 May 2019 23:17:40 GMT', 'paymentRequired': True, 'requestedDeparture': 'Sat, 18 May 2019 00:30:54 GMT', 'kWhRequested': 16.0}]",000001161,2_39_123_23_2019-05-17 23:16:51.536057,2-39-123-23,CA-313,0002,0039,2019-05-17 16:16:54-07:00,2019-05-17 17:52:56-07:00,5.242,2019-05-17 17:52:51-07:00,America/Los_Angeles
5cf46a20f9af8b02df9e0897,,,2_39_82_384_2019-05-18 00:19:17.052324,2-39-82-384,CA-213,0002,0039,2019-05-17 17:19:17-07:00,2019-05-17 22:13:51-07:00,0.888,2019-05-17 17:49:37-07:00,America/Los_Angeles
5cf46a20f9af8b02df9e0898,"[{'userID': 2243, 'milesRequested': 20, 'WhPerMile': 500, 'minutesAvailable': 329, 'modifiedAt': 'Sat, 18 May 2019 00:36:22 GMT', 'paymentRequired': True, 'requestedDeparture': 'Sat, 18 May 2019 05:58:39 GMT', 'kWhRequested': 10.0}]",000002243,2_39_139_28_2019-05-18 00:29:38.615494,2-39-139-28,CA-303,0002,0039,2019-05-17 17:29:39-07:00,2019-05-17 22:21:23-07:00,7.331,2019-05-17 20:00:57-07:00,America/Los_Angeles
5cf46a20f9af8b02df9e0899,"[{'userID': 1746, 'milesRequested': 60, 'WhPerMile': 600, 'minutesAvailable': 106, 'modifiedAt': 'Sat, 18 May 2019 00:40:13 GMT', 'paymentRequired': True, 'requestedDeparture': 'Sat, 18 May 2019 02:25:43 GMT', 'kWhRequested': 36.0}, {'userID': 1746, 'milesRequested': 60, 'WhPerMile': 600, 'minutesAvailable': 106, 'modifiedAt': 'Sat, 18 May 2019 00:40:22 GMT', 'paymentRequired': True, 'requestedDeparture': 'Sat, 18 May 2019 02:25:43 GMT', 'kWhRequested': 36.0}, {'userID': 1746, 'milesRequested': 60, 'WhPerMile': 600, 'minutesAvailable': 106, 'modifiedAt': 'Sat, 18 May 2019 00:40:38 GMT', 'paymentRequired': True, 'requestedDeparture': 'Sat, 18 May 2019 02:25:43 GMT', 'kWhRequested': 36.0}, {'userID': 1746, 'milesRequested': 60, 'WhPerMile': 600, 'minutesAvailable': 106, 'modifiedAt': 'Sat, 18 May 2019 05:27:06 GMT', 'paymentRequired': True, 'requestedDeparture': 'Sat, 18 May 2019 02:25:43 GMT', 'kWhRequested': 36.0}]",000001746,2_39_79_383_2019-05-18 00:39:43.462251,2-39-79-383,CA-492,0002,0039,2019-05-17 17:39:43-07:00,2019-05-17 22:27:24-07:00,2.094,2019-05-17 18:24:07-07:00,America/Los_Angeles
5cf46a20f9af8b02df9e089a,"[{'userID': 1108, 'milesRequested': 50, 'WhPerMile': 400, 'minutesAvailable': 180, 'modifiedAt': 'Sat, 18 May 2019 02:14:07 GMT', 'paymentRequired': True, 'requestedDeparture': 'Sat, 18 May 2019 05:14:01 GMT', 'kWhRequested': 20.0}]",000001108,2_39_91_437_2019-05-18 02:14:01.327135,2-39-91-437,CA-317,0002,0039,2019-05-17 19:14:01-07:00,2019-05-17 22:34:24-07:00,11.913,2019-05-17 22:34:16-07:00,America/Los_Angeles
5cf5bb90f9af8b06e68923e6,"[{'userID': 675, 'milesRequested': 20, 'WhPerMile': 399, 'minutesAvailable': 104, 'modifiedAt': 'Sat, 18 May 2019 14:56:09 GMT', 'paymentRequired': True, 'requestedDeparture': 'Sat, 18 May 2019 16:35:37 GMT', 'kWhRequested': 7.98}, {'userID': 675, 'milesRequested': 60, 'WhPerMile': 399, 'minutesAvailable': 104, 'modifiedAt': 'Sat, 18 May 2019 14:56:20 GMT', 'paymentRequired': True, 'requestedDeparture': 'Sat, 18 May 2019 16:35:37 GMT', 'kWhRequested': 23.94}]",000000675,2_39_131_30_2019-05-18 14:51:36.958860,2-39-131-30,CA-305,0002,0039,2019-05-18 07:51:37-07:00,2019-05-18 09:38:21-07:00,11.887,2019-05-18 09:38:16-07:00,America/Los_Angeles
5cf5bb90f9af8b06e68923e7,"[{'userID': 1394, 'milesRequested': 40, 'WhPerMile': 400, 'minutesAvailable': 374, 'modifiedAt': 'Sat, 18 May 2019 15:11:35 GMT', 'paymentRequired': True, 'requestedDeparture': 'Sat, 18 May 2019 21:24:35 GMT', 'kWhRequested': 16.0}]",000001394,2_39_139_28_2019-05-18 15:10:35.112528,2-39-139-28,CA-303,0002,0039,2019-05-18 08:10:35-07:00,2019-05-18 13:20:35-07:00,12.228,2019-05-18 10:10:10-07:00,America/Los_Angeles
5cf5bb90f9af8b06e68923e8,"[{'userID': 433, 'milesRequested': 60, 'WhPerMile': 600, 'minutesAvailable': 508, 'modifiedAt': 'Sat, 18 May 2019 15:34:00 GMT', 'paymentRequired': True, 'requestedDeparture': 'Sun, 19 May 2019 00:01:37 GMT', 'kWhRequested': 36.0}]",000000433,2_39_79_379_2019-05-18 15:33:36.706895,2-39-79-379,CA-327,0002,0039,2019-05-18 08:33:37-07:00,2019-05-18 17:09:23-07:00,7.671,2019-05-18 10:45:33-07:00,America/Los_Angeles
5cf5bb90f9af8b06e68923e9,"[{'userID': 2290, 'milesRequested': 100, 'WhPerMile': 600, 'minutesAvailable': 237, 'modifiedAt': 'Sat, 18 May 2019 18:06:51 GMT', 'paymentRequired': True, 'requestedDeparture': 'Sat, 18 May 2019 22:02:34 GMT', 'kWhRequested': 60.0}]",000002290,2_39_129_17_2019-05-18 18:05:34.160863,2-39-129-17,CA-307,0002,0039,2019-05-18 11:05:34-07:00,2019-05-18 13:56:12-07:00,13.437,2019-05-18 13:15:17-07:00,America/Los_Angeles
5cf5bb90f9af8b06e68923ea,"[{'userID': 891, 'milesRequested': 20, 'WhPerMile': 300, 'minutesAvailable': 310, 'modifiedAt': 'Sat, 18 May 2019 18:11:12 GMT', 'paymentRequired': True, 'requestedDeparture': 'Sat, 18 May 2019 23:20:50 GMT', 'kWhRequested': 6.0}]",000000891,2_39_130_31_2019-05-18 18:10:50.165310,2-39-130-31,CA-306,0002,0039,2019-05-18 11:10:50-07:00,2019-05-18 12:48:02-07:00,1.983,2019-05-18 11:56:36-07:00,America/Los_Angeles
5cf5bb90f9af8b06e68923eb,,,2_39_82_384_2019-05-18 19:45:58.976512,2-39-82-384,CA-213,0002,0039,2019-05-18 12:45:59-07:00,2019-05-18 13:18:33-07:00,0.9,2019-05-18 13:16:31-07:00,America/Los_Angeles
5cf5bb90f9af8b06e68923ec,"[{'userID': 1161, 'milesRequested': 40, 'WhPerMile': 400, 'minutesAvailable': 74, 'modifiedAt': 'Sat, 18 May 2019 20:16:35 GMT', 'paymentRequired': True, 'requestedDeparture': 'Sat, 18 May 2019 21:30:35 GMT', 'kWhRequested': 16.0}, {'userID': 1161, 'milesRequested': 40, 'WhPerMile': 400, 'minutesAvailable': 74, 'modifiedAt': 'Sat, 18 May 2019 20:16:45 GMT', 'paymentRequired': True, 'requestedDeparture': 'Sat, 18 May 2019 21:30:35 GMT', 'kWhRequested': 16.0}]",000001161,2_39_131_30_2019-05-18 20:16:33.285587,2-39-131-30,CA-305,0002,0039,2019-05-18 13:16:35-07:00,2019-05-18 14:36:51-07:00,4.38,2019-05-18 14:36:46-07:00,America/Los_Angeles
5cf5bb90f9af8b06e68923ed,,,2_39_82_385_2019-05-18 20:18:51.039060,2-39-82-385,CA-148,0002,0039,2019-05-18 13:18:51-07:00,2019-05-18 13:50:38-07:00,0.898,2019-05-18 13:51:37-07:00,America/Los_Angeles
5cf5bb90f9af8b06e68923ee,,,2_39_95_27_2019-05-18 20:49:18.298168,2-39-95-27,CA-319,0002,0039,2019-05-18 13:49:18-07:00,2019-05-18 16:31:44-07:00,0.864,2019-05-18 15:35:34-07:00,America/Los_Angeles
5cf5bb90f9af8b06e68923ef,,,2_39_82_385_2019-05-18 20:50:50.127280,2-39-82-385,CA-148,0002,0039,2019-05-18 13:50:50-07:00,2019-05-18 17:41:46-07:00,0.907,2019-05-18 14:21:34-07:00,America/Los_Angeles
5cf5bb90f9af8b06e68923f0,"[{'userID': 1746, 'milesRequested': 60, 'WhPerMile': 600, 'minutesAvailable': 86, 'modifiedAt': 'Sat, 18 May 2019 22:30:31 GMT', 'paymentRequired': True, 'requestedDeparture': 'Sat, 18 May 2019 23:56:07 GMT', 'kWhRequested': 36.0}, {'userID': 1746, 'milesRequested': 60, 'WhPerMile': 600, 'minutesAvailable': 80, 'modifiedAt': 'Sat, 18 May 2019 22:30:45 GMT', 'paymentRequired': True, 'requestedDeparture': 'Sat, 18 May 2019 23:50:07 GMT', 'kWhRequested': 36.0}, {'userID': 1746, 'milesRequested': 60, 'WhPerMile': 600, 'minutesAvailable': 80, 'modifiedAt': 'Sun, 19 May 2019 00:38:21 GMT', 'paymentRequired': True, 'requestedDeparture': 'Sat, 18 May 2019 23:50:07 GMT', 'kWhRequested': 36.0}]",000001746,2_39_91_437_2019-05-18 22:30:07.436402,2-39-91-437,CA-317,0002,0039,2019-05-18 15:30:07-07:00,2019-05-18 17:39:51-07:00,2.128,2019-05-18 16:14:15-07:00,America/Los_Angeles
5cf5bb90f9af8b06e68923f1,"[{'userID': 1202, 'milesRequested': 40, 'WhPerMile': 375, 'minutesAvailable': 161, 'modifiedAt': 'Sun, 19 May 2019 00:25:19 GMT', 'paymentRequired': True, 'requestedDeparture': 'Sun, 19 May 2019 03:06:04 GMT', 'kWhRequested': 15.0}, {'userID': 1202, 'milesRequested': 40, 'WhPerMile': 375, 'minutesAvailable': 60, 'modifiedAt': 'Sun, 19 May 2019 00:25:46 GMT', 'paymentRequired': True, 'requestedDeparture': 'Sun, 19 May 2019 01:25:04 GMT', 'kWhRequested': 15.0}]",000001202,2_39_129_17_2019-05-19 00:25:03.619071,2-39-129-17,CA-307,0002,0039,2019-05-18 17:25:04-07:00,2019-05-18 18:27:12-07:00,3.285,2019-05-18 18:27:07-07:00,America/Los_Angeles
5cf5bb90f9af8b06e68923f2,"[{'userID': 243, 'milesRequested': 110, 'WhPerMile': 200, 'minutesAvailable': 70, 'modifiedAt': 'Sun, 19 May 2019 02:07:48 GMT', 'paymentRequired': True, 'requestedDeparture': 'Sun, 19 May 2019 03:17:48 GMT', 'kWhRequested': 22.0}, {'userID': 243, 'milesRequested': 110, 'WhPerMile': 200, 'minutesAvailable': 70, 'modifiedAt': 'Sun, 19 May 2019 02:08:01 GMT', 'paymentRequired': True, 'requestedDeparture': 'Sun, 19 May 2019 03:17:48 GMT', 'kWhRequested': 22.0}]",000000243,2_39_126_20_2019-05-19 02:07:38.483253,2-39-126-20,CA-310,0002,0039,2019-05-18 19:07:48-07:00,2019-05-18 20:07:18-07:00,6.792,2019-05-18 20:07:14-07:00,America/Los_Angeles
5cf5bb90f9af8b06e68923f3,"[{'userID': 364, 'milesRequested': 100, 'WhPerMile': 400, 'minutesAvailable': 126, 'modifiedAt': 'Sun, 19 May 2019 02:54:25 GMT', 'paymentRequired': True, 'requestedDeparture': 'Sun, 19 May 2019 04:59:38 GMT', 'kWhRequested': 40.0}]",000000364,2_39_78_365_2019-05-19 02:53:37.631484,2-39-78-365,CA-321,0002,0039,2019-05-18 19:53:38-07:00,2019-05-18 21:26:04-07:00,10.474,2019-05-18 21:25:53-07:00,America/Los_Angeles
5cf5bb90f9af8b06e68923f4,"[{'userID': 850, 'milesRequested': 100, 'WhPerMile': 300, 'minutesAvailable': 720, 'modifiedAt': 'Sun, 19 May 2019 04:49:11 GMT', 'paymentRequired': True, 'requestedDeparture': 'Sun, 19 May 2019 16:49:03 GMT', 'kWhRequested': 30.0}]",000000850,2_39_92_442_2019-05-19 04:49:03.086270,2-39-92-442,CA-498,0002,0039,2019-05-18 21:49:03-07:00,2019-05-19 04:05:39-07:00,21.388,2019-05-19 01:13:18-07:00,America/Los_Angeles
5cf5bb90f9af8b06e68923f5,"[{'userID': 300, 'milesRequested': 90, 'WhPerMile': 400, 'minutesAvailable': 451, 'modifiedAt': 'Sun, 19 May 2019 05:46:59 GMT', 'paymentRequired': True, 'requestedDeparture': 'Sun, 19 May 2019 13:17:44 GMT', 'kWhRequested': 36.0}, {'userID': 300, 'milesRequested': 90, 'WhPerMile': 400, 'minutesAvailable': 451, 'modifiedAt': 'Sun, 19 May 2019 12:02:05 GMT', 'paymentRequired': True, 'requestedDeparture': 'Sun, 19 May 2019 13:17:44 GMT', 'kWhRequested': 36.0}]",000000300,2_39_124_22_2019-05-19 05:46:43.740614,2-39-124-22,CA-312,0002,0039,2019-05-18 22:46:44-07:00,2019-05-19 09:15:40-07:00,35.894,2019-05-19 04:04:40-07:00,America/Los_Angeles
5cf70d0ff9af8b0b7c6fd883,"[{'userID': 743, 'milesRequested': 20, 'WhPerMile': 400, 'minutesAvailable': 62, 'modifiedAt': 'Sun, 19 May 2019 15:27:04 GMT', 'paymentRequired': True, 'requestedDeparture': 'Sun, 19 May 2019 16:28:30 GMT', 'kWhRequested': 8.0}]",000000743,2_39_95_27_2019-05-19 15:26:29.873564,2-39-95-27,CA-319,0002,0039,2019-05-19 08:26:30-07:00,2019-05-19 10:20:55-07:00,4.132,2019-05-19 09:49:19-07:00,America/Los_Angeles
5cf70d0ff9af8b0b7c6fd884,"[{'userID': 1726, 'milesRequested': 90, 'WhPerMile': 600, 'minutesAvailable': 266, 'modifiedAt': 'Sun, 19 May 2019 16:53:09 GMT', 'paymentRequired': True, 'requestedDeparture': 'Sun, 19 May 2019 21:16:40 GMT', 'kWhRequested': 54.0}, {'userID': 1726, 'milesRequested': 90, 'WhPerMile': 600, 'minutesAvailable': 266, 'modifiedAt': 'Sun, 19 May 2019 16:53:19 GMT', 'paymentRequired': True, 'requestedDeparture': 'Sun, 19 May 2019 21:16:40 GMT', 'kWhRequested': 54.0}, {'userID': 1726, 'milesRequested': 140, 'WhPerMile': 600, 'minutesAvailable': 342, 'modifiedAt': 'Sun, 19 May 2019 21:35:39 GMT', 'paymentRequired': True, 'requestedDeparture': 'Sun, 19 May 2019 22:32:40 GMT', 'kWhRequested': 84.0}]",000001726,2_39_139_28_2019-05-19 16:50:39.972117,2-39-139-28,CA-303,0002,0039,2019-05-19 09:50:40-07:00,2019-05-19 14:53:11-07:00,14.278,2019-05-19 13:55:26-07:00,America/Los_Angeles
5cf70d0ff9af8b0b7c6fd885,"[{'userID': 248, 'milesRequested': 60, 'WhPerMile': 250, 'minutesAvailable': 137, 'modifiedAt': 'Sun, 19 May 2019 17:00:55 GMT', 'paymentRequired': True, 'requestedDeparture': 'Sun, 19 May 2019 19:17:21 GMT', 'kWhRequested': 15.0}]",000000248,2_39_131_30_2019-05-19 17:00:20.643607,2-39-131-30,CA-305,0002,0039,2019-05-19 10:00:21-07:00,2019-05-19 11:58:18-07:00,13.306,2019-05-19 11:58:14-07:00,America/Los_Angeles
5cf70d0ff9af8b0b7c6fd886,,,2_39_129_17_2019-05-19 18:51:24.952692,2-39-129-17,CA-307,0002,0039,2019-05-19 11:51:25-07:00,2019-05-19 13:29:21-07:00,0.9,2019-05-19 12:21:37-07:00,America/Los_Angeles
5cf70d0ff9af8b0b7c6fd887,"[{'userID': 292, 'milesRequested': 250, 'WhPerMile': 200, 'minutesAvailable': 720, 'modifiedAt': 'Sun, 19 May 2019 18:59:44 GMT', 'paymentRequired': True, 'requestedDeparture': 'Mon, 20 May 2019 06:56:20 GMT', 'kWhRequested': 50.0}]",000000292,2_39_95_27_2019-05-19 18:56:20.392577,2-39-95-27,CA-319,0002,0039,2019-05-19 11:56:20-07:00,2019-05-19 19:37:05-07:00,36.398,2019-05-19 17:25:27-07:00,America/Los_Angeles
5cf70d0ff9af8b0b7c6fd888,"[{'userID': 1142, 'milesRequested': 20, 'WhPerMile': 400, 'minutesAvailable': 200, 'modifiedAt': 'Sun, 19 May 2019 19:00:23 GMT', 'paymentRequired': True, 'requestedDeparture': 'Sun, 19 May 2019 22:20:07 GMT', 'kWhRequested': 8.0}]",000001142,2_39_79_380_2019-05-19 19:00:07.449455,2-39-79-380,CA-489,0002,0039,2019-05-19 12:00:07-07:00,2019-05-19 18:06:44-07:00,9.163,2019-05-19 16:04:42-07:00,America/Los_Angeles
5cf70d0ff9af8b0b7c6fd889,"[{'userID': 433, 'milesRequested': 20, 'WhPerMile': 600, 'minutesAvailable': 256, 'modifiedAt': 'Sun, 19 May 2019 19:33:46 GMT', 'paymentRequired': True, 'requestedDeparture': 'Sun, 19 May 2019 23:48:56 GMT', 'kWhRequested': 12.0}]",000000433,2_39_79_379_2019-05-19 19:32:55.613207,2-39-79-379,CA-327,0002,0039,2019-05-19 12:32:56-07:00,2019-05-19 17:32:13-07:00,1.911,2019-05-19 13:09:14-07:00,America/Los_Angeles
5cf70d0ff9af8b0b7c6fd88a,"[{'userID': 365, 'milesRequested': 30, 'WhPerMile': 333, 'minutesAvailable': 104, 'modifiedAt': 'Sun, 19 May 2019 20:05:30 GMT', 'paymentRequired': True, 'requestedDeparture': 'Sun, 19 May 2019 21:49:14 GMT', 'kWhRequested': 9.99}]",000000365,2_39_127_19_2019-05-19 20:05:14.335840,2-39-127-19,CA-309,0002,0039,2019-05-19 13:05:14-07:00,2019-05-19 13:55:09-07:00,2.834,2019-05-19 13:55:05-07:00,America/Los_Angeles
5cf70d0ff9af8b0b7c6fd88b,"[{'userID': 1524, 'milesRequested': 50, 'WhPerMile': 400, 'minutesAvailable': 204, 'modifiedAt': 'Sun, 19 May 2019 22:52:31 GMT', 'paymentRequired': True, 'requestedDeparture': 'Mon, 20 May 2019 02:13:23 GMT', 'kWhRequested': 20.0}]",000001524,2_39_78_364_2019-05-19 22:49:22.957783,2-39-78-364,CA-495,0002,0039,2019-05-19 15:49:23-07:00,2019-05-19 21:01:14-07:00,14.336,2019-05-19 20:03:37-07:00,America/Los_Angeles
5cf70d0ff9af8b0b7c6fd88c,"[{'userID': 710, 'milesRequested': 140, 'WhPerMile': 261, 'minutesAvailable': 199, 'modifiedAt': 'Sun, 19 May 2019 23:02:59 GMT', 'paymentRequired': True, 'requestedDeparture': 'Mon, 20 May 2019 02:17:00 GMT', 'kWhRequested': 36.54}]",000000710,2_39_139_28_2019-05-19 22:58:00.204485,2-39-139-28,CA-303,0002,0039,2019-05-19 15:58:00-07:00,2019-05-19 17:54:04-07:00,12.675,2019-05-19 17:53:59-07:00,America/Los_Angeles
5cf70d0ff9af8b0b7c6fd88d,,,2_39_91_437_2019-05-19 22:58:33.758368,2-39-91-437,CA-317,0002,0039,2019-05-19 15:58:34-07:00,2019-05-19 17:19:37-07:00,0.785,2019-05-19 16:28:54-07:00,America/Los_Angeles
5cf70d0ff9af8b0b7c6fd88e,,,2_39_129_17_2019-05-20 00:16:47.302720,2-39-129-17,CA-307,0002,0039,2019-05-19 17:16:47-07:00,2019-05-19 17:55:52-07:00,0.957,2019-05-19 17:47:23-07:00,America/Los_Angeles
5cf70d0ff9af8b0b7c6fd88f,"[{'userID': 1099, 'milesRequested': 80, 'WhPerMile': 438, 'minutesAvailable': 123, 'modifiedAt': 'Mon, 20 May 2019 02:26:45 GMT', 'paymentRequired': True, 'requestedDeparture': 'Mon, 20 May 2019 04:25:56 GMT', 'kWhRequested': 35.04}]",000001099,2_39_126_20_2019-05-20 02:22:56.016206,2-39-126-20,CA-310,0002,0039,2019-05-19 19:22:56-07:00,2019-05-19 21:20:26-07:00,8.176,2019-05-19 20:45:41-07:00,America/Los_Angeles
5cf70d0ff9af8b0b7c6fd890,"[{'userID': 915, 'milesRequested': 20, 'WhPerMile': 250, 'minutesAvailable': 60, 'modifiedAt': 'Mon, 20 May 2019 04:22:38 GMT', 'paymentRequired': True, 'requestedDeparture': 'Mon, 20 May 2019 05:22:03 GMT', 'kWhRequested': 5.0}]",000000915,2_39_138_29_2019-05-20 04:22:02.916967,2-39-138-29,CA-304,0002,0039,2019-05-19 21:22:03-07:00,2019-05-19 22:12:37-07:00,4.791,2019-05-19 22:12:33-07:00,America/Los_Angeles
5cf85ea5f9af8b11f3749c52,"[{'userID': 560, 'milesRequested': 70, 'WhPerMile': 273, 'minutesAvailable': 284, 'modifiedAt': 'Mon, 20 May 2019 13:31:41 GMT', 'paymentRequired': True, 'requestedDeparture': 'Mon, 20 May 2019 18:15:34 GMT', 'kWhRequested': 19.11}]",000000560,2_39_88_24_2019-05-20 13:31:33.862922,2-39-88-24,CA-314,0002,0039,2019-05-20 06:31:34-07:00,2019-05-20 11:35:23-07:00,18.984,2019-05-20 10:04:05-07:00,America/Los_Angeles
5cf85ea5f9af8b11f3749c53,"[{'userID': 710, 'milesRequested': 140, 'WhPerMile': 261, 'minutesAvailable': 307, 'modifiedAt': 'Mon, 20 May 2019 14:28:56 GMT', 'paymentRequired': True, 'requestedDeparture': 'Mon, 20 May 2019 19:35:32 GMT', 'kWhRequested': 36.54}]",000000710,2_39_139_28_2019-05-20 14:28:31.912396,2-39-139-28,CA-303,0002,0039,2019-05-20 07:28:32-07:00,2019-05-20 12:31:11-07:00,16.37,2019-05-20 10:01:53-07:00,America/Los_Angeles
5cf85ea5f9af8b11f3749c54,"[{'userID': 676, 'milesRequested': 60, 'WhPerMile': 364, 'minutesAvailable': 473, 'modifiedAt': 'Mon, 20 May 2019 14:43:52 GMT', 'paymentRequired': True, 'requestedDeparture': 'Mon, 20 May 2019 22:36:52 GMT', 'kWhRequested': 21.84}]",000000676,2_39_79_379_2019-05-20 14:43:51.760838,2-39-79-379,CA-327,0002,0039,2019-05-20 07:43:52-07:00,2019-05-20 20:40:03-07:00,3.93,2019-05-20 20:35:18-07:00,America/Los_Angeles
5cf85ea5f9af8b11f3749c55,"[{'userID': 569, 'milesRequested': 40, 'WhPerMile': 300, 'minutesAvailable': 232, 'modifiedAt': 'Mon, 20 May 2019 14:45:07 GMT', 'paymentRequired': True, 'requestedDeparture': 'Mon, 20 May 2019 18:36:36 GMT', 'kWhRequested': 12.0}]",000000569,2_39_78_366_2019-05-20 14:44:36.032110,2-39-78-366,CA-323,0002,0039,2019-05-20 07:44:36-07:00,2019-05-20 16:35:18-07:00,3.511,2019-05-20 09:01:49-07:00,America/Los_Angeles
5cf85ea5f9af8b11f3749c56,"[{'userID': 858, 'milesRequested': 20, 'WhPerMile': 400, 'minutesAvailable': 223, 'modifiedAt': 'Mon, 20 May 2019 15:00:41 GMT', 'paymentRequired': True, 'requestedDeparture': 'Mon, 20 May 2019 18:43:27 GMT', 'kWhRequested': 8.0}]",000000858,2_39_123_23_2019-05-20 15:00:27.039601,2-39-123-23,CA-313,0002,0039,2019-05-20 08:00:27-07:00,2019-05-20 16:41:09-07:00,3.423,2019-05-20 09:06:27-07:00,America/Los_Angeles
5cf85ea5f9af8b11f3749c57,"[{'userID': 1126, 'milesRequested': 80, 'WhPerMile': 250, 'minutesAvailable': 418, 'modifiedAt': 'Mon, 20 May 2019 15:02:35 GMT', 'paymentRequired': True, 'requestedDeparture': 'Mon, 20 May 2019 21:59:54 GMT', 'kWhRequested': 20.0}]",000001126,2_39_79_380_2019-05-20 15:01:53.824885,2-39-79-380,CA-489,0002,0039,2019-05-20 08:01:54-07:00,2019-05-20 12:59:14-07:00,1.577,2019-05-20 08:27:38-07:00,America/Los_Angeles
5cf85ea5f9af8b11f3749c58,"[{'userID': 2461, 'milesRequested': 40, 'WhPerMile': 400, 'minutesAvailable': 411, 'modifiedAt': 'Mon, 20 May 2019 15:12:15 GMT', 'paymentRequired': True, 'requestedDeparture': 'Mon, 20 May 2019 22:03:15 GMT', 'kWhRequested': 16.0}, {'userID': 2461, 'milesRequested': 40, 'WhPerMile': 400, 'minutesAvailable': 411, 'modifiedAt': 'Mon, 20 May 2019 19:03:42 GMT', 'paymentRequired': True, 'requestedDeparture': 'Mon, 20 May 2019 22:03:15 GMT', 'kWhRequested': 16.0}]",000002461,2_39_95_27_2019-05-20 15:12:01.894093,2-39-95-27,CA-319,0002,0039,2019-05-20 08:12:15-07:00,2019-05-20 15:12:00-07:00,14.405,2019-05-20 10:42:58-07:00,America/Los_Angeles
5cf85ea5f9af8b11f3749c59,"[{'userID': 632, 'milesRequested': 40, 'WhPerMile': 400, 'minutesAvailable': 252, 'modifiedAt': 'Mon, 20 May 2019 15:12:44 GMT', 'paymentRequired': True, 'requestedDeparture': 'Mon, 20 May 2019 19:24:27 GMT', 'kWhRequested': 16.0}]",000000632,2_39_79_382_2019-05-20 15:12:26.638140,2-39-79-382,CA-491,0002,0039,2019-05-20 08:12:27-07:00,2019-05-20 17:31:03-07:00,10.255,2019-05-20 11:20:09-07:00,America/Los_Angeles
5cf85ea5f9af8b11f3749c5a,"[{'userID': 620, 'milesRequested': 30, 'WhPerMile': 500, 'minutesAvailable': 520, 'modifiedAt': 'Mon, 20 May 2019 15:26:26 GMT', 'paymentRequired': True, 'requestedDeparture': 'Tue, 21 May 2019 00:05:17 GMT', 'kWhRequested': 15.0}]",000000620,2_39_138_29_2019-05-20 15:25:16.513412,2-39-138-29,CA-304,0002,0039,2019-05-20 08:25:17-07:00,2019-05-20 17:32:58-07:00,5.145,2019-05-20 10:15:05-07:00,America/Los_Angeles
5cf85ea5f9af8b11f3749c5b,"[{'userID': 2354, 'milesRequested': 20, 'WhPerMile': 400, 'minutesAvailable': 60, 'modifiedAt': 'Mon, 20 May 2019 15:29:34 GMT', 'paymentRequired': True, 'requestedDeparture': 'Mon, 20 May 2019 16:28:34 GMT', 'kWhRequested': 8.0}]",000002354,2_39_125_21_2019-05-20 15:28:33.948259,2-39-125-21,CA-311,0002,0039,2019-05-20 08:28:34-07:00,2019-05-20 10:33:06-07:00,7.885,2019-05-20 09:49:40-07:00,America/Los_Angeles
5cf85ea5f9af8b11f3749c5c,"[{'userID': 1366, 'milesRequested': 20, 'WhPerMile': 600, 'minutesAvailable': 493, 'modifiedAt': 'Mon, 20 May 2019 15:54:21 GMT', 'paymentRequired': True, 'requestedDeparture': 'Mon, 20 May 2019 23:41:47 GMT', 'kWhRequested': 12.0}]",000001366,2_39_130_31_2019-05-20 15:28:46.786425,2-39-130-31,CA-306,0002,0039,2019-05-20 08:28:47-07:00,2019-05-20 17:31:01-07:00,6.038,2019-05-20 10:38:24-07:00,America/Los_Angeles
5cf85ea5f9af8b11f3749c5d,"[{'userID': 1524, 'milesRequested': 40, 'WhPerMile': 400, 'minutesAvailable': 353, 'modifiedAt': 'Mon, 20 May 2019 15:33:13 GMT', 'paymentRequired': True, 'requestedDeparture': 'Mon, 20 May 2019 21:21:56 GMT', 'kWhRequested': 16.0}]",000001524,2_39_78_367_2019-05-20 15:28:56.254528,2-39-78-367,CA-494,0002,0039,2019-05-20 08:28:56-07:00,2019-05-20 19:57:38-07:00,9.382,2019-05-20 11:45:16-07:00,America/Los_Angeles
5cf85ea5f9af8b11f3749c5e,"[{'userID': 712, 'milesRequested': 50, 'WhPerMile': 600, 'minutesAvailable': 419, 'modifiedAt': 'Mon, 20 May 2019 15:32:54 GMT', 'paymentRequired': True, 'requestedDeparture': 'Mon, 20 May 2019 22:31:41 GMT', 'kWhRequested': 30.0}]",000000712,2_39_127_19_2019-05-20 15:32:41.075334,2-39-127-19,CA-309,0002,0039,2019-05-20 08:32:41-07:00,2019-05-20 17:54:58-07:00,15.729,2019-05-20 13:03:40-07:00,America/Los_Angeles
5cf85ea5f9af8b11f3749c5f,"[{'userID': 1470, 'milesRequested': 60, 'WhPerMile': 292, 'minutesAvailable': 232, 'modifiedAt': 'Mon, 20 May 2019 15:38:24 GMT', 'paymentRequired': True, 'requestedDeparture': 'Mon, 20 May 2019 19:30:14 GMT', 'kWhRequested': 17.52}]",000001470,2_39_79_377_2019-05-20 15:38:14.433423,2-39-79-377,CA-325,0002,0039,2019-05-20 08:38:14-07:00,2019-05-20 13:23:25-07:00,19.465,2019-05-20 13:11:39-07:00,America/Los_Angeles
5cf85ea5f9af8b11f3749c60,"[{'userID': 324, 'milesRequested': 20, 'WhPerMile': 600, 'minutesAvailable': 188, 'modifiedAt': 'Mon, 20 May 2019 15:53:49 GMT', 'paymentRequired': True, 'requestedDeparture': 'Mon, 20 May 2019 19:01:37 GMT', 'kWhRequested': 12.0}]",000000324,2_39_91_437_2019-05-20 15:53:37.494575,2-39-91-437,CA-317,0002,0039,2019-05-20 08:53:37-07:00,2019-05-20 12:28:00-07:00,1.819,2019-05-20 09:50:37-07:00,America/Los_Angeles
5cf85ea5f9af8b11f3749c61,"[{'userID': 559, 'milesRequested': 30, 'WhPerMile': 313, 'minutesAvailable': 525, 'modifiedAt': 'Mon, 20 May 2019 15:59:57 GMT', 'paymentRequired': True, 'requestedDeparture': 'Tue, 21 May 2019 00:44:52 GMT', 'kWhRequested': 9.39}]",000000559,2_39_131_30_2019-05-20 15:59:51.604026,2-39-131-30,CA-305,0002,0039,2019-05-20 08:59:52-07:00,2019-05-20 17:19:33-07:00,6.154,2019-05-20 10:52:37-07:00,America/Los_Angeles
5cf85ea5f9af8b11f3749c62,"[{'userID': 1912, 'milesRequested': 40, 'WhPerMile': 400, 'minutesAvailable': 190, 'modifiedAt': 'Mon, 20 May 2019 16:02:12 GMT', 'paymentRequired': True, 'requestedDeparture': 'Mon, 20 May 2019 19:11:55 GMT', 'kWhRequested': 16.0}, {'userID': 1912, 'milesRequested': 40, 'WhPerMile': 400, 'minutesAvailable': 190, 'modifiedAt': 'Mon, 20 May 2019 16:03:25 GMT', 'paymentRequired': True, 'requestedDeparture': 'Mon, 20 May 2019 19:11:55 GMT', 'kWhRequested': 16.0}]",000001912,2_39_128_18_2019-05-20 16:01:55.044520,2-39-128-18,CA-308,0002,0039,2019-05-20 09:01:55-07:00,2019-05-20 16:11:24-07:00,4.743,2019-05-20 09:49:35-07:00,America/Los_Angeles
5cf85ea5f9af8b11f3749c63,"[{'userID': 567, 'milesRequested': 20, 'WhPerMile': 333, 'minutesAvailable': 425, 'modifiedAt': 'Mon, 20 May 2019 16:05:08 GMT', 'paymentRequired': True, 'requestedDeparture': 'Mon, 20 May 2019 23:09:47 GMT', 'kWhRequested': 6.66}]",000000567,2_39_129_17_2019-05-20 16:04:47.436558,2-39-129-17,CA-307,0002,0039,2019-05-20 09:04:47-07:00,2019-05-20 19:40:57-07:00,3.889,2019-05-20 10:19:51-07:00,America/Los_Angeles
5cf85ea5f9af8b11f3749c64,"[{'userID': 1384, 'milesRequested': 70, 'WhPerMile': 400, 'minutesAvailable': 135, 'modifiedAt': 'Mon, 20 May 2019 16:06:57 GMT', 'paymentRequired': True, 'requestedDeparture': 'Mon, 20 May 2019 18:21:40 GMT', 'kWhRequested': 28.0}]",000001384,2_39_124_22_2019-05-20 16:06:40.362413,2-39-124-22,CA-312,0002,0039,2019-05-20 09:06:40-07:00,2019-05-20 10:24:03-07:00,4.519,2019-05-20 10:23:58-07:00,America/Los_Angeles
5cf85ea5f9af8b11f3749c65,"[{'userID': 743, 'milesRequested': 20, 'WhPerMile': 400, 'minutesAvailable': 451, 'modifiedAt': 'Mon, 20 May 2019 16:11:14 GMT', 'paymentRequired': True, 'requestedDeparture': 'Mon, 20 May 2019 23:41:57 GMT', 'kWhRequested': 8.0}]",000000743,2_39_89_439_2019-05-20 16:10:57.484665,2-39-89-439,CA-501,0002,0039,2019-05-20 09:10:57-07:00,2019-05-20 17:48:27-07:00,4.391,2019-05-20 10:40:12-07:00,America/Los_Angeles
5cf85ea5f9af8b11f3749c66,,,2_39_79_378_2019-05-20 16:13:18.126217,2-39-79-378,CA-326,0002,0039,2019-05-20 09:13:18-07:00,2019-05-20 12:46:30-07:00,0.824,2019-05-20 09:43:50-07:00,America/Los_Angeles
5cf85ea5f9af8b11f3749c67,"[{'userID': 714, 'milesRequested': 90, 'WhPerMile': 200, 'minutesAvailable': 364, 'modifiedAt': 'Mon, 20 May 2019 16:16:34 GMT', 'paymentRequired': True, 'requestedDeparture': 'Mon, 20 May 2019 22:20:24 GMT', 'kWhRequested': 18.0}]",000000714,2_39_78_361_2019-05-20 16:16:24.006563,2-39-78-361,CA-493,0002,0039,2019-05-20 09:16:24-07:00,2019-05-20 18:05:54-07:00,12.131,2019-05-20 18:05:46-07:00,America/Los_Angeles
5cf85ea5f9af8b11f3749c68,"[{'userID': 1526, 'milesRequested': 57, 'WhPerMile': 350, 'minutesAvailable': 403, 'modifiedAt': 'Mon, 20 May 2019 16:41:34 GMT', 'paymentRequired': True, 'requestedDeparture': 'Mon, 20 May 2019 23:24:12 GMT', 'kWhRequested': 19.95}]",000001526,2_39_95_444_2019-05-20 16:41:12.491343,2-39-95-444,CA-497,0002,0039,2019-05-20 09:41:12-07:00,2019-05-20 22:05:17-07:00,14.499,2019-05-20 13:52:49-07:00,America/Los_Angeles
5cf85ea5f9af8b11f3749c69,"[{'userID': 850, 'milesRequested': 100, 'WhPerMile': 300, 'minutesAvailable': 720, 'modifiedAt': 'Mon, 20 May 2019 16:54:44 GMT', 'paymentRequired': True, 'requestedDeparture': 'Tue, 21 May 2019 04:54:32 GMT', 'kWhRequested': 30.0}]",000000850,2_39_91_441_2019-05-20 16:54:32.445723,2-39-91-441,CA-499,0002,0039,2019-05-20 09:54:32-07:00,2019-05-20 20:03:43-07:00,21.19,2019-05-20 13:19:31-07:00,America/Los_Angeles
5cf85ea5f9af8b11f3749c6a,"[{'userID': 1222, 'milesRequested': 20, 'WhPerMile': 400, 'minutesAvailable': 72, 'modifiedAt': 'Mon, 20 May 2019 16:55:47 GMT', 'paymentRequired': True, 'requestedDeparture': 'Mon, 20 May 2019 18:06:51 GMT', 'kWhRequested': 8.0}]",000001222,2_39_92_436_2019-05-20 16:54:51.140596,2-39-92-436,CA-318,0002,0039,2019-05-20 09:54:51-07:00,2019-05-20 11:23:55-07:00,5.014,2019-05-20 11:23:50-07:00,America/Los_Angeles
5cf85ea5f9af8b11f3749c6b,"[{'userID': 1095, 'milesRequested': 30, 'WhPerMile': 469, 'minutesAvailable': 447, 'modifiedAt': 'Mon, 20 May 2019 17:07:27 GMT', 'paymentRequired': True, 'requestedDeparture': 'Tue, 21 May 2019 00:33:45 GMT', 'kWhRequested': 14.07}]",000001095,2_39_78_363_2019-05-20 17:06:45.222635,2-39-78-363,CA-320,0002,0039,2019-05-20 10:06:45-07:00,2019-05-20 18:04:27-07:00,8.052,2019-05-20 13:11:54-07:00,America/Los_Angeles
5cf85ea5f9af8b11f3749c6c,"[{'userID': 891, 'milesRequested': 20, 'WhPerMile': 300, 'minutesAvailable': 310, 'modifiedAt': 'Mon, 20 May 2019 17:08:31 GMT', 'paymentRequired': True, 'requestedDeparture': 'Mon, 20 May 2019 22:18:07 GMT', 'kWhRequested': 6.0}]",000000891,2_39_90_26_2019-05-20 17:08:07.345405,2-39-90-26,CA-316,0002,0039,2019-05-20 10:08:07-07:00,2019-05-20 16:56:42-07:00,3.497,2019-05-20 11:20:53-07:00,America/Los_Angeles
5cf85ea5f9af8b11f3749c6d,"[{'userID': 2170, 'milesRequested': 40, 'WhPerMile': 600, 'minutesAvailable': 191, 'modifiedAt': 'Mon, 20 May 2019 17:22:51 GMT', 'paymentRequired': True, 'requestedDeparture': 'Mon, 20 May 2019 20:33:12 GMT', 'kWhRequested': 24.0}]",000002170,2_39_78_365_2019-05-20 17:22:11.657751,2-39-78-365,CA-321,0002,0039,2019-05-20 10:22:12-07:00,2019-05-20 18:26:00-07:00,3.364,2019-05-20 11:29:52-07:00,America/Los_Angeles
5cf85ea5f9af8b11f3749c6e,"[{'userID': 668, 'milesRequested': 20, 'WhPerMile': 400, 'minutesAvailable': 233, 'modifiedAt': 'Mon, 20 May 2019 17:52:08 GMT', 'paymentRequired': True, 'requestedDeparture': 'Mon, 20 May 2019 21:41:13 GMT', 'kWhRequested': 8.0}, {'userID': 668, 'milesRequested': 40, 'WhPerMile': 400, 'minutesAvailable': 233, 'modifiedAt': 'Mon, 20 May 2019 17:52:14 GMT', 'paymentRequired': True, 'requestedDeparture': 'Mon, 20 May 2019 21:41:13 GMT', 'kWhRequested': 16.0}, {'userID': 668, 'milesRequested': 40, 'WhPerMile': 400, 'minutesAvailable': 233, 'modifiedAt': 'Mon, 20 May 2019 18:05:30 GMT', 'paymentRequired': True, 'requestedDeparture': 'Mon, 20 May 2019 21:41:13 GMT', 'kWhRequested': 16.0}]",000000668,2_39_124_22_2019-05-20 17:48:12.692554,2-39-124-22,CA-312,0002,0039,2019-05-20 10:48:13-07:00,2019-05-20 17:25:14-07:00,9.091,2019-05-20 12:15:22-07:00,America/Los_Angeles
5cf85ea5f9af8b11f3749c6f,"[{'userID': 558, 'milesRequested': 100, 'WhPerMile': 200, 'minutesAvailable': 120, 'modifiedAt': 'Mon, 20 May 2019 18:01:51 GMT', 'paymentRequired': True, 'requestedDeparture': 'Mon, 20 May 2019 20:01:48 GMT', 'kWhRequested': 20.0}]",000000558,2_39_90_440_2019-05-20 18:01:48.098396,2-39-90-440,CA-500,0002,0039,2019-05-20 11:01:48-07:00,2019-05-20 19:14:51-07:00,18.595,2019-05-20 13:54:20-07:00,America/Los_Angeles
5cf85ea5f9af8b11f3749c70,"[{'userID': 1124, 'milesRequested': 20, 'WhPerMile': 450, 'minutesAvailable': 60, 'modifiedAt': 'Mon, 20 May 2019 18:06:46 GMT', 'paymentRequired': True, 'requestedDeparture': 'Mon, 20 May 2019 19:06:23 GMT', 'kWhRequested': 9.0}]",000001124,2_39_92_442_2019-05-20 18:06:22.573433,2-39-92-442,CA-498,0002,0039,2019-05-20 11:06:23-07:00,2019-05-20 17:56:44-07:00,6.455,2019-05-20 13:04:19-07:00,America/Los_Angeles
5cf85ea5f9af8b11f3749c71,"[{'userID': 1082, 'milesRequested': 40, 'WhPerMile': 400, 'minutesAvailable': 291, 'modifiedAt': 'Mon, 20 May 2019 19:14:12 GMT', 'paymentRequired': True, 'requestedDeparture': 'Tue, 21 May 2019 00:04:50 GMT', 'kWhRequested': 16.0}]",000001082,2_39_92_436_2019-05-20 19:13:49.734464,2-39-92-436,CA-318,0002,0039,2019-05-20 12:13:50-07:00,2019-05-20 22:04:21-07:00,2.068,2019-05-20 13:16:05-07:00,America/Los_Angeles
5cf85ea5f9af8b11f3749c72,"[{'userID': 629, 'milesRequested': 100, 'WhPerMile': 200, 'minutesAvailable': 269, 'modifiedAt': 'Mon, 20 May 2019 19:22:04 GMT', 'paymentRequired': True, 'requestedDeparture': 'Mon, 20 May 2019 23:51:02 GMT', 'kWhRequested': 20.0}]",000000629,2_39_127_561_2019-05-20 19:22:01.580156,2-39-127-561,CA-507,0002,0039,2019-05-20 12:22:02-07:00,2019-05-20 16:58:09-07:00,9.394,2019-05-20 13:51:05-07:00,America/Los_Angeles
5cf85ea5f9af8b11f3749c73,"[{'userID': 560, 'milesRequested': 20, 'WhPerMile': 273, 'minutesAvailable': 284, 'modifiedAt': 'Mon, 20 May 2019 19:30:32 GMT', 'paymentRequired': True, 'requestedDeparture': 'Tue, 21 May 2019 00:14:17 GMT', 'kWhRequested': 5.46}]",000000560,2_39_88_24_2019-05-20 19:30:17.450106,2-39-88-24,CA-314,0002,0039,2019-05-20 12:30:17-07:00,2019-05-20 15:53:34-07:00,3.625,2019-05-20 13:47:35-07:00,America/Los_Angeles
5cf85ea5f9af8b11f3749c74,"[{'userID': 324, 'milesRequested': 20, 'WhPerMile': 600, 'minutesAvailable': 234, 'modifiedAt': 'Mon, 20 May 2019 19:59:27 GMT', 'paymentRequired': True, 'requestedDeparture': 'Mon, 20 May 2019 23:53:16 GMT', 'kWhRequested': 12.0}, {'userID': 324, 'milesRequested': 20, 'WhPerMile': 600, 'minutesAvailable': 234, 'modifiedAt': 'Mon, 20 May 2019 19:59:39 GMT', 'paymentRequired': True, 'requestedDeparture': 'Mon, 20 May 2019 23:53:16 GMT', 'kWhRequested': 12.0}]",000000324,2_39_91_437_2019-05-20 19:59:16.123149,2-39-91-437,CA-317,0002,0039,2019-05-20 12:59:16-07:00,2019-05-20 20:45:55-07:00,0.824,2019-05-20 13:29:08-07:00,America/Los_Angeles
5cf85ea5f9af8b11f3749c75,"[{'userID': 774, 'milesRequested': 20, 'WhPerMile': 400, 'minutesAvailable': 60, 'modifiedAt': 'Mon, 20 May 2019 23:40:18 GMT', 'paymentRequired': True, 'requestedDeparture': 'Tue, 21 May 2019 00:40:18 GMT', 'kWhRequested': 8.0}, {'userID': 774, 'milesRequested': 20, 'WhPerMile': 400, 'minutesAvailable': 60, 'modifiedAt': 'Mon, 20 May 2019 23:40:32 GMT', 'paymentRequired': True, 'requestedDeparture': 'Tue, 21 May 2019 00:40:18 GMT', 'kWhRequested': 8.0}, {'userID': 774, 'milesRequested': 20, 'WhPerMile': 400, 'minutesAvailable': 60, 'modifiedAt': 'Mon, 20 May 2019 23:40:56 GMT', 'paymentRequired': True, 'requestedDeparture': 'Tue, 21 May 2019 00:40:18 GMT', 'kWhRequested': 8.0}]",000000774,2_39_128_18_2019-05-20 23:40:17.567084,2-39-128-18,CA-308,0002,0039,2019-05-20 16:40:18-07:00,2019-05-20 17:54:15-07:00,4.233,2019-05-20 17:54:10-07:00,America/Los_Angeles
5cf85ea5f9af8b11f3749c76,"[{'userID': 1133, 'milesRequested': 20, 'WhPerMile': 400, 'minutesAvailable': 60, 'modifiedAt': 'Tue, 21 May 2019 01:10:14 GMT', 'paymentRequired': True, 'requestedDeparture': 'Tue, 21 May 2019 02:10:04 GMT', 'kWhRequested': 8.0}]",000001133,2_39_139_28_2019-05-21 01:10:04.466161,2-39-139-28,CA-303,0002,0039,2019-05-20 18:10:04-07:00,2019-05-20 19:55:34-07:00,7.886,2019-05-20 19:25:55-07:00,America/Los_Angeles
5cf85ea5f9af8b11f3749c77,"[{'userID': 1202, 'milesRequested': 40, 'WhPerMile': 375, 'minutesAvailable': 60, 'modifiedAt': 'Tue, 21 May 2019 04:36:56 GMT', 'paymentRequired': True, 'requestedDeparture': 'Tue, 21 May 2019 05:36:26 GMT', 'kWhRequested': 15.0}]",000001202,2_39_139_28_2019-05-21 04:36:26.058298,2-39-139-28,CA-303,0002,0039,2019-05-20 21:36:26-07:00,2019-05-21 22:30:57-07:00,11.847,2019-05-21 01:20:00-07:00,America/Los_Angeles
5cf85ea5f9af8b11f3749c78,"[{'userID': 300, 'milesRequested': 70, 'WhPerMile': 400, 'minutesAvailable': 451, 'modifiedAt': 'Tue, 21 May 2019 05:26:13 GMT', 'paymentRequired': True, 'requestedDeparture': 'Tue, 21 May 2019 12:56:23 GMT', 'kWhRequested': 28.0}]",000000300,2_39_79_378_2019-05-21 05:25:22.628517,2-39-79-378,CA-326,0002,0039,2019-05-20 22:25:23-07:00,2019-05-21 07:01:09-07:00,13.544,2019-05-21 01:22:46-07:00,America/Los_Angeles
5cf9b026f9af8b1738bc2a3a,"[{'userID': 743, 'milesRequested': 20, 'WhPerMile': 400, 'minutesAvailable': 61, 'modifiedAt': 'Tue, 21 May 2019 13:04:48 GMT', 'paymentRequired': True, 'requestedDeparture': 'Tue, 21 May 2019 14:05:09 GMT', 'kWhRequested': 8.0}]",000000743,2_39_89_25_2019-05-21 13:04:09.432614,2-39-89-25,CA-315,0002,0039,2019-05-21 06:04:09-07:00,2019-05-21 07:19:42-07:00,3.994,2019-05-21 07:19:37-07:00,America/Los_Angeles
5cf9b026f9af8b1738bc2a3b,"[{'userID': 560, 'milesRequested': 80, 'WhPerMile': 273, 'minutesAvailable': 312, 'modifiedAt': 'Tue, 21 May 2019 13:31:36 GMT', 'paymentRequired': True, 'requestedDeparture': 'Tue, 21 May 2019 18:43:33 GMT', 'kWhRequested': 21.84}]",000000560,2_39_88_24_2019-05-21 13:31:33.495853,2-39-88-24,CA-314,0002,0039,2019-05-21 06:31:33-07:00,2019-05-21 11:44:54-07:00,17.475,2019-05-21 09:57:07-07:00,America/Los_Angeles
5cf9b026f9af8b1738bc2a3c,"[{'userID': 569, 'milesRequested': 160, 'WhPerMile': 300, 'minutesAvailable': 232, 'modifiedAt': 'Tue, 21 May 2019 14:21:06 GMT', 'paymentRequired': True, 'requestedDeparture': 'Tue, 21 May 2019 18:12:40 GMT', 'kWhRequested': 48.0}]",000000569,2_39_78_366_2019-05-21 14:20:40.350824,2-39-78-366,CA-323,0002,0039,2019-05-21 07:20:40-07:00,2019-05-21 17:21:40-07:00,46.144,2019-05-21 16:29:34-07:00,America/Los_Angeles
5cf9b026f9af8b1738bc2a3d,"[{'userID': 630, 'milesRequested': 50, 'WhPerMile': 400, 'minutesAvailable': 449, 'modifiedAt': 'Tue, 21 May 2019 14:29:08 GMT', 'paymentRequired': True, 'requestedDeparture': 'Tue, 21 May 2019 21:55:56 GMT', 'kWhRequested': 20.0}]",000000630,2_39_131_30_2019-05-21 14:26:55.958399,2-39-131-30,CA-305,0002,0039,2019-05-21 07:26:56-07:00,2019-05-21 17:52:19-07:00,13.851,2019-05-21 09:37:21-07:00,America/Los_Angeles
5cf9b026f9af8b1738bc2a3e,"[{'userID': 1534, 'milesRequested': 40, 'WhPerMile': 250, 'minutesAvailable': 404, 'modifiedAt': 'Tue, 21 May 2019 14:40:46 GMT', 'paymentRequired': True, 'requestedDeparture': 'Tue, 21 May 2019 21:23:36 GMT', 'kWhRequested': 10.0}]",000001534,2_39_124_558_2019-05-21 14:39:35.972553,2-39-124-558,CA-504,0002,0039,2019-05-21 07:39:36-07:00,2019-05-21 14:49:44-07:00,8.527,2019-05-21 10:14:59-07:00,America/Los_Angeles
5cf9b026f9af8b1738bc2a3f,"[{'userID': 858, 'milesRequested': 20, 'WhPerMile': 400, 'minutesAvailable': 223, 'modifiedAt': 'Tue, 21 May 2019 15:05:29 GMT', 'paymentRequired': True, 'requestedDeparture': 'Tue, 21 May 2019 18:48:11 GMT', 'kWhRequested': 8.0}]",000000858,2_39_123_23_2019-05-21 15:05:11.192556,2-39-123-23,CA-313,0002,0039,2019-05-21 08:05:11-07:00,2019-05-21 16:33:24-07:00,2.588,2019-05-21 08:58:03-07:00,America/Los_Angeles
5cf9b026f9af8b1738bc2a40,"[{'userID': 2461, 'milesRequested': 30, 'WhPerMile': 400, 'minutesAvailable': 502, 'modifiedAt': 'Tue, 21 May 2019 15:17:30 GMT', 'paymentRequired': True, 'requestedDeparture': 'Tue, 21 May 2019 23:39:30 GMT', 'kWhRequested': 12.0}]",000002461,2_39_91_437_2019-05-21 15:17:13.654997,2-39-91-437,CA-317,0002,0039,2019-05-21 08:17:30-07:00,2019-05-21 17:07:28-07:00,8.156,2019-05-21 09:35:51-07:00,America/Los_Angeles
5cf9b026f9af8b1738bc2a41,,,2_39_79_379_2019-05-21 15:23:07.527793,2-39-79-379,CA-327,0002,0039,2019-05-21 08:23:08-07:00,2019-05-21 18:54:22-07:00,1.774,2019-05-21 13:13:56-07:00,America/Los_Angeles
5cf9b026f9af8b1738bc2a42,"[{'userID': 562, 'milesRequested': 20, 'WhPerMile': 375, 'minutesAvailable': 211, 'modifiedAt': 'Tue, 21 May 2019 15:31:06 GMT', 'paymentRequired': True, 'requestedDeparture': 'Tue, 21 May 2019 19:01:08 GMT', 'kWhRequested': 7.5}]",000000562,2_39_127_19_2019-05-21 15:30:08.296784,2-39-127-19,CA-309,0002,0039,2019-05-21 08:30:08-07:00,2019-05-21 18:11:00-07:00,4.653,2019-05-21 09:58:36-07:00,America/Los_Angeles
5cf9b026f9af8b1738bc2a43,"[{'userID': 559, 'milesRequested': 30, 'WhPerMile': 313, 'minutesAvailable': 525, 'modifiedAt': 'Tue, 21 May 2019 15:33:28 GMT', 'paymentRequired': True, 'requestedDeparture': 'Wed, 22 May 2019 00:18:18 GMT', 'kWhRequested': 9.39}]",000000559,2_39_130_31_2019-05-21 15:33:18.053266,2-39-130-31,CA-306,0002,0039,2019-05-21 08:33:18-07:00,2019-05-21 17:27:12-07:00,6.583,2019-05-21 10:28:26-07:00,America/Los_Angeles
5cf9b026f9af8b1738bc2a44,"[{'userID': 2354, 'milesRequested': 20, 'WhPerMile': 400, 'minutesAvailable': 60, 'modifiedAt': 'Tue, 21 May 2019 15:43:31 GMT', 'paymentRequired': True, 'requestedDeparture': 'Tue, 21 May 2019 16:43:12 GMT', 'kWhRequested': 8.0}, {'userID': 2354, 'milesRequested': 20, 'WhPerMile': 400, 'minutesAvailable': 60, 'modifiedAt': 'Tue, 21 May 2019 15:43:52 GMT', 'paymentRequired': True, 'requestedDeparture': 'Tue, 21 May 2019 16:43:12 GMT', 'kWhRequested': 8.0}]",000002354,2_39_128_18_2019-05-21 15:43:12.127465,2-39-128-18,CA-308,0002,0039,2019-05-21 08:43:12-07:00,2019-05-21 10:11:28-07:00,7.87,2019-05-21 10:03:07-07:00,America/Los_Angeles
5cf9b026f9af8b1738bc2a45,"[{'userID': 1470, 'milesRequested': 60, 'WhPerMile': 292, 'minutesAvailable': 232, 'modifiedAt': 'Tue, 21 May 2019 15:46:05 GMT', 'paymentRequired': True, 'requestedDeparture': 'Tue, 21 May 2019 19:37:34 GMT', 'kWhRequested': 17.52}]",000001470,2_39_79_377_2019-05-21 15:45:34.214323,2-39-79-377,CA-325,0002,0039,2019-05-21 08:45:34-07:00,2019-05-21 17:04:51-07:00,11.257,2019-05-21 11:23:55-07:00,America/Los_Angeles
5cf9b026f9af8b1738bc2a46,"[{'userID': 891, 'milesRequested': 20, 'WhPerMile': 300, 'minutesAvailable': 310, 'modifiedAt': 'Tue, 21 May 2019 15:59:59 GMT', 'paymentRequired': True, 'requestedDeparture': 'Tue, 21 May 2019 21:09:43 GMT', 'kWhRequested': 6.0}]",000000891,2_39_89_25_2019-05-21 15:59:43.252194,2-39-89-25,CA-315,0002,0039,2019-05-21 08:59:43-07:00,2019-05-21 17:56:34-07:00,1.926,2019-05-21 09:44:42-07:00,America/Los_Angeles
5cf9b026f9af8b1738bc2a47,"[{'userID': 712, 'milesRequested': 50, 'WhPerMile': 600, 'minutesAvailable': 419, 'modifiedAt': 'Tue, 21 May 2019 16:02:03 GMT', 'paymentRequired': True, 'requestedDeparture': 'Tue, 21 May 2019 23:00:59 GMT', 'kWhRequested': 30.0}]",000000712,2_39_129_17_2019-05-21 16:01:59.007777,2-39-129-17,CA-307,0002,0039,2019-05-21 09:01:59-07:00,2019-05-21 18:48:52-07:00,4.492,2019-05-21 10:20:58-07:00,America/Los_Angeles
5cf9b026f9af8b1738bc2a48,"[{'userID': 567, 'milesRequested': 20, 'WhPerMile': 333, 'minutesAvailable': 425, 'modifiedAt': 'Tue, 21 May 2019 16:04:23 GMT', 'paymentRequired': True, 'requestedDeparture': 'Tue, 21 May 2019 23:08:50 GMT', 'kWhRequested': 6.66}]",000000567,2_39_125_21_2019-05-21 16:03:50.109267,2-39-125-21,CA-311,0002,0039,2019-05-21 09:03:50-07:00,2019-05-21 18:46:24-07:00,5.718,2019-05-21 10:48:35-07:00,America/Los_Angeles
5cf9b026f9af8b1738bc2a49,"[{'userID': 743, 'milesRequested': 20, 'WhPerMile': 400, 'minutesAvailable': 408, 'modifiedAt': 'Tue, 21 May 2019 16:12:42 GMT', 'paymentRequired': True, 'requestedDeparture': 'Tue, 21 May 2019 23:00:06 GMT', 'kWhRequested': 8.0}]",000000743,2_39_89_439_2019-05-21 16:12:05.751033,2-39-89-439,CA-501,0002,0039,2019-05-21 09:12:06-07:00,2019-05-21 16:09:09-07:00,4.28,2019-05-21 10:38:23-07:00,America/Los_Angeles
5cf9b026f9af8b1738bc2a4a,"[{'userID': 1104, 'milesRequested': 120, 'WhPerMile': 250, 'minutesAvailable': 383, 'modifiedAt': 'Tue, 21 May 2019 16:14:01 GMT', 'paymentRequired': True, 'requestedDeparture': 'Tue, 21 May 2019 22:36:09 GMT', 'kWhRequested': 30.0}]",000001104,2_39_79_381_2019-05-21 16:13:09.249380,2-39-79-381,CA-490,0002,0039,2019-05-21 09:13:09-07:00,2019-05-21 16:31:18-07:00,27.78,2019-05-21 15:08:48-07:00,America/Los_Angeles
5cf9b026f9af8b1738bc2a4b,"[{'userID': 714, 'milesRequested': 90, 'WhPerMile': 200, 'minutesAvailable': 364, 'modifiedAt': 'Tue, 21 May 2019 16:24:54 GMT', 'paymentRequired': True, 'requestedDeparture': 'Tue, 21 May 2019 22:28:19 GMT', 'kWhRequested': 18.0}]",000000714,2_39_79_380_2019-05-21 16:24:18.801510,2-39-79-380,CA-489,0002,0039,2019-05-21 09:24:19-07:00,2019-05-21 16:28:13-07:00,7.688,2019-05-21 12:42:08-07:00,America/Los_Angeles
5cf9b026f9af8b1738bc2a4c,,,2_39_78_367_2019-05-21 16:25:12.458912,2-39-78-367,CA-494,0002,0039,2019-05-21 09:25:12-07:00,2019-05-21 15:00:43-07:00,0.929,2019-05-21 14:44:16-07:00,America/Los_Angeles
5cf9b026f9af8b1738bc2a4d,"[{'userID': 1120, 'milesRequested': 60, 'WhPerMile': 375, 'minutesAvailable': 430, 'modifiedAt': 'Tue, 21 May 2019 16:28:56 GMT', 'paymentRequired': True, 'requestedDeparture': 'Tue, 21 May 2019 23:38:51 GMT', 'kWhRequested': 22.5}]",000001120,2_39_79_376_2019-05-21 16:28:51.423430,2-39-79-376,CA-324,0002,0039,2019-05-21 09:28:51-07:00,2019-05-21 15:35:16-07:00,1.762,2019-05-21 10:03:31-07:00,America/Los_Angeles
5cf9b026f9af8b1738bc2a4e,"[{'userID': 2170, 'milesRequested': 40, 'WhPerMile': 600, 'minutesAvailable': 191, 'modifiedAt': 'Tue, 21 May 2019 16:31:28 GMT', 'paymentRequired': True, 'requestedDeparture': 'Tue, 21 May 2019 19:41:30 GMT', 'kWhRequested': 24.0}]",000002170,2_39_78_365_2019-05-21 16:30:30.102627,2-39-78-365,CA-321,0002,0039,2019-05-21 09:30:30-07:00,2019-05-21 19:34:31-07:00,10.664,2019-05-21 17:21:02-07:00,America/Los_Angeles
5cf9b026f9af8b1738bc2a4f,"[{'userID': 1481, 'milesRequested': 20, 'WhPerMile': 400, 'minutesAvailable': 61, 'modifiedAt': 'Tue, 21 May 2019 16:56:49 GMT', 'paymentRequired': True, 'requestedDeparture': 'Tue, 21 May 2019 17:34:40 GMT', 'kWhRequested': 8.0}]",000001481,2_39_124_22_2019-05-21 16:33:39.919218,2-39-124-22,CA-312,0002,0039,2019-05-21 09:33:40-07:00,2019-05-21 17:25:58-07:00,6.433,2019-05-21 11:39:38-07:00,America/Los_Angeles
5cf9b026f9af8b1738bc2a50,"[{'userID': 324, 'milesRequested': 20, 'WhPerMile': 600, 'minutesAvailable': 140, 'modifiedAt': 'Tue, 21 May 2019 16:41:58 GMT', 'paymentRequired': True, 'requestedDeparture': 'Tue, 21 May 2019 19:01:39 GMT', 'kWhRequested': 12.0}]",000000324,2_39_90_26_2019-05-21 16:41:38.871241,2-39-90-26,CA-316,0002,0039,2019-05-21 09:41:39-07:00,2019-05-21 21:26:47-07:00,1.944,2019-05-21 10:42:47-07:00,America/Los_Angeles
5cf9b026f9af8b1738bc2a51,"[{'userID': 1274, 'milesRequested': 80, 'WhPerMile': 333, 'minutesAvailable': 377, 'modifiedAt': 'Tue, 21 May 2019 16:52:44 GMT', 'paymentRequired': True, 'requestedDeparture': 'Tue, 21 May 2019 23:09:08 GMT', 'kWhRequested': 26.64}]",000001274,2_39_79_383_2019-05-21 16:52:08.440633,2-39-79-383,CA-492,0002,0039,2019-05-21 09:52:08-07:00,2019-05-21 17:05:29-07:00,24.713,2019-05-21 15:02:00-07:00,America/Los_Angeles
5cf9b026f9af8b1738bc2a52,"[{'userID': 336, 'milesRequested': 60, 'WhPerMile': 292, 'minutesAvailable': 181, 'modifiedAt': 'Tue, 21 May 2019 17:03:36 GMT', 'paymentRequired': True, 'requestedDeparture': 'Tue, 21 May 2019 20:02:17 GMT', 'kWhRequested': 17.52}]",000000336,2_39_92_442_2019-05-21 17:01:16.832451,2-39-92-442,CA-498,0002,0039,2019-05-21 10:01:17-07:00,2019-05-21 11:22:16-07:00,5.263,2019-05-21 11:22:11-07:00,America/Los_Angeles
5cf9b026f9af8b1738bc2a53,"[{'userID': 558, 'milesRequested': 70, 'WhPerMile': 200, 'minutesAvailable': 120, 'modifiedAt': 'Tue, 21 May 2019 17:16:43 GMT', 'paymentRequired': True, 'requestedDeparture': 'Tue, 21 May 2019 19:16:42 GMT', 'kWhRequested': 14.0}]",000000558,2_39_78_364_2019-05-21 17:16:42.010759,2-39-78-364,CA-495,0002,0039,2019-05-21 10:16:42-07:00,2019-05-21 19:06:31-07:00,11.61,2019-05-21 13:11:10-07:00,America/Los_Angeles
5cf9b026f9af8b1738bc2a54,"[{'userID': 515, 'milesRequested': 40, 'WhPerMile': 250, 'minutesAvailable': 59, 'modifiedAt': 'Tue, 21 May 2019 17:23:17 GMT', 'paymentRequired': True, 'requestedDeparture': 'Tue, 21 May 2019 18:22:01 GMT', 'kWhRequested': 10.0}]",000000515,2_39_78_362_2019-05-21 17:23:01.436300,2-39-78-362,CA-496,0002,0039,2019-05-21 10:23:01-07:00,2019-05-21 12:35:16-07:00,6.583,2019-05-21 12:36:15-07:00,America/Los_Angeles
5cf9b026f9af8b1738bc2a55,,,2_39_91_441_2019-05-21 17:32:26.660212,2-39-91-441,CA-499,0002,0039,2019-05-21 10:32:27-07:00,2019-05-21 18:10:02-07:00,0.97,2019-05-21 14:25:56-07:00,America/Los_Angeles
5cf9b026f9af8b1738bc2a56,"[{'userID': 668, 'milesRequested': 30, 'WhPerMile': 400, 'minutesAvailable': 233, 'modifiedAt': 'Tue, 21 May 2019 17:39:08 GMT', 'paymentRequired': True, 'requestedDeparture': 'Tue, 21 May 2019 21:31:14 GMT', 'kWhRequested': 12.0}, {'userID': 668, 'milesRequested': 30, 'WhPerMile': 400, 'minutesAvailable': 233, 'modifiedAt': 'Tue, 21 May 2019 17:39:26 GMT', 'paymentRequired': True, 'requestedDeparture': 'Tue, 21 May 2019 21:31:14 GMT', 'kWhRequested': 12.0}, {'userID': 668, 'milesRequested': 30, 'WhPerMile': 400, 'minutesAvailable': 233, 'modifiedAt': 'Tue, 21 May 2019 18:58:42 GMT', 'paymentRequired': True, 'requestedDeparture': 'Tue, 21 May 2019 21:31:14 GMT', 'kWhRequested': 12.0}, {'userID': 668, 'milesRequested': 30, 'WhPerMile': 400, 'minutesAvailable': 233, 'modifiedAt': 'Tue, 21 May 2019 22:21:16 GMT', 'paymentRequired': True, 'requestedDeparture': 'Tue, 21 May 2019 21:31:14 GMT', 'kWhRequested': 12.0}]",000000668,2_39_78_361_2019-05-21 17:38:13.762927,2-39-78-361,CA-493,0002,0039,2019-05-21 10:38:14-07:00,2019-05-21 16:29:32-07:00,8.745,2019-05-21 15:32:47-07:00,America/Los_Angeles
5cf9b026f9af8b1738bc2a57,"[{'userID': 1137, 'milesRequested': 80, 'WhPerMile': 400, 'minutesAvailable': 580, 'modifiedAt': 'Tue, 21 May 2019 17:50:43 GMT', 'paymentRequired': True, 'requestedDeparture': 'Wed, 22 May 2019 03:29:36 GMT', 'kWhRequested': 32.0}]",000001137,2_39_78_363_2019-05-21 17:49:35.524609,2-39-78-363,CA-320,0002,0039,2019-05-21 10:49:36-07:00,2019-05-21 22:03:31-07:00,20.227,2019-05-21 18:27:19-07:00,America/Los_Angeles
5cf9b026f9af8b1738bc2a58,"[{'userID': 958, 'milesRequested': 100, 'WhPerMile': 200, 'minutesAvailable': 570, 'modifiedAt': 'Tue, 21 May 2019 18:54:49 GMT', 'paymentRequired': True, 'requestedDeparture': 'Wed, 22 May 2019 04:24:43 GMT', 'kWhRequested': 20.0}]",000000958,2_39_128_18_2019-05-21 18:54:43.228647,2-39-128-18,CA-308,0002,0039,2019-05-21 11:54:43-07:00,2019-05-21 19:23:54-07:00,13.091,2019-05-21 14:46:12-07:00,America/Los_Angeles
5cf9b026f9af8b1738bc2a59,"[{'userID': 818, 'milesRequested': 230, 'WhPerMile': 250, 'minutesAvailable': 616, 'modifiedAt': 'Tue, 21 May 2019 18:57:16 GMT', 'paymentRequired': True, 'requestedDeparture': 'Wed, 22 May 2019 05:12:41 GMT', 'kWhRequested': 57.5}]",000000818,2_39_92_442_2019-05-21 18:56:41.024171,2-39-92-442,CA-498,0002,0039,2019-05-21 11:56:41-07:00,2019-05-21 22:25:25-07:00,56.403,2019-05-21 20:18:27-07:00,America/Los_Angeles
5cf9b026f9af8b1738bc2a5a,"[{'userID': 560, 'milesRequested': 20, 'WhPerMile': 273, 'minutesAvailable': 312, 'modifiedAt': 'Tue, 21 May 2019 19:09:11 GMT', 'paymentRequired': True, 'requestedDeparture': 'Wed, 22 May 2019 00:20:57 GMT', 'kWhRequested': 5.46}]",000000560,2_39_88_24_2019-05-21 19:08:56.573137,2-39-88-24,CA-314,0002,0039,2019-05-21 12:08:57-07:00,2019-05-21 15:49:06-07:00,1.691,2019-05-21 13:06:20-07:00,America/Los_Angeles
5cf9b026f9af8b1738bc2a5b,"[{'userID': 1082, 'milesRequested': 40, 'WhPerMile': 400, 'minutesAvailable': 291, 'modifiedAt': 'Tue, 21 May 2019 19:22:46 GMT', 'paymentRequired': True, 'requestedDeparture': 'Wed, 22 May 2019 00:13:10 GMT', 'kWhRequested': 16.0}]",000001082,2_39_126_20_2019-05-21 19:22:10.496443,2-39-126-20,CA-310,0002,0039,2019-05-21 12:22:10-07:00,2019-05-21 21:48:32-07:00,2.107,2019-05-21 13:26:13-07:00,America/Los_Angeles
5cf9b026f9af8b1738bc2a5c,"[{'userID': 1124, 'milesRequested': 20, 'WhPerMile': 450, 'minutesAvailable': 60, 'modifiedAt': 'Tue, 21 May 2019 20:18:05 GMT', 'paymentRequired': True, 'requestedDeparture': 'Tue, 21 May 2019 21:17:18 GMT', 'kWhRequested': 9.0}]",000001124,2_39_78_362_2019-05-21 20:17:17.884873,2-39-78-362,CA-496,0002,0039,2019-05-21 13:17:18-07:00,2019-05-21 19:04:38-07:00,6.824,2019-05-21 19:05:38-07:00,America/Los_Angeles
5cf9b026f9af8b1738bc2a5d,"[{'userID': 1564, 'milesRequested': 20, 'WhPerMile': 300, 'minutesAvailable': 103, 'modifiedAt': 'Tue, 21 May 2019 21:36:33 GMT', 'paymentRequired': True, 'requestedDeparture': 'Tue, 21 May 2019 23:19:11 GMT', 'kWhRequested': 6.0}]",000001564,2_39_92_436_2019-05-21 21:36:10.980237,2-39-92-436,CA-318,0002,0039,2019-05-21 14:36:11-07:00,2019-05-21 16:06:08-07:00,3.978,2019-05-21 15:59:02-07:00,America/Los_Angeles
5cf9b026f9af8b1738bc2a5e,"[{'userID': 1746, 'milesRequested': 60, 'WhPerMile': 600, 'minutesAvailable': 80, 'modifiedAt': 'Tue, 21 May 2019 23:18:48 GMT', 'paymentRequired': True, 'requestedDeparture': 'Wed, 22 May 2019 00:38:35 GMT', 'kWhRequested': 36.0}, {'userID': 1746, 'milesRequested': 60, 'WhPerMile': 600, 'minutesAvailable': 66, 'modifiedAt': 'Tue, 21 May 2019 23:18:58 GMT', 'paymentRequired': True, 'requestedDeparture': 'Wed, 22 May 2019 00:24:35 GMT', 'kWhRequested': 36.0}, {'userID': 1746, 'milesRequested': 60, 'WhPerMile': 600, 'minutesAvailable': 66, 'modifiedAt': 'Wed, 22 May 2019 01:20:08 GMT', 'paymentRequired': True, 'requestedDeparture': 'Wed, 22 May 2019 00:24:35 GMT', 'kWhRequested': 36.0}]",000001746,2_39_88_24_2019-05-21 23:18:35.435187,2-39-88-24,CA-314,0002,0039,2019-05-21 16:18:35-07:00,2019-05-21 18:20:33-07:00,4.746,2019-05-21 17:50:43-07:00,America/Los_Angeles
5cf9b026f9af8b1738bc2a5f,,,2_39_130_31_2019-05-22 00:44:05.181009,2-39-130-31,CA-306,0002,0039,2019-05-21 17:44:05-07:00,2019-05-21 18:32:41-07:00,0.859,2019-05-21 18:14:37-07:00,America/Los_Angeles
5cf9b026f9af8b1738bc2a60,"[{'userID': 1263, 'milesRequested': 70, 'WhPerMile': 250, 'minutesAvailable': 61, 'modifiedAt': 'Wed, 22 May 2019 03:31:51 GMT', 'paymentRequired': True, 'requestedDeparture': 'Wed, 22 May 2019 04:32:18 GMT', 'kWhRequested': 17.5}]",000001263,2_39_138_29_2019-05-22 03:31:17.764985,2-39-138-29,CA-304,0002,0039,2019-05-21 20:31:18-07:00,2019-05-21 21:43:05-07:00,8.193,2019-05-21 21:43:00-07:00,America/Los_Angeles
5cf9b026f9af8b1738bc2a61,"[{'userID': 1161, 'milesRequested': 40, 'WhPerMile': 400, 'minutesAvailable': 101, 'modifiedAt': 'Wed, 22 May 2019 04:02:24 GMT', 'paymentRequired': True, 'requestedDeparture': 'Wed, 22 May 2019 05:42:40 GMT', 'kWhRequested': 16.0}]",000001161,2_39_131_30_2019-05-22 04:01:40.167831,2-39-131-30,CA-305,0002,0039,2019-05-21 21:01:40-07:00,2019-05-21 22:18:15-07:00,4.161,2019-05-21 22:18:10-07:00,America/Los_Angeles
5cfb01a5f9af8b1e6e67daa5,"[{'userID': 560, 'milesRequested': 80, 'WhPerMile': 273, 'minutesAvailable': 312, 'modifiedAt': 'Wed, 22 May 2019 13:33:55 GMT', 'paymentRequired': True, 'requestedDeparture': 'Wed, 22 May 2019 18:45:08 GMT', 'kWhRequested': 21.84}]",000000560,2_39_88_24_2019-05-22 13:33:07.682861,2-39-88-24,CA-314,0002,0039,2019-05-22 06:33:08-07:00,2019-05-22 11:48:43-07:00,19.197,2019-05-22 10:15:34-07:00,America/Los_Angeles
5cfb01a5f9af8b1e6e67daa6,"[{'userID': 630, 'milesRequested': 50, 'WhPerMile': 400, 'minutesAvailable': 449, 'modifiedAt': 'Wed, 22 May 2019 14:13:16 GMT', 'paymentRequired': True, 'requestedDeparture': 'Wed, 22 May 2019 21:42:09 GMT', 'kWhRequested': 20.0}]",000000630,2_39_139_28_2019-05-22 14:13:08.780244,2-39-139-28,CA-303,0002,0039,2019-05-22 07:13:09-07:00,2019-05-22 16:57:10-07:00,13.655,2019-05-22 09:21:29-07:00,America/Los_Angeles
5cfb01a5f9af8b1e6e67daa7,"[{'userID': 1524, 'milesRequested': 10, 'WhPerMile': 400, 'minutesAvailable': 353, 'modifiedAt': 'Wed, 22 May 2019 14:54:07 GMT', 'paymentRequired': True, 'requestedDeparture': 'Wed, 22 May 2019 20:43:10 GMT', 'kWhRequested': 4.0}]",000001524,2_39_78_367_2019-05-22 14:50:10.049252,2-39-78-367,CA-494,0002,0039,2019-05-22 07:50:10-07:00,2019-05-22 17:46:04-07:00,3.781,2019-05-22 09:16:15-07:00,America/Los_Angeles
5cfb01a5f9af8b1e6e67daa8,"[{'userID': 1534, 'milesRequested': 20, 'WhPerMile': 250, 'minutesAvailable': 404, 'modifiedAt': 'Wed, 22 May 2019 14:55:30 GMT', 'paymentRequired': True, 'requestedDeparture': 'Wed, 22 May 2019 21:39:30 GMT', 'kWhRequested': 5.0}]",000001534,2_39_124_558_2019-05-22 14:55:18.163137,2-39-124-558,CA-504,0002,0039,2019-05-22 07:55:30-07:00,2019-05-22 15:23:50-07:00,4.401,2019-05-22 09:19:26-07:00,America/Los_Angeles
5cfb01a5f9af8b1e6e67daa9,"[{'userID': 676, 'milesRequested': 60, 'WhPerMile': 364, 'minutesAvailable': 473, 'modifiedAt': 'Wed, 22 May 2019 14:56:25 GMT', 'paymentRequired': True, 'requestedDeparture': 'Wed, 22 May 2019 22:49:11 GMT', 'kWhRequested': 21.84}]",000000676,2_39_79_379_2019-05-22 14:56:10.945237,2-39-79-379,CA-327,0002,0039,2019-05-22 07:56:11-07:00,2019-05-22 20:40:52-07:00,15.878,2019-05-22 14:02:24-07:00,America/Los_Angeles
5cfb01a5f9af8b1e6e67daaa,"[{'userID': 569, 'milesRequested': 70, 'WhPerMile': 300, 'minutesAvailable': 232, 'modifiedAt': 'Wed, 22 May 2019 14:56:50 GMT', 'paymentRequired': True, 'requestedDeparture': 'Wed, 22 May 2019 18:48:31 GMT', 'kWhRequested': 21.0}]",000000569,2_39_78_366_2019-05-22 14:56:30.533990,2-39-78-366,CA-323,0002,0039,2019-05-22 07:56:31-07:00,2019-05-22 17:38:01-07:00,4.767,2019-05-22 09:28:57-07:00,America/Los_Angeles
5cfb01a5f9af8b1e6e67daab,"[{'userID': 1164, 'milesRequested': 20, 'WhPerMile': 525, 'minutesAvailable': 236, 'modifiedAt': 'Wed, 22 May 2019 14:59:08 GMT', 'paymentRequired': True, 'requestedDeparture': 'Wed, 22 May 2019 18:54:28 GMT', 'kWhRequested': 10.5}]",000001164,2_39_129_17_2019-05-22 14:58:27.914718,2-39-129-17,CA-307,0002,0039,2019-05-22 07:58:28-07:00,2019-05-22 19:15:21-07:00,6.645,2019-05-22 10:05:05-07:00,America/Los_Angeles
5cfb01a5f9af8b1e6e67daac,,,2_39_79_381_2019-05-22 15:05:32.941027,2-39-79-381,CA-490,0002,0039,2019-05-22 08:05:33-07:00,2019-05-22 17:51:20-07:00,1.608,2019-05-22 12:09:51-07:00,America/Los_Angeles
5cfb01a5f9af8b1e6e67daad,"[{'userID': 1564, 'milesRequested': 20, 'WhPerMile': 300, 'minutesAvailable': 427, 'modifiedAt': 'Wed, 22 May 2019 15:07:24 GMT', 'paymentRequired': True, 'requestedDeparture': 'Wed, 22 May 2019 22:14:13 GMT', 'kWhRequested': 6.0}]",000001564,2_39_138_29_2019-05-22 15:07:13.450522,2-39-138-29,CA-304,0002,0039,2019-05-22 08:07:13-07:00,2019-05-22 16:19:45-07:00,5.543,2019-05-22 09:43:02-07:00,America/Los_Angeles
5cfb01a5f9af8b1e6e67daae,"[{'userID': 562, 'milesRequested': 20, 'WhPerMile': 375, 'minutesAvailable': 211, 'modifiedAt': 'Wed, 22 May 2019 15:25:03 GMT', 'paymentRequired': True, 'requestedDeparture': 'Wed, 22 May 2019 18:55:31 GMT', 'kWhRequested': 7.5}]",000000562,2_39_131_30_2019-05-22 15:24:31.502430,2-39-131-30,CA-305,0002,0039,2019-05-22 08:24:31-07:00,2019-05-22 12:35:17-07:00,4.558,2019-05-22 09:50:57-07:00,America/Los_Angeles
5cfb01a5f9af8b1e6e67daaf,,,2_39_79_380_2019-05-22 15:28:16.947366,2-39-79-380,CA-489,0002,0039,2019-05-22 08:28:17-07:00,2019-05-22 18:00:01-07:00,0.655,2019-05-22 08:51:55-07:00,America/Los_Angeles
5cfb01a5f9af8b1e6e67dab0,"[{'userID': 1470, 'milesRequested': 60, 'WhPerMile': 292, 'minutesAvailable': 232, 'modifiedAt': 'Wed, 22 May 2019 15:37:39 GMT', 'paymentRequired': True, 'requestedDeparture': 'Wed, 22 May 2019 19:29:20 GMT', 'kWhRequested': 17.52}]",000001470,2_39_79_377_2019-05-22 15:37:20.099998,2-39-79-377,CA-325,0002,0039,2019-05-22 08:37:20-07:00,2019-05-22 15:50:48-07:00,8.862,2019-05-22 10:13:40-07:00,America/Los_Angeles
5cfb01a5f9af8b1e6e67dab1,"[{'userID': 712, 'milesRequested': 20, 'WhPerMile': 600, 'minutesAvailable': 119, 'modifiedAt': 'Wed, 22 May 2019 15:40:27 GMT', 'paymentRequired': True, 'requestedDeparture': 'Wed, 22 May 2019 17:39:01 GMT', 'kWhRequested': 12.0}]",000000712,2_39_127_19_2019-05-22 15:40:00.585449,2-39-127-19,CA-309,0002,0039,2019-05-22 08:40:01-07:00,2019-05-22 10:30:21-07:00,4.565,2019-05-22 10:01:42-07:00,America/Los_Angeles
5cfb01a5f9af8b1e6e67dab2,,,2_39_130_31_2019-05-22 15:41:43.680741,2-39-130-31,CA-306,0002,0039,2019-05-22 08:41:44-07:00,2019-05-22 14:31:04-07:00,0.967,2019-05-22 12:45:27-07:00,America/Los_Angeles
5cfb01a5f9af8b1e6e67dab3,"[{'userID': 559, 'milesRequested': 30, 'WhPerMile': 313, 'minutesAvailable': 377, 'modifiedAt': 'Wed, 22 May 2019 15:45:40 GMT', 'paymentRequired': True, 'requestedDeparture': 'Wed, 22 May 2019 22:02:26 GMT', 'kWhRequested': 9.39}]",000000559,2_39_79_378_2019-05-22 15:45:26.018298,2-39-79-378,CA-326,0002,0039,2019-05-22 08:45:26-07:00,2019-05-22 15:21:09-07:00,8.291,2019-05-22 14:07:30-07:00,America/Los_Angeles
5cfb01a5f9af8b1e6e67dab4,"[{'userID': 1957, 'milesRequested': 70, 'WhPerMile': 400, 'minutesAvailable': 453, 'modifiedAt': 'Wed, 22 May 2019 15:46:25 GMT', 'paymentRequired': True, 'requestedDeparture': 'Wed, 22 May 2019 23:19:08 GMT', 'kWhRequested': 28.0}]",000001957,2_39_79_383_2019-05-22 15:46:07.765295,2-39-79-383,CA-492,0002,0039,2019-05-22 08:46:08-07:00,2019-05-22 17:49:49-07:00,22.345,2019-05-22 14:19:46-07:00,America/Los_Angeles
5cfb01a5f9af8b1e6e67dab5,"[{'userID': 1364, 'milesRequested': 60, 'WhPerMile': 400, 'minutesAvailable': 203, 'modifiedAt': 'Wed, 22 May 2019 16:13:21 GMT', 'paymentRequired': True, 'requestedDeparture': 'Wed, 22 May 2019 19:20:56 GMT', 'kWhRequested': 24.0}]",000001364,2_39_123_23_2019-05-22 15:57:55.570274,2-39-123-23,CA-313,0002,0039,2019-05-22 08:57:56-07:00,2019-05-22 17:16:02-07:00,13.112,2019-05-22 13:56:16-07:00,America/Los_Angeles
5cfb01a5f9af8b1e6e67dab6,"[{'userID': 1104, 'milesRequested': 120, 'WhPerMile': 250, 'minutesAvailable': 383, 'modifiedAt': 'Wed, 22 May 2019 16:04:05 GMT', 'paymentRequired': True, 'requestedDeparture': 'Wed, 22 May 2019 22:24:49 GMT', 'kWhRequested': 30.0}]",000001104,2_39_79_382_2019-05-22 16:01:48.641638,2-39-79-382,CA-491,0002,0039,2019-05-22 09:01:49-07:00,2019-05-22 18:09:50-07:00,27.837,2019-05-22 15:35:44-07:00,America/Los_Angeles
5cfb01a5f9af8b1e6e67dab7,"[{'userID': 858, 'milesRequested': 20, 'WhPerMile': 400, 'minutesAvailable': 223, 'modifiedAt': 'Wed, 22 May 2019 16:04:44 GMT', 'paymentRequired': True, 'requestedDeparture': 'Wed, 22 May 2019 19:47:34 GMT', 'kWhRequested': 8.0}]",000000858,2_39_125_21_2019-05-22 16:04:33.738250,2-39-125-21,CA-311,0002,0039,2019-05-22 09:04:34-07:00,2019-05-22 16:38:20-07:00,5.35,2019-05-22 10:44:27-07:00,America/Los_Angeles
5cfb01a5f9af8b1e6e67dab8,"[{'userID': 1095, 'milesRequested': 30, 'WhPerMile': 469, 'minutesAvailable': 447, 'modifiedAt': 'Wed, 22 May 2019 16:08:41 GMT', 'paymentRequired': True, 'requestedDeparture': 'Wed, 22 May 2019 23:35:31 GMT', 'kWhRequested': 14.07}]",000001095,2_39_90_440_2019-05-22 16:08:30.816366,2-39-90-440,CA-500,0002,0039,2019-05-22 09:08:31-07:00,2019-05-22 16:31:11-07:00,8.001,2019-05-22 10:35:12-07:00,America/Los_Angeles
5cfb01a5f9af8b1e6e67dab9,"[{'userID': 743, 'milesRequested': 20, 'WhPerMile': 400, 'minutesAvailable': 408, 'modifiedAt': 'Wed, 22 May 2019 16:10:36 GMT', 'paymentRequired': True, 'requestedDeparture': 'Wed, 22 May 2019 22:58:16 GMT', 'kWhRequested': 8.0}]",000000743,2_39_89_439_2019-05-22 16:10:16.208850,2-39-89-439,CA-501,0002,0039,2019-05-22 09:10:16-07:00,2019-05-22 16:22:15-07:00,3.774,2019-05-22 10:27:10-07:00,America/Los_Angeles
5cfb01a5f9af8b1e6e67daba,"[{'userID': 714, 'milesRequested': 90, 'WhPerMile': 200, 'minutesAvailable': 364, 'modifiedAt': 'Wed, 22 May 2019 16:12:57 GMT', 'paymentRequired': True, 'requestedDeparture': 'Wed, 22 May 2019 22:16:44 GMT', 'kWhRequested': 18.0}]",000000714,2_39_78_360_2019-05-22 16:12:43.794673,2-39-78-360,CA-322,0002,0039,2019-05-22 09:12:44-07:00,2019-05-22 17:58:32-07:00,13.254,2019-05-22 11:16:31-07:00,America/Los_Angeles
5cfb01a5f9af8b1e6e67dabb,,,2_39_138_566_2019-05-22 16:15:17.229400,2-39-138-566,CA-512,0002,0039,2019-05-22 09:15:17-07:00,2019-05-22 09:58:30-07:00,0.75,2019-05-22 09:46:28-07:00,America/Los_Angeles
5cfb01a5f9af8b1e6e67dabc,"[{'userID': 324, 'milesRequested': 20, 'WhPerMile': 600, 'minutesAvailable': 140, 'modifiedAt': 'Wed, 22 May 2019 16:30:22 GMT', 'paymentRequired': True, 'requestedDeparture': 'Wed, 22 May 2019 18:48:26 GMT', 'kWhRequested': 12.0}]",000000324,2_39_91_437_2019-05-22 16:28:26.307975,2-39-91-437,CA-317,0002,0039,2019-05-22 09:28:26-07:00,2019-05-22 18:30:13-07:00,1.734,2019-05-22 10:23:28-07:00,America/Los_Angeles
5cfb01a5f9af8b1e6e67dabd,"[{'userID': 1124, 'milesRequested': 20, 'WhPerMile': 450, 'minutesAvailable': 60, 'modifiedAt': 'Wed, 22 May 2019 16:48:09 GMT', 'paymentRequired': True, 'requestedDeparture': 'Wed, 22 May 2019 17:47:37 GMT', 'kWhRequested': 9.0}]",000001124,2_39_95_27_2019-05-22 16:47:37.242042,2-39-95-27,CA-319,0002,0039,2019-05-22 09:47:37-07:00,2019-05-22 18:13:17-07:00,6.445,2019-05-22 11:48:36-07:00,America/Los_Angeles
5cfb01a5f9af8b1e6e67dabe,"[{'userID': 2170, 'milesRequested': 40, 'WhPerMile': 600, 'minutesAvailable': 191, 'modifiedAt': 'Wed, 22 May 2019 16:51:47 GMT', 'paymentRequired': True, 'requestedDeparture': 'Wed, 22 May 2019 20:01:08 GMT', 'kWhRequested': 24.0}]",000002170,2_39_78_365_2019-05-22 16:50:07.841107,2-39-78-365,CA-321,0002,0039,2019-05-22 09:50:08-07:00,2019-05-22 18:15:20-07:00,3.424,2019-05-22 12:27:14-07:00,America/Los_Angeles
5cfb01a5f9af8b1e6e67dabf,"[{'userID': 567, 'milesRequested': 20, 'WhPerMile': 333, 'minutesAvailable': 425, 'modifiedAt': 'Wed, 22 May 2019 17:05:54 GMT', 'paymentRequired': True, 'requestedDeparture': 'Thu, 23 May 2019 00:10:39 GMT', 'kWhRequested': 6.66}]",000000567,2_39_124_22_2019-05-22 17:05:39.100918,2-39-124-22,CA-312,0002,0039,2019-05-22 10:05:39-07:00,2019-05-22 19:27:48-07:00,5.697,2019-05-22 11:47:27-07:00,America/Los_Angeles
5cfb01a5f9af8b1e6e67dac0,"[{'userID': 620, 'milesRequested': 30, 'WhPerMile': 500, 'minutesAvailable': 417, 'modifiedAt': 'Wed, 22 May 2019 17:09:36 GMT', 'paymentRequired': True, 'requestedDeparture': 'Thu, 23 May 2019 00:06:24 GMT', 'kWhRequested': 15.0}]",000000620,2_39_89_25_2019-05-22 17:09:23.641591,2-39-89-25,CA-315,0002,0039,2019-05-22 10:09:24-07:00,2019-05-22 17:05:48-07:00,7.251,2019-05-22 12:19:30-07:00,America/Los_Angeles
5cfb01a5f9af8b1e6e67dac1,"[{'userID': 668, 'milesRequested': 30, 'WhPerMile': 400, 'minutesAvailable': 233, 'modifiedAt': 'Wed, 22 May 2019 17:09:56 GMT', 'paymentRequired': True, 'requestedDeparture': 'Wed, 22 May 2019 21:02:39 GMT', 'kWhRequested': 12.0}]",000000668,2_39_92_442_2019-05-22 17:09:38.563719,2-39-92-442,CA-498,0002,0039,2019-05-22 10:09:39-07:00,2019-05-22 16:24:31-07:00,8.421,2019-05-22 11:31:11-07:00,America/Los_Angeles
5cfb01a5f9af8b1e6e67dac2,"[{'userID': 558, 'milesRequested': 70, 'WhPerMile': 200, 'minutesAvailable': 120, 'modifiedAt': 'Wed, 22 May 2019 17:15:16 GMT', 'paymentRequired': True, 'requestedDeparture': 'Wed, 22 May 2019 19:15:08 GMT', 'kWhRequested': 14.0}]",000000558,2_39_92_436_2019-05-22 17:15:08.498014,2-39-92-436,CA-318,0002,0039,2019-05-22 10:15:08-07:00,2019-05-22 19:15:09-07:00,11.235,2019-05-22 12:03:18-07:00,America/Los_Angeles
5cfb01a5f9af8b1e6e67dac3,,,2_39_91_441_2019-05-22 17:56:37.415678,2-39-91-441,CA-499,0002,0039,2019-05-22 10:56:37-07:00,2019-05-22 11:25:12-07:00,0.779,2019-05-22 11:25:08-07:00,America/Los_Angeles
5cfb01a5f9af8b1e6e67dac4,,,2_39_90_26_2019-05-22 17:59:56.182677,2-39-90-26,CA-316,0002,0039,2019-05-22 10:59:56-07:00,2019-05-22 11:20:38-07:00,0.573,2019-05-22 11:20:33-07:00,America/Los_Angeles
5cfb01a5f9af8b1e6e67dac5,"[{'userID': 832, 'milesRequested': 120, 'WhPerMile': 300, 'minutesAvailable': 353, 'modifiedAt': 'Wed, 22 May 2019 18:09:27 GMT', 'paymentRequired': True, 'requestedDeparture': 'Thu, 23 May 2019 00:01:44 GMT', 'kWhRequested': 36.0}]",000000832,2_39_78_363_2019-05-22 18:08:43.784084,2-39-78-363,CA-320,0002,0039,2019-05-22 11:08:44-07:00,2019-05-22 17:09:39-07:00,35.885,2019-05-22 16:55:11-07:00,America/Los_Angeles
5cfb01a5f9af8b1e6e67dac6,,,2_39_90_26_2019-05-22 18:27:07.661175,2-39-90-26,CA-316,0002,0039,2019-05-22 11:27:08-07:00,2019-05-22 14:38:03-07:00,0.972,2019-05-22 14:39:02-07:00,America/Los_Angeles
5cfb01a5f9af8b1e6e67dac7,"[{'userID': 2557, 'milesRequested': 20, 'WhPerMile': 400, 'minutesAvailable': 35, 'modifiedAt': 'Wed, 22 May 2019 19:37:24 GMT', 'paymentRequired': True, 'requestedDeparture': 'Wed, 22 May 2019 19:55:18 GMT', 'kWhRequested': 8.0}]",000002557,2_39_88_24_2019-05-22 19:20:18.083496,2-39-88-24,CA-314,0002,0039,2019-05-22 12:20:18-07:00,2019-05-22 13:39:27-07:00,4.066,2019-05-22 13:39:22-07:00,America/Los_Angeles
5cfb01a5f9af8b1e6e67dac8,"[{'userID': 560, 'milesRequested': 20, 'WhPerMile': 273, 'minutesAvailable': 312, 'modifiedAt': 'Wed, 22 May 2019 19:36:45 GMT', 'paymentRequired': True, 'requestedDeparture': 'Thu, 23 May 2019 00:48:36 GMT', 'kWhRequested': 5.46}]",000000560,2_39_131_30_2019-05-22 19:36:36.021327,2-39-131-30,CA-305,0002,0039,2019-05-22 12:36:36-07:00,2019-05-22 15:50:09-07:00,2.255,2019-05-22 13:40:02-07:00,America/Los_Angeles
5cfb01a5f9af8b1e6e67dac9,"[{'userID': 69, 'milesRequested': 100, 'WhPerMile': 300, 'minutesAvailable': 255, 'modifiedAt': 'Wed, 22 May 2019 19:46:52 GMT', 'paymentRequired': True, 'requestedDeparture': 'Thu, 23 May 2019 00:01:26 GMT', 'kWhRequested': 30.0}]",000000069,2_39_78_364_2019-05-22 19:46:26.469865,2-39-78-364,CA-495,0002,0039,2019-05-22 12:46:26-07:00,2019-05-22 19:54:04-07:00,11.39,2019-05-22 14:40:21-07:00,America/Los_Angeles
5cfb01a5f9af8b1e6e67daca,,,2_39_125_559_2019-05-22 20:12:03.899712,2-39-125-559,CA-505,0002,0039,2019-05-22 13:12:04-07:00,2019-05-22 14:55:58-07:00,0.893,2019-05-22 13:42:35-07:00,America/Los_Angeles
5cfb01a5f9af8b1e6e67dacb,"[{'userID': 562, 'milesRequested': 10, 'WhPerMile': 375, 'minutesAvailable': 211, 'modifiedAt': 'Wed, 22 May 2019 20:45:19 GMT', 'paymentRequired': True, 'requestedDeparture': 'Thu, 23 May 2019 00:15:22 GMT', 'kWhRequested': 3.75}]",000000562,2_39_88_24_2019-05-22 20:44:22.407170,2-39-88-24,CA-314,0002,0039,2019-05-22 13:44:22-07:00,2019-05-22 21:41:04-07:00,1.466,2019-05-22 14:14:35-07:00,America/Los_Angeles
5cfb01a5f9af8b1e6e67dacc,"[{'userID': 2290, 'milesRequested': 100, 'WhPerMile': 600, 'minutesAvailable': 237, 'modifiedAt': 'Wed, 22 May 2019 23:25:11 GMT', 'paymentRequired': True, 'requestedDeparture': 'Thu, 23 May 2019 03:15:47 GMT', 'kWhRequested': 60.0}, {'userID': 2290, 'milesRequested': 100, 'WhPerMile': 600, 'minutesAvailable': 237, 'modifiedAt': 'Thu, 23 May 2019 00:55:26 GMT', 'paymentRequired': True, 'requestedDeparture': 'Thu, 23 May 2019 03:15:47 GMT', 'kWhRequested': 60.0}]",000002290,2_39_79_377_2019-05-22 23:18:47.007587,2-39-79-377,CA-325,0002,0039,2019-05-22 16:18:47-07:00,2019-05-22 17:58:17-07:00,9.826,2019-05-22 17:59:16-07:00,America/Los_Angeles
5cfb01a5f9af8b1e6e67dacd,,,2_39_79_377_2019-05-23 00:58:25.099254,2-39-79-377,CA-325,0002,0039,2019-05-22 17:58:25-07:00,2019-05-22 18:27:07-07:00,0.777,2019-05-22 18:27:02-07:00,America/Los_Angeles
5cfb01a5f9af8b1e6e67dace,"[{'userID': 1564, 'milesRequested': 20, 'WhPerMile': 300, 'minutesAvailable': 126, 'modifiedAt': 'Thu, 23 May 2019 01:36:23 GMT', 'paymentRequired': True, 'requestedDeparture': 'Thu, 23 May 2019 03:41:36 GMT', 'kWhRequested': 6.0}]",000001564,2_39_139_28_2019-05-23 01:35:36.407581,2-39-139-28,CA-303,0002,0039,2019-05-22 18:35:36-07:00,2019-05-22 21:02:00-07:00,5.472,2019-05-22 20:10:18-07:00,America/Los_Angeles
5cfb01a5f9af8b1e6e67dacf,,,2_39_138_29_2019-05-23 03:04:33.892425,2-39-138-29,CA-304,0002,0039,2019-05-22 20:04:34-07:00,2019-05-22 21:32:39-07:00,0.887,2019-05-22 20:35:14-07:00,America/Los_Angeles
5cfb01a5f9af8b1e6e67dad0,"[{'userID': 1202, 'milesRequested': 40, 'WhPerMile': 375, 'minutesAvailable': 68, 'modifiedAt': 'Thu, 23 May 2019 04:16:18 GMT', 'paymentRequired': True, 'requestedDeparture': 'Thu, 23 May 2019 05:23:43 GMT', 'kWhRequested': 15.0}]",000001202,2_39_131_30_2019-05-23 04:15:43.425460,2-39-131-30,CA-305,0002,0039,2019-05-22 21:15:43-07:00,2019-05-22 22:32:54-07:00,4.17,2019-05-22 22:32:49-07:00,America/Los_Angeles
5cfb01a5f9af8b1e6e67dad1,,,2_39_79_379_2019-05-23 06:29:36.035060,2-39-79-379,CA-327,0002,0039,2019-05-22 23:29:36-07:00,2019-05-22 23:57:19-07:00,0.807,2019-05-22 23:57:14-07:00,America/Los_Angeles
5cfc532bf9af8b22aca6b28f,"[{'userID': 569, 'milesRequested': 50, 'WhPerMile': 300, 'minutesAvailable': 232, 'modifiedAt': 'Thu, 23 May 2019 14:24:45 GMT', 'paymentRequired': True, 'requestedDeparture': 'Thu, 23 May 2019 18:16:19 GMT', 'kWhRequested': 15.0}]",000000569,2_39_78_366_2019-05-23 14:24:19.406776,2-39-78-366,CA-323,0002,0039,2019-05-23 07:24:19-07:00,2019-05-23 07:31:02-07:00,0.699,2019-05-23 07:30:59-07:00,America/Los_Angeles
5cfc532bf9af8b22aca6b290,,,2_39_78_366_2019-05-23 14:48:29.902133,2-39-78-366,CA-323,0002,0039,2019-05-23 07:48:30-07:00,2019-05-23 16:47:19-07:00,0.859,2019-05-23 11:57:36-07:00,America/Los_Angeles
5cfc532bf9af8b22aca6b291,,,2_39_124_558_2019-05-23 15:02:36.659581,2-39-124-558,CA-504,0002,0039,2019-05-23 08:02:37-07:00,2019-05-23 18:54:05-07:00,1.015,2019-05-23 18:32:47-07:00,America/Los_Angeles
5cfc532bf9af8b22aca6b292,"[{'userID': 1126, 'milesRequested': 80, 'WhPerMile': 250, 'minutesAvailable': 418, 'modifiedAt': 'Thu, 23 May 2019 15:05:05 GMT', 'paymentRequired': True, 'requestedDeparture': 'Thu, 23 May 2019 22:02:54 GMT', 'kWhRequested': 20.0}]",000001126,2_39_79_379_2019-05-23 15:04:54.263543,2-39-79-379,CA-327,0002,0039,2019-05-23 08:04:54-07:00,2019-05-23 16:52:30-07:00,1.104,2019-05-23 08:25:43-07:00,America/Los_Angeles
5cfc532bf9af8b22aca6b293,"[{'userID': 2461, 'milesRequested': 20, 'WhPerMile': 400, 'minutesAvailable': 233, 'modifiedAt': 'Thu, 23 May 2019 15:11:48 GMT', 'paymentRequired': True, 'requestedDeparture': 'Thu, 23 May 2019 19:04:49 GMT', 'kWhRequested': 8.0}]",000002461,2_39_95_27_2019-05-23 15:11:29.192804,2-39-95-27,CA-319,0002,0039,2019-05-23 08:11:49-07:00,2019-05-23 17:23:30-07:00,4.747,2019-05-23 09:02:06-07:00,America/Los_Angeles
5cfc532bf9af8b22aca6b294,,,2_39_139_28_2019-05-23 15:18:52.656229,2-39-139-28,CA-303,0002,0039,2019-05-23 08:18:53-07:00,2019-05-23 12:05:52-07:00,0.892,2019-05-23 12:06:50-07:00,America/Los_Angeles
5cfc532bf9af8b22aca6b295,"[{'userID': 743, 'milesRequested': 20, 'WhPerMile': 400, 'minutesAvailable': 487, 'modifiedAt': 'Thu, 23 May 2019 15:21:01 GMT', 'paymentRequired': True, 'requestedDeparture': 'Thu, 23 May 2019 23:27:29 GMT', 'kWhRequested': 8.0}]",000000743,2_39_89_25_2019-05-23 15:20:29.489892,2-39-89-25,CA-315,0002,0039,2019-05-23 08:20:29-07:00,2019-05-23 18:43:27-07:00,5.275,2019-05-23 10:02:40-07:00,America/Los_Angeles
5cfc532bf9af8b22aca6b296,"[{'userID': 1524, 'milesRequested': 30, 'WhPerMile': 400, 'minutesAvailable': 353, 'modifiedAt': 'Thu, 23 May 2019 15:34:00 GMT', 'paymentRequired': True, 'requestedDeparture': 'Thu, 23 May 2019 21:23:04 GMT', 'kWhRequested': 12.0}, {'userID': 1524, 'milesRequested': 30, 'WhPerMile': 400, 'minutesAvailable': 150, 'modifiedAt': 'Thu, 23 May 2019 16:52:42 GMT', 'paymentRequired': True, 'requestedDeparture': 'Thu, 23 May 2019 18:00:04 GMT', 'kWhRequested': 12.0}]",000001524,2_39_78_364_2019-05-23 15:30:03.989162,2-39-78-364,CA-495,0002,0039,2019-05-23 08:30:04-07:00,2019-05-23 10:53:17-07:00,8.28,2019-05-23 10:53:13-07:00,America/Los_Angeles
5cfc532bf9af8b22aca6b297,"[{'userID': 1470, 'milesRequested': 60, 'WhPerMile': 292, 'minutesAvailable': 232, 'modifiedAt': 'Thu, 23 May 2019 15:36:34 GMT', 'paymentRequired': True, 'requestedDeparture': 'Thu, 23 May 2019 19:28:15 GMT', 'kWhRequested': 17.52}]",000001470,2_39_79_377_2019-05-23 15:36:15.498781,2-39-79-377,CA-325,0002,0039,2019-05-23 08:36:15-07:00,2019-05-23 15:32:16-07:00,10.299,2019-05-23 10:22:23-07:00,America/Los_Angeles
5cfc532bf9af8b22aca6b298,"[{'userID': 562, 'milesRequested': 20, 'WhPerMile': 375, 'minutesAvailable': 211, 'modifiedAt': 'Thu, 23 May 2019 15:46:31 GMT', 'paymentRequired': True, 'requestedDeparture': 'Thu, 23 May 2019 19:17:00 GMT', 'kWhRequested': 7.5}]",000000562,2_39_131_30_2019-05-23 15:46:00.336294,2-39-131-30,CA-305,0002,0039,2019-05-23 08:46:00-07:00,2019-05-23 19:28:13-07:00,4.583,2019-05-23 10:12:02-07:00,America/Los_Angeles
5cfc532bf9af8b22aca6b299,,,2_39_78_361_2019-05-23 15:52:17.511259,2-39-78-361,CA-493,0002,0039,2019-05-23 08:52:18-07:00,2019-05-23 14:34:00-07:00,0.717,2019-05-23 14:33:33-07:00,America/Los_Angeles
5cfc532bf9af8b22aca6b29a,"[{'userID': 712, 'milesRequested': 50, 'WhPerMile': 600, 'minutesAvailable': 365, 'modifiedAt': 'Thu, 23 May 2019 15:56:11 GMT', 'paymentRequired': True, 'requestedDeparture': 'Thu, 23 May 2019 22:01:04 GMT', 'kWhRequested': 30.0}]",000000712,2_39_129_17_2019-05-23 15:56:03.604498,2-39-129-17,CA-307,0002,0039,2019-05-23 08:56:04-07:00,2019-05-23 17:26:39-07:00,15.715,2019-05-23 13:21:04-07:00,America/Los_Angeles
5cfc532bf9af8b22aca6b29b,"[{'userID': 558, 'milesRequested': 70, 'WhPerMile': 200, 'minutesAvailable': 120, 'modifiedAt': 'Thu, 23 May 2019 16:13:11 GMT', 'paymentRequired': True, 'requestedDeparture': 'Thu, 23 May 2019 18:13:10 GMT', 'kWhRequested': 14.0}]",000000558,2_39_90_26_2019-05-23 16:13:09.550787,2-39-90-26,CA-316,0002,0039,2019-05-23 09:13:10-07:00,2019-05-23 19:09:22-07:00,11.757,2019-05-23 11:05:11-07:00,America/Los_Angeles
5cfc532bf9af8b22aca6b29c,"[{'userID': 579, 'milesRequested': 80, 'WhPerMile': 525, 'minutesAvailable': 447, 'modifiedAt': 'Thu, 23 May 2019 16:14:33 GMT', 'paymentRequired': True, 'requestedDeparture': 'Thu, 23 May 2019 23:40:19 GMT', 'kWhRequested': 42.0}]",000000579,2_39_79_376_2019-05-23 16:13:19.314484,2-39-79-376,CA-324,0002,0039,2019-05-23 09:13:19-07:00,2019-05-23 17:50:01-07:00,19.963,2019-05-23 14:53:00-07:00,America/Los_Angeles
5cfc532bf9af8b22aca6b29d,"[{'userID': 714, 'milesRequested': 90, 'WhPerMile': 200, 'minutesAvailable': 364, 'modifiedAt': 'Thu, 23 May 2019 16:17:24 GMT', 'paymentRequired': True, 'requestedDeparture': 'Thu, 23 May 2019 22:20:58 GMT', 'kWhRequested': 18.0}]",000000714,2_39_79_382_2019-05-23 16:16:58.316615,2-39-79-382,CA-491,0002,0039,2019-05-23 09:16:58-07:00,2019-05-23 18:34:47-07:00,7.986,2019-05-23 12:22:30-07:00,America/Los_Angeles
5cfc532bf9af8b22aca6b29e,,,2_39_138_29_2019-05-23 16:18:45.048941,2-39-138-29,CA-304,0002,0039,2019-05-23 09:18:45-07:00,2019-05-28 08:13:05-07:00,1.084,2019-05-26 13:53:17-07:00,America/Los_Angeles
5cfc532bf9af8b22aca6b29f,"[{'userID': 1104, 'milesRequested': 120, 'WhPerMile': 250, 'minutesAvailable': 383, 'modifiedAt': 'Thu, 23 May 2019 16:29:35 GMT', 'paymentRequired': True, 'requestedDeparture': 'Thu, 23 May 2019 22:51:38 GMT', 'kWhRequested': 30.0}]",000001104,2_39_79_380_2019-05-23 16:28:38.027363,2-39-79-380,CA-489,0002,0039,2019-05-23 09:28:38-07:00,2019-05-23 18:04:44-07:00,21.608,2019-05-23 14:27:28-07:00,America/Los_Angeles
5cfc532bf9af8b22aca6b2a0,"[{'userID': 1912, 'milesRequested': 40, 'WhPerMile': 400, 'minutesAvailable': 405, 'modifiedAt': 'Thu, 23 May 2019 16:34:42 GMT', 'paymentRequired': True, 'requestedDeparture': 'Thu, 23 May 2019 23:19:28 GMT', 'kWhRequested': 16.0}]",000001912,2_39_127_19_2019-05-23 16:34:27.798269,2-39-127-19,CA-309,0002,0039,2019-05-23 09:34:28-07:00,2019-05-23 16:04:29-07:00,13.898,2019-05-23 11:43:50-07:00,America/Los_Angeles
5cfc532bf9af8b22aca6b2a1,"[{'userID': 1095, 'milesRequested': 30, 'WhPerMile': 469, 'minutesAvailable': 447, 'modifiedAt': 'Thu, 23 May 2019 17:09:22 GMT', 'paymentRequired': True, 'requestedDeparture': 'Fri, 24 May 2019 00:36:08 GMT', 'kWhRequested': 14.07}]",000001095,2_39_95_444_2019-05-23 17:09:08.001476,2-39-95-444,CA-497,0002,0039,2019-05-23 10:09:08-07:00,2019-05-23 17:42:07-07:00,12.219,2019-05-23 12:08:08-07:00,America/Los_Angeles
5cfc532bf9af8b22aca6b2a2,"[{'userID': 668, 'milesRequested': 30, 'WhPerMile': 400, 'minutesAvailable': 233, 'modifiedAt': 'Thu, 23 May 2019 17:33:34 GMT', 'paymentRequired': True, 'requestedDeparture': 'Thu, 23 May 2019 21:26:26 GMT', 'kWhRequested': 12.0}]",000000668,2_39_123_23_2019-05-23 17:33:25.610476,2-39-123-23,CA-313,0002,0039,2019-05-23 10:33:26-07:00,2019-05-23 17:01:24-07:00,10.024,2019-05-23 12:05:57-07:00,America/Los_Angeles
5cfc532bf9af8b22aca6b2a3,,,2_39_91_437_2019-05-23 17:34:30.645103,2-39-91-437,CA-317,0002,0039,2019-05-23 10:34:31-07:00,2019-05-24 01:35:02-07:00,0.762,2019-05-23 11:05:10-07:00,America/Los_Angeles
5cfc532bf9af8b22aca6b2a4,"[{'userID': 891, 'milesRequested': 20, 'WhPerMile': 300, 'minutesAvailable': 310, 'modifiedAt': 'Thu, 23 May 2019 17:36:21 GMT', 'paymentRequired': True, 'requestedDeparture': 'Thu, 23 May 2019 22:46:10 GMT', 'kWhRequested': 6.0}]",000000891,2_39_126_20_2019-05-23 17:36:10.196176,2-39-126-20,CA-310,0002,0039,2019-05-23 10:36:10-07:00,2019-05-23 17:30:00-07:00,4.137,2019-05-23 11:59:37-07:00,America/Los_Angeles
5cfc532bf9af8b22aca6b2a5,"[{'userID': 2170, 'milesRequested': 10, 'WhPerMile': 600, 'minutesAvailable': 191, 'modifiedAt': 'Thu, 23 May 2019 17:41:49 GMT', 'paymentRequired': True, 'requestedDeparture': 'Thu, 23 May 2019 20:52:40 GMT', 'kWhRequested': 6.0}]",000002170,2_39_78_365_2019-05-23 17:41:39.792886,2-39-78-365,CA-321,0002,0039,2019-05-23 10:41:40-07:00,2019-05-23 19:11:48-07:00,3.918,2019-05-23 17:13:08-07:00,America/Los_Angeles
5cfc532bf9af8b22aca6b2a6,"[{'userID': 324, 'milesRequested': 20, 'WhPerMile': 600, 'minutesAvailable': 80, 'modifiedAt': 'Thu, 23 May 2019 17:42:53 GMT', 'paymentRequired': True, 'requestedDeparture': 'Thu, 23 May 2019 19:02:01 GMT', 'kWhRequested': 12.0}]",000000324,2_39_78_363_2019-05-23 17:42:00.511775,2-39-78-363,CA-320,0002,0039,2019-05-23 10:42:01-07:00,2019-05-23 20:02:23-07:00,1.636,2019-05-23 11:32:51-07:00,America/Los_Angeles
5cfc532bf9af8b22aca6b2a7,"[{'userID': 1137, 'milesRequested': 40, 'WhPerMile': 400, 'minutesAvailable': 279, 'modifiedAt': 'Thu, 23 May 2019 18:20:53 GMT', 'paymentRequired': True, 'requestedDeparture': 'Thu, 23 May 2019 22:59:12 GMT', 'kWhRequested': 16.0}]",000001137,2_39_78_360_2019-05-23 18:20:11.964485,2-39-78-360,CA-322,0002,0039,2019-05-23 11:20:12-07:00,2019-05-23 16:38:32-07:00,11.484,2019-05-23 14:05:42-07:00,America/Los_Angeles
5cfc532bf9af8b22aca6b2a8,"[{'userID': 1082, 'milesRequested': 40, 'WhPerMile': 400, 'minutesAvailable': 291, 'modifiedAt': 'Thu, 23 May 2019 18:56:19 GMT', 'paymentRequired': True, 'requestedDeparture': 'Thu, 23 May 2019 23:46:04 GMT', 'kWhRequested': 16.0}]",000001082,2_39_124_22_2019-05-23 18:55:04.212310,2-39-124-22,CA-312,0002,0039,2019-05-23 11:55:04-07:00,2019-05-24 00:03:47-07:00,1.861,2019-05-23 12:51:17-07:00,America/Los_Angeles
5cfc532bf9af8b22aca6b2a9,,,2_39_139_28_2019-05-23 19:06:03.431899,2-39-139-28,CA-303,0002,0039,2019-05-23 12:06:03-07:00,2019-05-23 13:20:09-07:00,0.901,2019-05-23 13:21:07-07:00,America/Los_Angeles
5cfc532bf9af8b22aca6b2aa,"[{'userID': 2563, 'milesRequested': 60, 'WhPerMile': 400, 'minutesAvailable': 542, 'modifiedAt': 'Thu, 23 May 2019 19:18:52 GMT', 'paymentRequired': True, 'requestedDeparture': 'Fri, 24 May 2019 04:14:49 GMT', 'kWhRequested': 24.0}]",000002563,2_39_88_24_2019-05-23 19:12:48.812664,2-39-88-24,CA-314,0002,0039,2019-05-23 12:12:49-07:00,2019-05-24 01:14:07-07:00,16.222,2019-05-23 16:48:27-07:00,America/Los_Angeles
5cfc532bf9af8b22aca6b2ab,"[{'userID': 559, 'milesRequested': 50, 'WhPerMile': 313, 'minutesAvailable': 300, 'modifiedAt': 'Thu, 23 May 2019 19:14:38 GMT', 'paymentRequired': True, 'requestedDeparture': 'Fri, 24 May 2019 00:14:32 GMT', 'kWhRequested': 15.65}]",000000559,2_39_79_383_2019-05-23 19:14:31.638715,2-39-79-383,CA-492,0002,0039,2019-05-23 12:14:32-07:00,2019-05-23 17:13:45-07:00,13.842,2019-05-23 17:06:15-07:00,America/Los_Angeles
5cfc532bf9af8b22aca6b2ac,"[{'userID': 1124, 'milesRequested': 20, 'WhPerMile': 450, 'minutesAvailable': 60, 'modifiedAt': 'Thu, 23 May 2019 19:32:51 GMT', 'paymentRequired': True, 'requestedDeparture': 'Thu, 23 May 2019 20:32:29 GMT', 'kWhRequested': 9.0}]",000001124,2_39_78_367_2019-05-23 19:32:29.474376,2-39-78-367,CA-494,0002,0039,2019-05-23 12:32:29-07:00,2019-05-23 18:50:47-07:00,6.574,2019-05-23 14:34:38-07:00,America/Los_Angeles
5cfc532bf9af8b22aca6b2ad,"[{'userID': 560, 'milesRequested': 90, 'WhPerMile': 273, 'minutesAvailable': 312, 'modifiedAt': 'Thu, 23 May 2019 19:44:55 GMT', 'paymentRequired': True, 'requestedDeparture': 'Fri, 24 May 2019 00:56:52 GMT', 'kWhRequested': 24.57}, {'userID': 560, 'milesRequested': 90, 'WhPerMile': 273, 'minutesAvailable': 249, 'modifiedAt': 'Thu, 23 May 2019 19:45:02 GMT', 'paymentRequired': True, 'requestedDeparture': 'Thu, 23 May 2019 23:53:52 GMT', 'kWhRequested': 24.57}]",000000560,2_39_130_31_2019-05-23 19:44:52.390374,2-39-130-31,CA-306,0002,0039,2019-05-23 12:44:52-07:00,2019-05-23 16:55:15-07:00,17.746,2019-05-23 16:15:10-07:00,America/Los_Angeles
5cfc532bf9af8b22aca6b2ae,"[{'userID': 567, 'milesRequested': 20, 'WhPerMile': 333, 'minutesAvailable': 425, 'modifiedAt': 'Thu, 23 May 2019 19:56:35 GMT', 'paymentRequired': True, 'requestedDeparture': 'Fri, 24 May 2019 03:01:30 GMT', 'kWhRequested': 6.66}]",000000567,2_39_90_440_2019-05-23 19:56:29.914102,2-39-90-440,CA-500,0002,0039,2019-05-23 12:56:30-07:00,2019-05-23 18:26:20-07:00,6.07,2019-05-23 14:48:24-07:00,America/Los_Angeles
5cfc532bf9af8b22aca6b2af,,,2_39_139_28_2019-05-23 20:20:32.192160,2-39-139-28,CA-303,0002,0039,2019-05-23 13:20:32-07:00,2019-05-23 13:58:42-07:00,0.8686272222222221,2019-05-23 13:59:09-07:00,America/Los_Angeles
5cfc532bf9af8b22aca6b2b0,,,2_39_78_364_2019-05-23 20:32:37.741418,2-39-78-364,CA-495,0002,0039,2019-05-23 13:32:38-07:00,2019-05-23 17:06:27-07:00,0.878,2019-05-23 16:18:10-07:00,America/Los_Angeles
5cfc532bf9af8b22aca6b2b1,,,2_39_89_439_2019-05-23 20:32:49.087344,2-39-89-439,CA-501,0002,0039,2019-05-23 13:32:49-07:00,2019-05-23 15:52:19-07:00,0.916,2019-05-23 15:39:26-07:00,America/Los_Angeles
5cfc532bf9af8b22aca6b2b2,"[{'userID': 2238, 'milesRequested': 60, 'WhPerMile': 400, 'minutesAvailable': 200, 'modifiedAt': 'Thu, 23 May 2019 20:52:31 GMT', 'paymentRequired': True, 'requestedDeparture': 'Fri, 24 May 2019 00:12:29 GMT', 'kWhRequested': 24.0}, {'userID': 2238, 'milesRequested': 60, 'WhPerMile': 400, 'minutesAvailable': 200, 'modifiedAt': 'Thu, 23 May 2019 21:00:44 GMT', 'paymentRequired': True, 'requestedDeparture': 'Fri, 24 May 2019 00:12:29 GMT', 'kWhRequested': 24.0}, {'userID': 2238, 'milesRequested': 60, 'WhPerMile': 400, 'minutesAvailable': 140, 'modifiedAt': 'Thu, 23 May 2019 21:01:31 GMT', 'paymentRequired': True, 'requestedDeparture': 'Thu, 23 May 2019 23:12:29 GMT', 'kWhRequested': 24.0}]",000002238,2_39_78_362_2019-05-23 20:52:28.806392,2-39-78-362,CA-496,0002,0039,2019-05-23 13:52:29-07:00,2019-05-23 16:09:27-07:00,14.533,2019-05-23 16:10:25-07:00,America/Los_Angeles
5cfc532bf9af8b22aca6b2b3,,,2_39_78_361_2019-05-23 21:51:26.906182,2-39-78-361,CA-493,0002,0039,2019-05-23 14:51:27-07:00,2019-05-23 19:02:47-07:00,0.734,2019-05-23 18:31:42-07:00,America/Los_Angeles
5cfc532bf9af8b22aca6b2b4,"[{'userID': 1161, 'milesRequested': 40, 'WhPerMile': 400, 'minutesAvailable': 101, 'modifiedAt': 'Thu, 23 May 2019 22:45:37 GMT', 'paymentRequired': True, 'requestedDeparture': 'Fri, 24 May 2019 00:26:38 GMT', 'kWhRequested': 16.0}]",000001161,2_39_139_28_2019-05-23 22:45:36.757414,2-39-139-28,CA-303,0002,0039,2019-05-23 15:45:38-07:00,2019-05-23 16:49:55-07:00,3.418,2019-05-23 16:49:47-07:00,America/Los_Angeles
5cfc532bf9af8b22aca6b2b5,"[{'userID': 2557, 'milesRequested': 20, 'WhPerMile': 333, 'minutesAvailable': 90, 'modifiedAt': 'Thu, 23 May 2019 23:46:04 GMT', 'paymentRequired': True, 'requestedDeparture': 'Fri, 24 May 2019 01:05:48 GMT', 'kWhRequested': 6.66}]",000002557,2_39_127_19_2019-05-23 23:35:48.122959,2-39-127-19,CA-309,0002,0039,2019-05-23 16:35:48-07:00,2019-05-23 18:38:57-07:00,6.188,2019-05-23 18:38:53-07:00,America/Los_Angeles
5cfc532bf9af8b22aca6b2b6,"[{'userID': 1133, 'milesRequested': 20, 'WhPerMile': 400, 'minutesAvailable': 60, 'modifiedAt': 'Fri, 24 May 2019 00:28:34 GMT', 'paymentRequired': True, 'requestedDeparture': 'Fri, 24 May 2019 01:28:01 GMT', 'kWhRequested': 8.0}]",000001133,2_39_130_31_2019-05-24 00:28:01.028040,2-39-130-31,CA-306,0002,0039,2019-05-23 17:28:01-07:00,2019-05-23 19:41:33-07:00,7.884,2019-05-23 18:43:32-07:00,America/Los_Angeles
5cfc532bf9af8b22aca6b2b7,"[{'userID': 1746, 'milesRequested': 60, 'WhPerMile': 600, 'minutesAvailable': 66, 'modifiedAt': 'Fri, 24 May 2019 00:54:16 GMT', 'paymentRequired': True, 'requestedDeparture': 'Fri, 24 May 2019 01:57:38 GMT', 'kWhRequested': 36.0}, {'userID': 1746, 'milesRequested': 60, 'WhPerMile': 600, 'minutesAvailable': 66, 'modifiedAt': 'Fri, 24 May 2019 04:42:44 GMT', 'paymentRequired': True, 'requestedDeparture': 'Fri, 24 May 2019 01:57:38 GMT', 'kWhRequested': 36.0}]",000001746,2_39_78_362_2019-05-24 00:51:38.507040,2-39-78-362,CA-496,0002,0039,2019-05-23 17:51:38-07:00,2019-05-23 21:43:06-07:00,5.679,2019-05-23 21:44:06-07:00,America/Los_Angeles
5cfc532bf9af8b22aca6b2b8,"[{'userID': 560, 'milesRequested': 20, 'WhPerMile': 273, 'minutesAvailable': 249, 'modifiedAt': 'Fri, 24 May 2019 01:02:49 GMT', 'paymentRequired': True, 'requestedDeparture': 'Fri, 24 May 2019 05:11:16 GMT', 'kWhRequested': 5.46}]",000000560,2_39_125_21_2019-05-24 01:02:16.328999,2-39-125-21,CA-311,0002,0039,2019-05-23 18:02:16-07:00,2019-05-23 22:13:53-07:00,3.231,2019-05-23 19:20:25-07:00,America/Los_Angeles
5cfc532bf9af8b22aca6b2b9,"[{'userID': 2404, 'milesRequested': 20, 'WhPerMile': 250, 'minutesAvailable': 60, 'modifiedAt': 'Fri, 24 May 2019 01:13:06 GMT', 'paymentRequired': True, 'requestedDeparture': 'Fri, 24 May 2019 02:13:00 GMT', 'kWhRequested': 5.0}]",000002404,2_39_139_28_2019-05-24 01:12:59.981601,2-39-139-28,CA-303,0002,0039,2019-05-23 18:13:00-07:00,2019-05-23 21:08:30-07:00,4.892,2019-05-23 19:43:58-07:00,America/Los_Angeles
5cfc532bf9af8b22aca6b2ba,,,2_39_129_17_2019-05-24 01:40:04.615587,2-39-129-17,CA-307,0002,0039,2019-05-23 18:40:05-07:00,2019-05-23 19:03:55-07:00,0.686,2019-05-23 19:03:51-07:00,America/Los_Angeles
5cfc532bf9af8b22aca6b2bb,"[{'userID': 675, 'milesRequested': 20, 'WhPerMile': 399, 'minutesAvailable': 104, 'modifiedAt': 'Fri, 24 May 2019 01:52:33 GMT', 'paymentRequired': True, 'requestedDeparture': 'Fri, 24 May 2019 03:35:30 GMT', 'kWhRequested': 7.98}, {'userID': 675, 'milesRequested': 50, 'WhPerMile': 399, 'minutesAvailable': 104, 'modifiedAt': 'Fri, 24 May 2019 01:52:47 GMT', 'paymentRequired': True, 'requestedDeparture': 'Fri, 24 May 2019 03:35:30 GMT', 'kWhRequested': 19.95}]",000000675,2_39_127_19_2019-05-24 01:51:29.723054,2-39-127-19,CA-309,0002,0039,2019-05-23 18:51:30-07:00,2019-05-23 20:39:09-07:00,7.651,2019-05-23 20:14:42-07:00,America/Los_Angeles
5cfda49df9af8b26b1f05587,"[{'userID': 743, 'milesRequested': 20, 'WhPerMile': 400, 'minutesAvailable': 70, 'modifiedAt': 'Fri, 24 May 2019 13:24:14 GMT', 'paymentRequired': True, 'requestedDeparture': 'Fri, 24 May 2019 14:33:46 GMT', 'kWhRequested': 8.0}]",000000743,2_39_89_25_2019-05-24 13:23:46.216987,2-39-89-25,CA-315,0002,0039,2019-05-24 06:23:46-07:00,2019-05-24 07:25:54-07:00,3.403,2019-05-24 07:25:46-07:00,America/Los_Angeles
5cfda49df9af8b26b1f05588,"[{'userID': 560, 'milesRequested': 70, 'WhPerMile': 273, 'minutesAvailable': 249, 'modifiedAt': 'Fri, 24 May 2019 13:31:50 GMT', 'paymentRequired': True, 'requestedDeparture': 'Fri, 24 May 2019 17:40:28 GMT', 'kWhRequested': 19.11}]",000000560,2_39_125_21_2019-05-24 13:31:28.010296,2-39-125-21,CA-311,0002,0039,2019-05-24 06:31:28-07:00,2019-05-24 12:32:22-07:00,18.982,2019-05-24 10:09:31-07:00,America/Los_Angeles
5cfda49df9af8b26b1f05589,"[{'userID': 569, 'milesRequested': 70, 'WhPerMile': 300, 'minutesAvailable': 414, 'modifiedAt': 'Fri, 24 May 2019 14:43:56 GMT', 'paymentRequired': True, 'requestedDeparture': 'Fri, 24 May 2019 21:37:29 GMT', 'kWhRequested': 21.0}]",000000569,2_39_78_366_2019-05-24 14:43:29.444159,2-39-78-366,CA-323,0002,0039,2019-05-24 07:43:29-07:00,2019-05-24 17:03:25-07:00,20.895,2019-05-24 15:16:21-07:00,America/Los_Angeles
5cfda49df9af8b26b1f0558a,"[{'userID': 1564, 'milesRequested': 20, 'WhPerMile': 300, 'minutesAvailable': 126, 'modifiedAt': 'Fri, 24 May 2019 15:10:05 GMT', 'paymentRequired': True, 'requestedDeparture': 'Fri, 24 May 2019 17:15:38 GMT', 'kWhRequested': 6.0}, {'userID': 1564, 'milesRequested': 20, 'WhPerMile': 300, 'minutesAvailable': 126, 'modifiedAt': 'Fri, 24 May 2019 17:23:18 GMT', 'paymentRequired': True, 'requestedDeparture': 'Fri, 24 May 2019 17:15:38 GMT', 'kWhRequested': 6.0}]",000001564,2_39_131_30_2019-05-24 15:09:37.525706,2-39-131-30,CA-305,0002,0039,2019-05-24 08:09:38-07:00,2019-05-24 10:24:59-07:00,5.661,2019-05-24 09:50:26-07:00,America/Los_Angeles
5cfda49df9af8b26b1f0558b,"[{'userID': 2461, 'milesRequested': 20, 'WhPerMile': 400, 'minutesAvailable': 482, 'modifiedAt': 'Fri, 24 May 2019 15:11:15 GMT', 'paymentRequired': True, 'requestedDeparture': 'Fri, 24 May 2019 23:13:15 GMT', 'kWhRequested': 8.0}]",000002461,2_39_78_363_2019-05-24 15:10:59.486688,2-39-78-363,CA-320,0002,0039,2019-05-24 08:11:15-07:00,2019-05-24 16:07:36-07:00,5.426,2019-05-24 15:14:04-07:00,America/Los_Angeles
5cfda49df9af8b26b1f0558c,"[{'userID': 818, 'milesRequested': 120, 'WhPerMile': 250, 'minutesAvailable': 283, 'modifiedAt': 'Fri, 24 May 2019 15:25:26 GMT', 'paymentRequired': True, 'requestedDeparture': 'Fri, 24 May 2019 20:06:52 GMT', 'kWhRequested': 30.0}]",000000818,2_39_92_442_2019-05-24 15:23:51.831816,2-39-92-442,CA-498,0002,0039,2019-05-24 08:23:52-07:00,2019-05-24 17:17:10-07:00,25.814,2019-05-24 12:23:39-07:00,America/Los_Angeles
5cfda49df9af8b26b1f0558d,"[{'userID': 562, 'milesRequested': 20, 'WhPerMile': 375, 'minutesAvailable': 211, 'modifiedAt': 'Fri, 24 May 2019 15:28:27 GMT', 'paymentRequired': True, 'requestedDeparture': 'Fri, 24 May 2019 18:59:04 GMT', 'kWhRequested': 7.5}]",000000562,2_39_139_28_2019-05-24 15:28:03.555070,2-39-139-28,CA-303,0002,0039,2019-05-24 08:28:04-07:00,2019-05-24 18:41:30-07:00,4.86,2019-05-24 09:59:52-07:00,America/Los_Angeles
5cfda49df9af8b26b1f0558e,"[{'userID': 1534, 'milesRequested': 60, 'WhPerMile': 250, 'minutesAvailable': 503, 'modifiedAt': 'Fri, 24 May 2019 15:33:17 GMT', 'paymentRequired': True, 'requestedDeparture': 'Fri, 24 May 2019 23:54:24 GMT', 'kWhRequested': 15.0}]",000001534,2_39_124_558_2019-05-24 15:31:23.684115,2-39-124-558,CA-504,0002,0039,2019-05-24 08:31:24-07:00,2019-05-24 19:25:10-07:00,13.485,2019-05-24 12:36:49-07:00,America/Los_Angeles
5cfda49df9af8b26b1f0558f,"[{'userID': 1470, 'milesRequested': 60, 'WhPerMile': 292, 'minutesAvailable': 232, 'modifiedAt': 'Fri, 24 May 2019 15:35:48 GMT', 'paymentRequired': True, 'requestedDeparture': 'Fri, 24 May 2019 19:27:19 GMT', 'kWhRequested': 17.52}]",000001470,2_39_79_377_2019-05-24 15:35:18.969655,2-39-79-377,CA-325,0002,0039,2019-05-24 08:35:19-07:00,2019-05-24 16:48:33-07:00,12.465,2019-05-24 11:01:58-07:00,America/Los_Angeles
5cfda49df9af8b26b1f05590,"[{'userID': 620, 'milesRequested': 30, 'WhPerMile': 500, 'minutesAvailable': 496, 'modifiedAt': 'Fri, 24 May 2019 15:51:46 GMT', 'paymentRequired': True, 'requestedDeparture': 'Sat, 25 May 2019 00:07:16 GMT', 'kWhRequested': 15.0}]",000000620,2_39_130_31_2019-05-24 15:51:16.145378,2-39-130-31,CA-306,0002,0039,2019-05-24 08:51:16-07:00,2019-05-24 17:13:19-07:00,5.964,2019-05-24 10:53:01-07:00,America/Los_Angeles
5cfda49df9af8b26b1f05591,"[{'userID': 743, 'milesRequested': 20, 'WhPerMile': 400, 'minutesAvailable': 484, 'modifiedAt': 'Fri, 24 May 2019 15:53:55 GMT', 'paymentRequired': True, 'requestedDeparture': 'Fri, 24 May 2019 23:57:39 GMT', 'kWhRequested': 8.0}]",000000743,2_39_89_25_2019-05-24 15:53:39.123597,2-39-89-25,CA-315,0002,0039,2019-05-24 08:53:39-07:00,2019-05-24 19:16:13-07:00,5.272,2019-05-24 10:36:06-07:00,America/Los_Angeles
5cfda49df9af8b26b1f05592,,,2_39_88_438_2019-05-24 16:12:06.414103,2-39-88-438,CA-502,0002,0039,2019-05-24 09:12:06-07:00,2019-05-24 16:02:44-07:00,0.783,2019-05-24 13:37:15-07:00,America/Los_Angeles
5cfda49df9af8b26b1f05593,"[{'userID': 712, 'milesRequested': 20, 'WhPerMile': 600, 'minutesAvailable': 245, 'modifiedAt': 'Fri, 24 May 2019 16:20:12 GMT', 'paymentRequired': True, 'requestedDeparture': 'Fri, 24 May 2019 20:25:02 GMT', 'kWhRequested': 12.0}]",000000712,2_39_127_19_2019-05-24 16:20:02.103741,2-39-127-19,CA-309,0002,0039,2019-05-24 09:20:02-07:00,2019-05-24 16:20:18-07:00,4.241,2019-05-24 10:36:00-07:00,America/Los_Angeles
5cfda49df9af8b26b1f05594,,,2_39_78_365_2019-05-24 16:25:34.930928,2-39-78-365,CA-321,0002,0039,2019-05-24 09:25:35-07:00,2019-05-24 17:51:41-07:00,0.938,2019-05-24 16:20:27-07:00,America/Los_Angeles
5cfda49df9af8b26b1f05595,"[{'userID': 1222, 'milesRequested': 20, 'WhPerMile': 400, 'minutesAvailable': 72, 'modifiedAt': 'Fri, 24 May 2019 16:29:35 GMT', 'paymentRequired': True, 'requestedDeparture': 'Fri, 24 May 2019 17:41:26 GMT', 'kWhRequested': 8.0}]",000001222,2_39_91_437_2019-05-24 16:29:25.871680,2-39-91-437,CA-317,0002,0039,2019-05-24 09:29:26-07:00,2019-05-24 13:33:25-07:00,6.328,2019-05-24 11:34:04-07:00,America/Los_Angeles
5cfda49df9af8b26b1f05596,"[{'userID': 1208, 'milesRequested': 150, 'WhPerMile': 400, 'minutesAvailable': 436, 'modifiedAt': 'Fri, 24 May 2019 16:48:16 GMT', 'paymentRequired': True, 'requestedDeparture': 'Sat, 25 May 2019 00:02:55 GMT', 'kWhRequested': 60.0}]",000001208,2_39_79_381_2019-05-24 16:46:54.559329,2-39-79-381,CA-490,0002,0039,2019-05-24 09:46:55-07:00,2019-05-24 15:58:19-07:00,29.728,2019-05-24 15:58:14-07:00,America/Los_Angeles
5cfda49df9af8b26b1f05597,"[{'userID': 567, 'milesRequested': 20, 'WhPerMile': 333, 'minutesAvailable': 425, 'modifiedAt': 'Fri, 24 May 2019 16:49:58 GMT', 'paymentRequired': True, 'requestedDeparture': 'Fri, 24 May 2019 23:54:45 GMT', 'kWhRequested': 6.66}]",000000567,2_39_123_23_2019-05-24 16:49:45.125888,2-39-123-23,CA-313,0002,0039,2019-05-24 09:49:45-07:00,2019-05-24 19:41:59-07:00,5.727,2019-05-24 11:34:10-07:00,America/Los_Angeles
5cfda49df9af8b26b1f05598,"[{'userID': 714, 'milesRequested': 90, 'WhPerMile': 200, 'minutesAvailable': 364, 'modifiedAt': 'Fri, 24 May 2019 16:51:57 GMT', 'paymentRequired': True, 'requestedDeparture': 'Fri, 24 May 2019 22:55:29 GMT', 'kWhRequested': 18.0}]",000000714,2_39_79_376_2019-05-24 16:51:28.814761,2-39-79-376,CA-324,0002,0039,2019-05-24 09:51:29-07:00,2019-05-24 18:22:43-07:00,15.595,2019-05-24 12:20:17-07:00,America/Los_Angeles
5cfda49df9af8b26b1f05599,"[{'userID': 1095, 'milesRequested': 30, 'WhPerMile': 469, 'minutesAvailable': 447, 'modifiedAt': 'Fri, 24 May 2019 16:59:26 GMT', 'paymentRequired': True, 'requestedDeparture': 'Sat, 25 May 2019 00:26:22 GMT', 'kWhRequested': 14.07}, {'userID': 1095, 'milesRequested': 30, 'WhPerMile': 469, 'minutesAvailable': 447, 'modifiedAt': 'Fri, 24 May 2019 16:59:31 GMT', 'paymentRequired': True, 'requestedDeparture': 'Sat, 25 May 2019 00:26:22 GMT', 'kWhRequested': 14.07}]",000001095,2_39_91_441_2019-05-24 16:59:22.025629,2-39-91-441,CA-499,0002,0039,2019-05-24 09:59:22-07:00,2019-05-24 18:03:33-07:00,11.259,2019-05-24 11:52:16-07:00,America/Los_Angeles
5cfda49df9af8b26b1f0559a,"[{'userID': 1912, 'milesRequested': 40, 'WhPerMile': 400, 'minutesAvailable': 405, 'modifiedAt': 'Fri, 24 May 2019 17:05:07 GMT', 'paymentRequired': True, 'requestedDeparture': 'Fri, 24 May 2019 23:50:01 GMT', 'kWhRequested': 16.0}]",000001912,2_39_92_436_2019-05-24 17:05:01.440180,2-39-92-436,CA-318,0002,0039,2019-05-24 10:05:01-07:00,2019-05-24 16:13:45-07:00,14.042,2019-05-24 12:18:05-07:00,America/Los_Angeles
5cfda49df9af8b26b1f0559b,"[{'userID': 891, 'milesRequested': 20, 'WhPerMile': 300, 'minutesAvailable': 310, 'modifiedAt': 'Fri, 24 May 2019 18:43:12 GMT', 'paymentRequired': True, 'requestedDeparture': 'Fri, 24 May 2019 23:52:04 GMT', 'kWhRequested': 6.0}]",000000891,2_39_124_22_2019-05-24 18:42:03.983361,2-39-124-22,CA-312,0002,0039,2019-05-24 11:42:04-07:00,2019-05-24 15:38:19-07:00,2.197,2019-05-24 12:34:01-07:00,America/Los_Angeles
5cfda49df9af8b26b1f0559c,"[{'userID': 1124, 'milesRequested': 20, 'WhPerMile': 450, 'minutesAvailable': 30, 'modifiedAt': 'Fri, 24 May 2019 19:15:43 GMT', 'paymentRequired': True, 'requestedDeparture': 'Fri, 24 May 2019 19:45:12 GMT', 'kWhRequested': 9.0}]",000001124,2_39_95_27_2019-05-24 19:15:12.396217,2-39-95-27,CA-319,0002,0039,2019-05-24 12:15:12-07:00,2019-05-24 17:17:59-07:00,6.467,2019-05-24 14:13:33-07:00,America/Los_Angeles
5cfda49df9af8b26b1f0559d,,,2_39_79_380_2019-05-24 19:15:38.405896,2-39-79-380,CA-489,0002,0039,2019-05-24 12:15:38-07:00,2019-05-24 16:26:00-07:00,0.893,2019-05-24 12:46:14-07:00,America/Los_Angeles
5cfda49df9af8b26b1f0559e,"[{'userID': 1083, 'milesRequested': 20, 'WhPerMile': 400, 'minutesAvailable': 130, 'modifiedAt': 'Fri, 24 May 2019 19:38:57 GMT', 'paymentRequired': True, 'requestedDeparture': 'Fri, 24 May 2019 21:48:36 GMT', 'kWhRequested': 8.0}]",000001083,2_39_78_361_2019-05-24 19:38:36.344516,2-39-78-361,CA-493,0002,0039,2019-05-24 12:38:36-07:00,2019-05-24 15:29:21-07:00,5.795,2019-05-24 14:55:53-07:00,America/Los_Angeles
5cfda49df9af8b26b1f0559f,,,2_39_129_17_2019-05-24 19:51:23.690199,2-39-129-17,CA-307,0002,0039,2019-05-24 12:51:24-07:00,2019-05-25 02:05:11-07:00,0.916,2019-05-24 13:22:42-07:00,America/Los_Angeles
5cfda49df9af8b26b1f055a0,"[{'userID': 1366, 'milesRequested': 20, 'WhPerMile': 600, 'minutesAvailable': 493, 'modifiedAt': 'Fri, 24 May 2019 20:01:18 GMT', 'paymentRequired': True, 'requestedDeparture': 'Sat, 25 May 2019 04:09:43 GMT', 'kWhRequested': 12.0}]",000001366,2_39_90_26_2019-05-24 19:56:42.968188,2-39-90-26,CA-316,0002,0039,2019-05-24 12:56:43-07:00,2019-05-24 18:02:03-07:00,5.689,2019-05-24 14:49:21-07:00,America/Los_Angeles
5cfda49df9af8b26b1f055a1,"[{'userID': 560, 'milesRequested': 20, 'WhPerMile': 273, 'minutesAvailable': 180, 'modifiedAt': 'Fri, 24 May 2019 20:03:40 GMT', 'paymentRequired': True, 'requestedDeparture': 'Fri, 24 May 2019 23:03:07 GMT', 'kWhRequested': 5.46}]",000000560,2_39_125_21_2019-05-24 20:03:06.677096,2-39-125-21,CA-311,0002,0039,2019-05-24 13:03:07-07:00,2019-05-24 15:58:13-07:00,2.004,2019-05-24 14:04:31-07:00,America/Los_Angeles
5cfda49df9af8b26b1f055a2,"[{'userID': 2563, 'milesRequested': 60, 'WhPerMile': 400, 'minutesAvailable': 542, 'modifiedAt': 'Fri, 24 May 2019 20:55:47 GMT', 'paymentRequired': True, 'requestedDeparture': 'Sat, 25 May 2019 05:57:11 GMT', 'kWhRequested': 24.0}]",000002563,2_39_128_18_2019-05-24 20:55:11.394554,2-39-128-18,CA-308,0002,0039,2019-05-24 13:55:11-07:00,2019-05-24 22:04:02-07:00,4.698,2019-05-24 15:18:28-07:00,America/Los_Angeles
5cfda49df9af8b26b1f055a3,"[{'userID': 1864, 'milesRequested': 30, 'WhPerMile': 333, 'minutesAvailable': 120, 'modifiedAt': 'Sat, 25 May 2019 03:20:48 GMT', 'paymentRequired': True, 'requestedDeparture': 'Sat, 25 May 2019 05:20:40 GMT', 'kWhRequested': 9.99}]",000001864,2_39_83_386_2019-05-25 03:20:40.071826,2-39-83-386,CA-212,0002,0039,2019-05-24 20:20:40-07:00,2019-05-24 22:30:03-07:00,5.694,2019-05-24 22:09:21-07:00,America/Los_Angeles
5cfda49df9af8b26b1f055a4,"[{'userID': 1202, 'milesRequested': 40, 'WhPerMile': 375, 'minutesAvailable': 68, 'modifiedAt': 'Sat, 25 May 2019 06:08:16 GMT', 'paymentRequired': True, 'requestedDeparture': 'Sat, 25 May 2019 07:15:31 GMT', 'kWhRequested': 15.0}]",000001202,2_39_127_19_2019-05-25 06:07:31.077102,2-39-127-19,CA-309,0002,0039,2019-05-24 23:07:31-07:00,2019-05-25 12:08:28-07:00,11.504,2019-05-25 02:44:07-07:00,America/Los_Angeles
5cfef610f9af8b2ac3736254,"[{'userID': 1007, 'milesRequested': 20, 'WhPerMile': 400, 'minutesAvailable': 162, 'modifiedAt': 'Sat, 25 May 2019 16:35:14 GMT', 'paymentRequired': True, 'requestedDeparture': 'Sat, 25 May 2019 19:16:20 GMT', 'kWhRequested': 8.0}, {'userID': 1007, 'milesRequested': 40, 'WhPerMile': 400, 'minutesAvailable': 172, 'modifiedAt': 'Sat, 25 May 2019 16:36:04 GMT', 'paymentRequired': True, 'requestedDeparture': 'Sat, 25 May 2019 19:26:20 GMT', 'kWhRequested': 16.0}, {'userID': 1007, 'milesRequested': 40, 'WhPerMile': 400, 'minutesAvailable': 193, 'modifiedAt': 'Sat, 25 May 2019 16:36:38 GMT', 'paymentRequired': True, 'requestedDeparture': 'Sat, 25 May 2019 19:47:20 GMT', 'kWhRequested': 16.0}, {'userID': 1007, 'milesRequested': 40, 'WhPerMile': 400, 'minutesAvailable': 193, 'modifiedAt': 'Sat, 25 May 2019 17:56:04 GMT', 'paymentRequired': True, 'requestedDeparture': 'Sat, 25 May 2019 19:47:20 GMT', 'kWhRequested': 16.0}]",000001007,2_39_79_378_2019-05-25 16:34:19.551439,2-39-79-378,CA-326,0002,0039,2019-05-25 09:34:20-07:00,2019-05-25 10:56:14-07:00,4.56,2019-05-25 10:56:05-07:00,America/Los_Angeles
5cfef610f9af8b2ac3736255,"[{'userID': 891, 'milesRequested': 20, 'WhPerMile': 300, 'minutesAvailable': 310, 'modifiedAt': 'Sat, 25 May 2019 17:23:16 GMT', 'paymentRequired': True, 'requestedDeparture': 'Sat, 25 May 2019 22:32:58 GMT', 'kWhRequested': 6.0}]",000000891,2_39_129_17_2019-05-25 17:22:57.599111,2-39-129-17,CA-307,0002,0039,2019-05-25 10:22:58-07:00,2019-05-25 12:13:22-07:00,2.011,2019-05-25 11:07:56-07:00,America/Los_Angeles
5cfef610f9af8b2ac3736256,"[{'userID': 248, 'milesRequested': 60, 'WhPerMile': 250, 'minutesAvailable': 137, 'modifiedAt': 'Sat, 25 May 2019 18:05:06 GMT', 'paymentRequired': True, 'requestedDeparture': 'Sat, 25 May 2019 20:21:47 GMT', 'kWhRequested': 15.0}]",000000248,2_39_131_30_2019-05-25 18:04:47.110961,2-39-131-30,CA-305,0002,0039,2019-05-25 11:04:47-07:00,2019-05-25 13:08:55-07:00,14.194,2019-05-25 13:08:51-07:00,America/Los_Angeles
5cfef610f9af8b2ac3736257,"[{'userID': 1007, 'milesRequested': 40, 'WhPerMile': 400, 'minutesAvailable': 168, 'modifiedAt': 'Sat, 25 May 2019 19:42:16 GMT', 'paymentRequired': True, 'requestedDeparture': 'Sat, 25 May 2019 22:29:15 GMT', 'kWhRequested': 16.0}, {'userID': 1007, 'milesRequested': 40, 'WhPerMile': 400, 'minutesAvailable': 154, 'modifiedAt': 'Sat, 25 May 2019 19:42:42 GMT', 'paymentRequired': True, 'requestedDeparture': 'Sat, 25 May 2019 22:15:15 GMT', 'kWhRequested': 16.0}, {'userID': 1007, 'milesRequested': 40, 'WhPerMile': 400, 'minutesAvailable': 154, 'modifiedAt': 'Sat, 25 May 2019 22:07:18 GMT', 'paymentRequired': True, 'requestedDeparture': 'Sat, 25 May 2019 22:15:15 GMT', 'kWhRequested': 16.0}]",000001007,2_39_79_379_2019-05-25 19:41:14.806046,2-39-79-379,CA-327,0002,0039,2019-05-25 12:41:15-07:00,2019-05-25 15:07:35-07:00,8.138,2019-05-25 15:07:18-07:00,America/Los_Angeles
5cfef610f9af8b2ac3736258,"[{'userID': 2563, 'milesRequested': 60, 'WhPerMile': 400, 'minutesAvailable': 542, 'modifiedAt': 'Sat, 25 May 2019 19:45:01 GMT', 'paymentRequired': True, 'requestedDeparture': 'Sun, 26 May 2019 04:46:55 GMT', 'kWhRequested': 24.0}]",000002563,2_39_139_28_2019-05-25 19:44:55.020712,2-39-139-28,CA-303,0002,0039,2019-05-25 12:44:55-07:00,2019-05-26 00:36:32-07:00,2.242,2019-05-25 13:26:01-07:00,America/Los_Angeles
5cfef610f9af8b2ac3736259,"[{'userID': 1746, 'milesRequested': 60, 'WhPerMile': 600, 'minutesAvailable': 66, 'modifiedAt': 'Sat, 25 May 2019 22:26:16 GMT', 'paymentRequired': True, 'requestedDeparture': 'Sat, 25 May 2019 23:30:08 GMT', 'kWhRequested': 36.0}, {'userID': 1746, 'milesRequested': 60, 'WhPerMile': 600, 'minutesAvailable': 66, 'modifiedAt': 'Sat, 25 May 2019 23:37:05 GMT', 'paymentRequired': True, 'requestedDeparture': 'Sat, 25 May 2019 23:30:08 GMT', 'kWhRequested': 36.0}]",000001746,2_39_125_21_2019-05-25 22:24:07.725014,2-39-125-21,CA-311,0002,0039,2019-05-25 15:24:08-07:00,2019-05-25 16:37:22-07:00,3.065,2019-05-25 16:26:43-07:00,America/Los_Angeles
5cfef610f9af8b2ac373625a,"[{'userID': 489, 'milesRequested': 250, 'WhPerMile': 500, 'minutesAvailable': 446, 'modifiedAt': 'Sat, 25 May 2019 23:50:53 GMT', 'paymentRequired': True, 'requestedDeparture': 'Sun, 26 May 2019 07:16:43 GMT', 'kWhRequested': 125.0}, {'userID': 489, 'milesRequested': 250, 'WhPerMile': 500, 'minutesAvailable': 440, 'modifiedAt': 'Sat, 25 May 2019 23:51:00 GMT', 'paymentRequired': True, 'requestedDeparture': 'Sun, 26 May 2019 07:10:43 GMT', 'kWhRequested': 125.0}]",000000489,2_39_131_30_2019-05-25 23:50:42.993780,2-39-131-30,CA-305,0002,0039,2019-05-25 16:50:43-07:00,2019-05-27 11:11:02-07:00,50.229,2019-05-26 00:21:12-07:00,America/Los_Angeles
5cfef610f9af8b2ac373625b,"[{'userID': 243, 'milesRequested': 110, 'WhPerMile': 200, 'minutesAvailable': 70, 'modifiedAt': 'Sun, 26 May 2019 00:38:31 GMT', 'paymentRequired': True, 'requestedDeparture': 'Sun, 26 May 2019 01:48:32 GMT', 'kWhRequested': 22.0}, {'userID': 243, 'milesRequested': 110, 'WhPerMile': 200, 'minutesAvailable': 88, 'modifiedAt': 'Sun, 26 May 2019 00:38:45 GMT', 'paymentRequired': True, 'requestedDeparture': 'Sun, 26 May 2019 02:06:32 GMT', 'kWhRequested': 22.0}]",000000243,2_39_126_20_2019-05-26 00:38:24.422338,2-39-126-20,CA-310,0002,0039,2019-05-25 17:38:32-07:00,2019-05-25 17:44:07-07:00,0.624,2019-05-25 17:44:02-07:00,America/Los_Angeles
5cfef610f9af8b2ac373625c,"[{'userID': 1272, 'milesRequested': 60, 'WhPerMile': 400, 'minutesAvailable': 62, 'modifiedAt': 'Sun, 26 May 2019 05:27:54 GMT', 'paymentRequired': True, 'requestedDeparture': 'Sun, 26 May 2019 06:29:48 GMT', 'kWhRequested': 24.0}]",000001272,2_39_130_31_2019-05-26 05:27:47.511232,2-39-130-31,CA-306,0002,0039,2019-05-25 22:27:48-07:00,2019-05-26 07:37:51-07:00,15.368,2019-05-26 02:52:24-07:00,America/Los_Angeles
5d00478ef9af8b2fb7fd4ba9,"[{'userID': 850, 'milesRequested': 100, 'WhPerMile': 300, 'minutesAvailable': 720, 'modifiedAt': 'Sun, 26 May 2019 11:34:03 GMT', 'paymentRequired': True, 'requestedDeparture': 'Sun, 26 May 2019 23:33:54 GMT', 'kWhRequested': 30.0}]",000000850,2_39_79_383_2019-05-26 11:33:54.353520,2-39-79-383,CA-492,0002,0039,2019-05-26 04:33:54-07:00,2019-05-26 08:46:34-07:00,26.0,2019-05-26 08:41:42-07:00,America/Los_Angeles
5d00478ef9af8b2fb7fd4baa,"[{'userID': 743, 'milesRequested': 20, 'WhPerMile': 400, 'minutesAvailable': 74, 'modifiedAt': 'Sun, 26 May 2019 14:51:25 GMT', 'paymentRequired': True, 'requestedDeparture': 'Sun, 26 May 2019 16:04:51 GMT', 'kWhRequested': 8.0}, {'userID': 743, 'milesRequested': 20, 'WhPerMile': 400, 'minutesAvailable': 60, 'modifiedAt': 'Sun, 26 May 2019 14:51:42 GMT', 'paymentRequired': True, 'requestedDeparture': 'Sun, 26 May 2019 15:50:51 GMT', 'kWhRequested': 8.0}]",000000743,2_39_89_25_2019-05-26 14:50:50.510951,2-39-89-25,CA-315,0002,0039,2019-05-26 07:50:51-07:00,2019-05-26 10:06:16-07:00,4.244,2019-05-26 09:14:58-07:00,America/Los_Angeles
5d00478ef9af8b2fb7fd4bab,"[{'userID': 1346, 'milesRequested': 80, 'WhPerMile': 400, 'minutesAvailable': 60, 'modifiedAt': 'Sun, 26 May 2019 16:52:23 GMT', 'paymentRequired': True, 'requestedDeparture': 'Sun, 26 May 2019 17:51:07 GMT', 'kWhRequested': 32.0}]",000001346,2_39_129_17_2019-05-26 16:51:07.045703,2-39-129-17,CA-307,0002,0039,2019-05-26 09:51:07-07:00,2019-05-26 11:27:12-07:00,10.667,2019-05-26 11:26:51-07:00,America/Los_Angeles
5d00478ef9af8b2fb7fd4bac,"[{'userID': 1161, 'milesRequested': 40, 'WhPerMile': 400, 'minutesAvailable': 65, 'modifiedAt': 'Sun, 26 May 2019 21:08:44 GMT', 'paymentRequired': True, 'requestedDeparture': 'Sun, 26 May 2019 22:13:31 GMT', 'kWhRequested': 16.0}]",000001161,2_39_139_28_2019-05-26 21:08:30.823023,2-39-139-28,CA-303,0002,0039,2019-05-26 14:08:31-07:00,2019-05-26 15:04:24-07:00,3.049,2019-05-26 15:04:20-07:00,America/Los_Angeles
5d00478ef9af8b2fb7fd4bad,"[{'userID': 292, 'milesRequested': 260, 'WhPerMile': 200, 'minutesAvailable': 575, 'modifiedAt': 'Sun, 26 May 2019 21:56:58 GMT', 'paymentRequired': True, 'requestedDeparture': 'Mon, 27 May 2019 07:30:19 GMT', 'kWhRequested': 52.0}]",000000292,2_39_91_437_2019-05-26 21:55:18.916869,2-39-91-437,CA-317,0002,0039,2019-05-26 14:55:19-07:00,2019-05-26 23:19:04-07:00,43.836,2019-05-26 21:29:15-07:00,America/Los_Angeles
5d00478ef9af8b2fb7fd4bae,"[{'userID': 1202, 'milesRequested': 40, 'WhPerMile': 375, 'minutesAvailable': 105, 'modifiedAt': 'Sun, 26 May 2019 22:35:05 GMT', 'paymentRequired': True, 'requestedDeparture': 'Mon, 27 May 2019 00:18:49 GMT', 'kWhRequested': 15.0}]",000001202,2_39_129_17_2019-05-26 22:33:48.951010,2-39-129-17,CA-307,0002,0039,2019-05-26 15:33:49-07:00,2019-05-26 16:34:26-07:00,3.242,2019-05-26 16:34:22-07:00,America/Los_Angeles
5d00478ef9af8b2fb7fd4baf,"[{'userID': 1864, 'milesRequested': 20, 'WhPerMile': 333, 'minutesAvailable': 120, 'modifiedAt': 'Sun, 26 May 2019 23:43:08 GMT', 'paymentRequired': True, 'requestedDeparture': 'Mon, 27 May 2019 01:43:08 GMT', 'kWhRequested': 6.66}]",000001864,2_39_83_386_2019-05-26 23:42:54.104986,2-39-83-386,CA-212,0002,0039,2019-05-26 16:43:08-07:00,2019-05-26 18:41:29-07:00,4.403,2019-05-26 18:10:33-07:00,America/Los_Angeles
5d00478ef9af8b2fb7fd4bb0,,,2_39_139_28_2019-05-27 00:14:54.477838,2-39-139-28,CA-303,0002,0039,2019-05-26 17:14:54-07:00,2019-05-26 19:53:08-07:00,0.911,2019-05-26 17:45:54-07:00,America/Los_Angeles
5d00478ef9af8b2fb7fd4bb1,"[{'userID': 1286, 'milesRequested': 210, 'WhPerMile': 250, 'minutesAvailable': 392, 'modifiedAt': 'Mon, 27 May 2019 05:14:26 GMT', 'paymentRequired': True, 'requestedDeparture': 'Mon, 27 May 2019 11:25:23 GMT', 'kWhRequested': 52.5}]",000001286,2_39_79_381_2019-05-27 04:53:23.266881,2-39-79-381,CA-490,0002,0039,2019-05-26 21:53:23-07:00,2019-05-27 13:45:27-07:00,52.366,2019-05-27 05:54:28-07:00,America/Los_Angeles
5d00478ef9af8b2fb7fd4bb2,,,2_39_139_28_2019-05-27 06:12:55.092767,2-39-139-28,CA-303,0002,0039,2019-05-26 23:12:55-07:00,2019-05-26 23:46:25-07:00,0.863,2019-05-26 23:43:31-07:00,America/Los_Angeles
5d019910f9af8b3631290962,"[{'userID': 743, 'milesRequested': 20, 'WhPerMile': 400, 'minutesAvailable': 61, 'modifiedAt': 'Mon, 27 May 2019 15:00:25 GMT', 'paymentRequired': True, 'requestedDeparture': 'Mon, 27 May 2019 16:00:07 GMT', 'kWhRequested': 8.0}, {'userID': 743, 'milesRequested': 20, 'WhPerMile': 400, 'minutesAvailable': 60, 'modifiedAt': 'Mon, 27 May 2019 15:00:44 GMT', 'paymentRequired': True, 'requestedDeparture': 'Mon, 27 May 2019 15:59:07 GMT', 'kWhRequested': 8.0}]",000000743,2_39_89_25_2019-05-27 14:59:06.605356,2-39-89-25,CA-315,0002,0039,2019-05-27 07:59:07-07:00,2019-05-27 09:24:13-07:00,4.552,2019-05-27 09:24:09-07:00,America/Los_Angeles
5d019910f9af8b3631290963,"[{'userID': 858, 'milesRequested': 20, 'WhPerMile': 400, 'minutesAvailable': 223, 'modifiedAt': 'Mon, 27 May 2019 15:56:03 GMT', 'paymentRequired': True, 'requestedDeparture': 'Mon, 27 May 2019 19:38:25 GMT', 'kWhRequested': 8.0}]",000000858,2_39_79_379_2019-05-27 15:55:24.883032,2-39-79-379,CA-327,0002,0039,2019-05-27 08:55:25-07:00,2019-05-27 12:44:42-07:00,6.602,2019-05-27 10:56:35-07:00,America/Los_Angeles
5d019910f9af8b3631290964,"[{'userID': 676, 'milesRequested': 60, 'WhPerMile': 364, 'minutesAvailable': 553, 'modifiedAt': 'Mon, 27 May 2019 16:35:43 GMT', 'paymentRequired': True, 'requestedDeparture': 'Tue, 28 May 2019 01:47:36 GMT', 'kWhRequested': 21.84}]",000000676,2_39_79_377_2019-05-27 16:34:36.401212,2-39-79-377,CA-325,0002,0039,2019-05-27 09:34:36-07:00,2019-05-27 18:01:42-07:00,15.517,2019-05-27 14:03:37-07:00,America/Los_Angeles
5d019910f9af8b3631290965,"[{'userID': 2461, 'milesRequested': 30, 'WhPerMile': 400, 'minutesAvailable': 260, 'modifiedAt': 'Mon, 27 May 2019 18:30:00 GMT', 'paymentRequired': True, 'requestedDeparture': 'Mon, 27 May 2019 21:03:14 GMT', 'kWhRequested': 12.0}, {'userID': 2461, 'milesRequested': 30, 'WhPerMile': 400, 'minutesAvailable': 260, 'modifiedAt': 'Mon, 27 May 2019 20:05:31 GMT', 'paymentRequired': True, 'requestedDeparture': 'Mon, 27 May 2019 21:03:14 GMT', 'kWhRequested': 12.0}]",000002461,2_39_79_376_2019-05-27 16:43:13.582607,2-39-79-376,CA-324,0002,0039,2019-05-27 09:43:14-07:00,2019-05-27 13:05:43-07:00,6.499,2019-05-27 13:05:36-07:00,America/Los_Angeles
5d019910f9af8b3631290966,"[{'userID': 248, 'milesRequested': 110, 'WhPerMile': 250, 'minutesAvailable': 416, 'modifiedAt': 'Mon, 27 May 2019 17:52:19 GMT', 'paymentRequired': True, 'requestedDeparture': 'Tue, 28 May 2019 00:47:45 GMT', 'kWhRequested': 27.5}]",000000248,2_39_78_366_2019-05-27 17:51:44.532836,2-39-78-366,CA-323,0002,0039,2019-05-27 10:51:45-07:00,2019-05-27 18:33:40-07:00,25.899,2019-05-27 17:55:32-07:00,America/Los_Angeles
5d019910f9af8b3631290967,"[{'userID': 1346, 'milesRequested': 80, 'WhPerMile': 400, 'minutesAvailable': 60, 'modifiedAt': 'Mon, 27 May 2019 18:20:34 GMT', 'paymentRequired': True, 'requestedDeparture': 'Mon, 27 May 2019 19:19:31 GMT', 'kWhRequested': 32.0}]",000001346,2_39_129_17_2019-05-27 18:19:30.662603,2-39-129-17,CA-307,0002,0039,2019-05-27 11:19:31-07:00,2019-05-27 12:47:35-07:00,9.674,2019-05-27 12:47:15-07:00,America/Los_Angeles
5d019910f9af8b3631290968,"[{'userID': 1161, 'milesRequested': 40, 'WhPerMile': 400, 'minutesAvailable': 65, 'modifiedAt': 'Mon, 27 May 2019 19:55:17 GMT', 'paymentRequired': True, 'requestedDeparture': 'Mon, 27 May 2019 21:00:12 GMT', 'kWhRequested': 16.0}]",000001161,2_39_139_28_2019-05-27 19:55:12.276202,2-39-139-28,CA-303,0002,0039,2019-05-27 12:55:12-07:00,2019-05-27 13:44:12-07:00,2.651,2019-05-27 13:44:04-07:00,America/Los_Angeles
5d019910f9af8b3631290969,"[{'userID': 1746, 'milesRequested': 60, 'WhPerMile': 600, 'minutesAvailable': 66, 'modifiedAt': 'Mon, 27 May 2019 22:59:50 GMT', 'paymentRequired': True, 'requestedDeparture': 'Tue, 28 May 2019 00:04:41 GMT', 'kWhRequested': 36.0}, {'userID': 1746, 'milesRequested': 60, 'WhPerMile': 600, 'minutesAvailable': 156, 'modifiedAt': 'Mon, 27 May 2019 23:00:41 GMT', 'paymentRequired': True, 'requestedDeparture': 'Tue, 28 May 2019 01:34:41 GMT', 'kWhRequested': 36.0}, {'userID': 1746, 'milesRequested': 60, 'WhPerMile': 600, 'minutesAvailable': 156, 'modifiedAt': 'Tue, 28 May 2019 00:45:12 GMT', 'paymentRequired': True, 'requestedDeparture': 'Tue, 28 May 2019 01:34:41 GMT', 'kWhRequested': 36.0}]",000001746,2_39_89_25_2019-05-27 22:58:41.295898,2-39-89-25,CA-315,0002,0039,2019-05-27 15:58:41-07:00,2019-05-27 17:45:29-07:00,4.858,2019-05-27 17:32:52-07:00,America/Los_Angeles
5d019910f9af8b363129096a,"[{'userID': 2611, 'milesRequested': 10, 'WhPerMile': 600, 'minutesAvailable': 60, 'modifiedAt': 'Mon, 27 May 2019 23:39:10 GMT', 'paymentRequired': True, 'requestedDeparture': 'Tue, 28 May 2019 00:38:16 GMT', 'kWhRequested': 6.0}, {'userID': 2611, 'milesRequested': 10, 'WhPerMile': 600, 'minutesAvailable': 60, 'modifiedAt': 'Tue, 28 May 2019 01:29:02 GMT', 'paymentRequired': True, 'requestedDeparture': 'Tue, 28 May 2019 00:38:16 GMT', 'kWhRequested': 6.0}]",000002611,2_39_130_31_2019-05-27 23:38:15.964803,2-39-130-31,CA-306,0002,0039,2019-05-27 16:38:16-07:00,2019-05-27 18:31:02-07:00,5.878,2019-05-27 18:19:36-07:00,America/Los_Angeles
5d019910f9af8b363129096b,"[{'userID': 365, 'milesRequested': 10, 'WhPerMile': 333, 'minutesAvailable': 68, 'modifiedAt': 'Tue, 28 May 2019 01:13:12 GMT', 'paymentRequired': True, 'requestedDeparture': 'Tue, 28 May 2019 02:20:36 GMT', 'kWhRequested': 3.33}]",000000365,2_39_128_18_2019-05-28 01:12:35.737167,2-39-128-18,CA-308,0002,0039,2019-05-27 18:12:36-07:00,2019-05-27 18:53:31-07:00,2.3,2019-05-27 18:53:22-07:00,America/Los_Angeles
5d019910f9af8b363129096c,"[{'userID': 1202, 'milesRequested': 40, 'WhPerMile': 375, 'minutesAvailable': 141, 'modifiedAt': 'Tue, 28 May 2019 01:23:22 GMT', 'paymentRequired': True, 'requestedDeparture': 'Tue, 28 May 2019 03:43:41 GMT', 'kWhRequested': 15.0}]",000001202,2_39_139_28_2019-05-28 01:22:40.607361,2-39-139-28,CA-303,0002,0039,2019-05-27 18:22:41-07:00,2019-05-28 18:00:00-07:00,11.689,2019-05-27 22:03:37-07:00,America/Los_Angeles
5d02eaa0f9af8b3cd89c8017,"[{'userID': 560, 'milesRequested': 70, 'WhPerMile': 273, 'minutesAvailable': 249, 'modifiedAt': 'Tue, 28 May 2019 13:39:34 GMT', 'paymentRequired': True, 'requestedDeparture': 'Tue, 28 May 2019 17:48:29 GMT', 'kWhRequested': 19.11}]",000000560,2_39_125_21_2019-05-28 13:39:29.391422,2-39-125-21,CA-311,0002,0039,2019-05-28 06:39:29-07:00,2019-05-28 12:38:21-07:00,18.373,2019-05-28 10:20:29-07:00,America/Los_Angeles
5d02eaa0f9af8b3cd89c8018,"[{'userID': 1007, 'milesRequested': 30, 'WhPerMile': 400, 'minutesAvailable': 585, 'modifiedAt': 'Tue, 28 May 2019 13:49:21 GMT', 'paymentRequired': True, 'requestedDeparture': 'Tue, 28 May 2019 23:34:22 GMT', 'kWhRequested': 12.0}]",000001007,2_39_79_379_2019-05-28 13:49:07.498167,2-39-79-379,CA-327,0002,0039,2019-05-28 06:49:22-07:00,2019-05-28 18:51:29-07:00,3.887,2019-05-28 13:04:15-07:00,America/Los_Angeles
5d02eaa0f9af8b3cd89c8019,,,2_39_78_366_2019-05-28 14:24:40.939818,2-39-78-366,CA-323,0002,0039,2019-05-28 07:24:41-07:00,2019-05-28 08:19:55-07:00,0.863,2019-05-28 07:55:35-07:00,America/Los_Angeles
5d02eaa0f9af8b3cd89c801a,"[{'userID': 2461, 'milesRequested': 30, 'WhPerMile': 400, 'minutesAvailable': 538, 'modifiedAt': 'Tue, 28 May 2019 15:07:36 GMT', 'paymentRequired': True, 'requestedDeparture': 'Wed, 29 May 2019 00:05:36 GMT', 'kWhRequested': 12.0}]",000002461,2_39_95_27_2019-05-28 15:07:24.230536,2-39-95-27,CA-319,0002,0039,2019-05-28 08:07:36-07:00,2019-05-28 17:10:11-07:00,7.507,2019-05-28 09:21:13-07:00,America/Los_Angeles
5d02eaa0f9af8b3cd89c801b,"[{'userID': 1095, 'milesRequested': 30, 'WhPerMile': 469, 'minutesAvailable': 650, 'modifiedAt': 'Tue, 28 May 2019 15:13:57 GMT', 'paymentRequired': True, 'requestedDeparture': 'Wed, 29 May 2019 02:03:40 GMT', 'kWhRequested': 14.07}]",000001095,2_39_79_377_2019-05-28 15:13:40.132407,2-39-79-377,CA-325,0002,0039,2019-05-28 08:13:40-07:00,2019-05-28 19:59:10-07:00,12.694,2019-05-28 12:40:38-07:00,America/Los_Angeles
5d02eaa0f9af8b3cd89c801c,"[{'userID': 858, 'milesRequested': 20, 'WhPerMile': 400, 'minutesAvailable': 223, 'modifiedAt': 'Tue, 28 May 2019 15:15:22 GMT', 'paymentRequired': True, 'requestedDeparture': 'Tue, 28 May 2019 18:57:43 GMT', 'kWhRequested': 8.0}]",000000858,2_39_123_23_2019-05-28 15:14:43.486918,2-39-123-23,CA-313,0002,0039,2019-05-28 08:14:43-07:00,2019-05-28 16:35:55-07:00,4.681,2019-05-28 09:44:38-07:00,America/Los_Angeles
5d02eaa0f9af8b3cd89c801d,"[{'userID': 559, 'milesRequested': 50, 'WhPerMile': 313, 'minutesAvailable': 251, 'modifiedAt': 'Tue, 28 May 2019 15:29:58 GMT', 'paymentRequired': True, 'requestedDeparture': 'Tue, 28 May 2019 19:37:11 GMT', 'kWhRequested': 15.65}]",000000559,2_39_79_378_2019-05-28 15:26:10.682504,2-39-79-378,CA-326,0002,0039,2019-05-28 08:26:11-07:00,2019-05-28 12:46:39-07:00,14.235,2019-05-28 12:46:35-07:00,America/Los_Angeles
5d02eaa0f9af8b3cd89c801e,"[{'userID': 1470, 'milesRequested': 70, 'WhPerMile': 292, 'minutesAvailable': 315, 'modifiedAt': 'Tue, 28 May 2019 15:53:50 GMT', 'paymentRequired': True, 'requestedDeparture': 'Tue, 28 May 2019 21:07:55 GMT', 'kWhRequested': 20.44}]",000001470,2_39_78_366_2019-05-28 15:52:54.767409,2-39-78-366,CA-323,0002,0039,2019-05-28 08:52:55-07:00,2019-05-28 17:16:30-07:00,18.029,2019-05-28 16:24:37-07:00,America/Los_Angeles
5d02eaa0f9af8b3cd89c801f,"[{'userID': 712, 'milesRequested': 30, 'WhPerMile': 600, 'minutesAvailable': 341, 'modifiedAt': 'Tue, 28 May 2019 15:55:18 GMT', 'paymentRequired': True, 'requestedDeparture': 'Tue, 28 May 2019 21:36:11 GMT', 'kWhRequested': 18.0}]",000000712,2_39_127_19_2019-05-28 15:55:11.337275,2-39-127-19,CA-309,0002,0039,2019-05-28 08:55:11-07:00,2019-05-28 17:54:40-07:00,8.198,2019-05-28 11:16:31-07:00,America/Los_Angeles
5d02eaa0f9af8b3cd89c8020,,,2_39_79_381_2019-05-28 15:56:03.105593,2-39-79-381,CA-490,0002,0039,2019-05-28 08:56:03-07:00,2019-05-28 11:17:20-07:00,2.093,2019-05-28 11:14:53-07:00,America/Los_Angeles
5d02eaa0f9af8b3cd89c8021,"[{'userID': 743, 'milesRequested': 20, 'WhPerMile': 400, 'minutesAvailable': 447, 'modifiedAt': 'Tue, 28 May 2019 16:05:57 GMT', 'paymentRequired': True, 'requestedDeparture': 'Tue, 28 May 2019 23:31:51 GMT', 'kWhRequested': 8.0}]",000000743,2_39_89_25_2019-05-28 16:04:50.616898,2-39-89-25,CA-315,0002,0039,2019-05-28 09:04:51-07:00,2019-05-28 17:09:05-07:00,3.992,2019-05-28 10:25:33-07:00,America/Los_Angeles
5d02eaa0f9af8b3cd89c8022,"[{'userID': 1104, 'milesRequested': 120, 'WhPerMile': 250, 'minutesAvailable': 383, 'modifiedAt': 'Tue, 28 May 2019 16:06:03 GMT', 'paymentRequired': True, 'requestedDeparture': 'Tue, 28 May 2019 22:28:29 GMT', 'kWhRequested': 30.0}]",000001104,2_39_79_383_2019-05-28 16:05:28.522192,2-39-79-383,CA-492,0002,0039,2019-05-28 09:05:29-07:00,2019-05-28 18:01:25-07:00,18.482,2019-05-28 11:59:15-07:00,America/Los_Angeles
5d02eaa0f9af8b3cd89c8023,"[{'userID': 676, 'milesRequested': 60, 'WhPerMile': 364, 'minutesAvailable': 473, 'modifiedAt': 'Tue, 28 May 2019 16:05:58 GMT', 'paymentRequired': True, 'requestedDeparture': 'Tue, 28 May 2019 23:58:43 GMT', 'kWhRequested': 21.84}]",000000676,2_39_79_376_2019-05-28 16:05:42.681910,2-39-79-376,CA-324,0002,0039,2019-05-28 09:05:43-07:00,2019-05-28 21:01:44-07:00,13.59,2019-05-28 16:23:11-07:00,America/Los_Angeles
5d02eaa0f9af8b3cd89c8024,"[{'userID': 620, 'milesRequested': 30, 'WhPerMile': 500, 'minutesAvailable': 471, 'modifiedAt': 'Tue, 28 May 2019 16:16:19 GMT', 'paymentRequired': True, 'requestedDeparture': 'Wed, 29 May 2019 00:05:51 GMT', 'kWhRequested': 15.0}]",000000620,2_39_90_26_2019-05-28 16:14:51.424235,2-39-90-26,CA-316,0002,0039,2019-05-28 09:14:51-07:00,2019-05-28 16:52:38-07:00,7.613,2019-05-28 11:35:51-07:00,America/Los_Angeles
5d02eaa0f9af8b3cd89c8025,,,2_39_78_360_2019-05-28 16:20:27.416927,2-39-78-360,CA-322,0002,0039,2019-05-28 09:20:27-07:00,2019-05-28 10:10:43-07:00,0.922,2019-05-28 09:58:20-07:00,America/Los_Angeles
5d02eaa0f9af8b3cd89c8026,"[{'userID': 1366, 'milesRequested': 20, 'WhPerMile': 600, 'minutesAvailable': 493, 'modifiedAt': 'Tue, 28 May 2019 16:27:31 GMT', 'paymentRequired': True, 'requestedDeparture': 'Wed, 29 May 2019 00:33:41 GMT', 'kWhRequested': 12.0}]",000001366,2_39_126_20_2019-05-28 16:20:41.228372,2-39-126-20,CA-310,0002,0039,2019-05-28 09:20:41-07:00,2019-05-28 11:32:50-07:00,1.033,2019-05-28 09:54:22-07:00,America/Los_Angeles
5d02eaa0f9af8b3cd89c8027,"[{'userID': 1534, 'milesRequested': 30, 'WhPerMile': 250, 'minutesAvailable': 404, 'modifiedAt': 'Tue, 28 May 2019 16:30:30 GMT', 'paymentRequired': True, 'requestedDeparture': 'Tue, 28 May 2019 23:14:00 GMT', 'kWhRequested': 7.5}]",000001534,2_39_126_560_2019-05-28 16:30:00.092143,2-39-126-560,CA-506,0002,0039,2019-05-28 09:30:00-07:00,2019-05-28 20:00:58-07:00,6.244,2019-05-28 11:23:53-07:00,America/Los_Angeles
5d02eaa0f9af8b3cd89c8028,,,2_39_78_365_2019-05-28 16:47:58.422522,2-39-78-365,CA-321,0002,0039,2019-05-28 09:47:58-07:00,2019-05-28 19:26:57-07:00,0.964,2019-05-28 10:19:22-07:00,America/Los_Angeles
5d02eaa0f9af8b3cd89c8029,"[{'userID': 668, 'milesRequested': 30, 'WhPerMile': 400, 'minutesAvailable': 233, 'modifiedAt': 'Tue, 28 May 2019 16:56:06 GMT', 'paymentRequired': True, 'requestedDeparture': 'Tue, 28 May 2019 20:48:37 GMT', 'kWhRequested': 12.0}]",000000668,2_39_95_444_2019-05-28 16:55:37.026014,2-39-95-444,CA-497,0002,0039,2019-05-28 09:55:37-07:00,2019-05-28 16:37:22-07:00,5.408,2019-05-28 10:49:40-07:00,America/Los_Angeles
5d02eaa0f9af8b3cd89c802a,,,2_39_92_442_2019-05-28 16:55:58.745410,2-39-92-442,CA-498,0002,0039,2019-05-28 09:55:59-07:00,2019-05-28 20:42:39-07:00,0.868,2019-05-28 10:26:27-07:00,America/Los_Angeles
5d02eaa0f9af8b3cd89c802b,"[{'userID': 562, 'milesRequested': 20, 'WhPerMile': 375, 'minutesAvailable': 211, 'modifiedAt': 'Tue, 28 May 2019 16:56:43 GMT', 'paymentRequired': True, 'requestedDeparture': 'Tue, 28 May 2019 20:27:19 GMT', 'kWhRequested': 7.5}]",000000562,2_39_88_24_2019-05-28 16:56:18.791002,2-39-88-24,CA-314,0002,0039,2019-05-28 09:56:19-07:00,2019-05-28 12:32:42-07:00,7.401,2019-05-28 12:13:15-07:00,America/Los_Angeles
5d02eaa0f9af8b3cd89c802c,,,2_39_78_361_2019-05-28 16:57:45.738179,2-39-78-361,CA-493,0002,0039,2019-05-28 09:57:46-07:00,2019-05-28 11:26:02-07:00,0.947,2019-05-28 10:28:18-07:00,America/Los_Angeles
5d02eaa0f9af8b3cd89c802d,"[{'userID': 697, 'milesRequested': 20, 'WhPerMile': 300, 'minutesAvailable': 411, 'modifiedAt': 'Tue, 28 May 2019 17:02:17 GMT', 'paymentRequired': True, 'requestedDeparture': 'Tue, 28 May 2019 23:51:52 GMT', 'kWhRequested': 6.0}]",000000697,2_39_92_436_2019-05-28 17:00:52.299503,2-39-92-436,CA-318,0002,0039,2019-05-28 10:00:52-07:00,2019-05-28 18:54:07-07:00,5.889,2019-05-28 17:15:59-07:00,America/Los_Angeles
5d02eaa0f9af8b3cd89c802e,"[{'userID': 569, 'milesRequested': 170, 'WhPerMile': 300, 'minutesAvailable': 468, 'modifiedAt': 'Tue, 28 May 2019 17:11:07 GMT', 'paymentRequired': True, 'requestedDeparture': 'Wed, 29 May 2019 00:57:47 GMT', 'kWhRequested': 51.0}]",000000569,2_39_78_363_2019-05-28 17:09:46.683352,2-39-78-363,CA-320,0002,0039,2019-05-28 10:09:47-07:00,2019-05-28 17:14:22-07:00,43.937,2019-05-28 17:14:19-07:00,America/Los_Angeles
5d02eaa0f9af8b3cd89c802f,"[{'userID': 558, 'milesRequested': 70, 'WhPerMile': 200, 'minutesAvailable': 120, 'modifiedAt': 'Tue, 28 May 2019 17:14:40 GMT', 'paymentRequired': True, 'requestedDeparture': 'Tue, 28 May 2019 19:14:38 GMT', 'kWhRequested': 14.0}]",000000558,2_39_91_441_2019-05-28 17:14:37.670097,2-39-91-441,CA-499,0002,0039,2019-05-28 10:14:38-07:00,2019-05-28 19:15:57-07:00,11.292,2019-05-28 12:02:59-07:00,America/Los_Angeles
5d02eaa0f9af8b3cd89c8030,,,2_39_78_360_2019-05-28 17:28:06.852484,2-39-78-360,CA-322,0002,0039,2019-05-28 10:28:07-07:00,2019-05-28 14:59:48-07:00,0.958,2019-05-28 14:44:06-07:00,America/Los_Angeles
5d02eaa0f9af8b3cd89c8031,"[{'userID': 1274, 'milesRequested': 40, 'WhPerMile': 333, 'minutesAvailable': 377, 'modifiedAt': 'Tue, 28 May 2019 17:45:05 GMT', 'paymentRequired': True, 'requestedDeparture': 'Wed, 29 May 2019 00:01:22 GMT', 'kWhRequested': 13.32}]",000001274,2_39_78_364_2019-05-28 17:44:21.539236,2-39-78-364,CA-495,0002,0039,2019-05-28 10:44:22-07:00,2019-05-28 17:57:47-07:00,13.193,2019-05-28 15:07:17-07:00,America/Los_Angeles
5d02eaa0f9af8b3cd89c8032,"[{'userID': 632, 'milesRequested': 40, 'WhPerMile': 400, 'minutesAvailable': 252, 'modifiedAt': 'Tue, 28 May 2019 17:45:32 GMT', 'paymentRequired': True, 'requestedDeparture': 'Tue, 28 May 2019 21:56:29 GMT', 'kWhRequested': 16.0}]",000000632,2_39_90_440_2019-05-28 17:44:29.110820,2-39-90-440,CA-500,0002,0039,2019-05-28 10:44:29-07:00,2019-05-28 17:20:00-07:00,13.23,2019-05-28 14:32:27-07:00,America/Los_Angeles
5d02eaa0f9af8b3cd89c8033,"[{'userID': 1082, 'milesRequested': 40, 'WhPerMile': 400, 'minutesAvailable': 291, 'modifiedAt': 'Tue, 28 May 2019 17:46:56 GMT', 'paymentRequired': True, 'requestedDeparture': 'Tue, 28 May 2019 22:37:22 GMT', 'kWhRequested': 16.0}]",000001082,2_39_124_22_2019-05-28 17:46:22.339483,2-39-124-22,CA-312,0002,0039,2019-05-28 10:46:22-07:00,2019-05-28 20:39:51-07:00,2.034,2019-05-28 11:47:58-07:00,America/Los_Angeles
5d02eaa0f9af8b3cd89c8034,"[{'userID': 1137, 'milesRequested': 60, 'WhPerMile': 400, 'minutesAvailable': 294, 'modifiedAt': 'Tue, 28 May 2019 18:35:05 GMT', 'paymentRequired': True, 'requestedDeparture': 'Tue, 28 May 2019 23:26:22 GMT', 'kWhRequested': 24.0}]",000001137,2_39_78_361_2019-05-28 18:32:22.290086,2-39-78-361,CA-493,0002,0039,2019-05-28 11:32:22-07:00,2019-05-28 16:31:28-07:00,17.757,2019-05-28 15:37:19-07:00,America/Los_Angeles
5d02eaa0f9af8b3cd89c8035,"[{'userID': 560, 'milesRequested': 20, 'WhPerMile': 273, 'minutesAvailable': 177, 'modifiedAt': 'Tue, 28 May 2019 20:08:08 GMT', 'paymentRequired': True, 'requestedDeparture': 'Tue, 28 May 2019 23:04:55 GMT', 'kWhRequested': 5.46}]",000000560,2_39_125_21_2019-05-28 20:07:54.729768,2-39-125-21,CA-311,0002,0039,2019-05-28 13:07:55-07:00,2019-05-28 15:55:20-07:00,2.16,2019-05-28 14:15:49-07:00,America/Los_Angeles
5d02eaa0f9af8b3cd89c8036,,,2_39_91_437_2019-05-28 20:17:35.132805,2-39-91-437,CA-317,0002,0039,2019-05-28 13:17:35-07:00,2019-05-28 19:05:29-07:00,0.864,2019-05-28 13:48:38-07:00,America/Los_Angeles
5d02eaa0f9af8b3cd89c8037,"[{'userID': 562, 'milesRequested': 20, 'WhPerMile': 375, 'minutesAvailable': 211, 'modifiedAt': 'Tue, 28 May 2019 20:29:16 GMT', 'paymentRequired': True, 'requestedDeparture': 'Tue, 28 May 2019 23:59:59 GMT', 'kWhRequested': 7.5}]",000000562,2_39_88_24_2019-05-28 20:28:58.880094,2-39-88-24,CA-314,0002,0039,2019-05-28 13:28:59-07:00,2019-05-28 18:38:20-07:00,3.671,2019-05-28 14:38:39-07:00,America/Los_Angeles
5d02eaa0f9af8b3cd89c8038,,,2_39_79_378_2019-05-28 20:42:09.074371,2-39-79-378,CA-326,0002,0039,2019-05-28 13:42:09-07:00,2019-05-28 17:19:21-07:00,0.923,2019-05-28 14:13:20-07:00,America/Los_Angeles
5d02eaa0f9af8b3cd89c8039,"[{'userID': 362, 'milesRequested': 90, 'WhPerMile': 286, 'minutesAvailable': 128, 'modifiedAt': 'Wed, 29 May 2019 00:39:43 GMT', 'paymentRequired': True, 'requestedDeparture': 'Wed, 29 May 2019 02:45:36 GMT', 'kWhRequested': 25.74}]",000000362,2_39_138_29_2019-05-29 00:37:35.949290,2-39-138-29,CA-304,0002,0039,2019-05-28 17:37:36-07:00,2019-05-28 18:58:43-07:00,8.767,2019-05-28 18:58:38-07:00,America/Los_Angeles
5d02eaa0f9af8b3cd89c803a,"[{'userID': 1133, 'milesRequested': 20, 'WhPerMile': 400, 'minutesAvailable': 60, 'modifiedAt': 'Wed, 29 May 2019 00:45:36 GMT', 'paymentRequired': True, 'requestedDeparture': 'Wed, 29 May 2019 01:45:15 GMT', 'kWhRequested': 8.0}]",000001133,2_39_129_17_2019-05-29 00:45:14.519887,2-39-129-17,CA-307,0002,0039,2019-05-28 17:45:15-07:00,2019-05-28 19:22:43-07:00,7.871,2019-05-28 19:00:02-07:00,America/Los_Angeles
5d02eaa0f9af8b3cd89c803b,"[{'userID': 1099, 'milesRequested': 80, 'WhPerMile': 438, 'minutesAvailable': 106, 'modifiedAt': 'Wed, 29 May 2019 02:20:47 GMT', 'paymentRequired': True, 'requestedDeparture': 'Wed, 29 May 2019 04:02:08 GMT', 'kWhRequested': 35.04}]",000001099,2_39_126_20_2019-05-29 02:16:08.150619,2-39-126-20,CA-310,0002,0039,2019-05-28 19:16:08-07:00,2019-05-28 21:26:58-07:00,10.891,2019-05-28 21:06:32-07:00,America/Los_Angeles
5d02eaa0f9af8b3cd89c803c,"[{'userID': 1263, 'milesRequested': 70, 'WhPerMile': 250, 'minutesAvailable': 61, 'modifiedAt': 'Wed, 29 May 2019 03:21:58 GMT', 'paymentRequired': True, 'requestedDeparture': 'Wed, 29 May 2019 04:21:49 GMT', 'kWhRequested': 17.5}]",000001263,2_39_139_28_2019-05-29 03:20:49.218304,2-39-139-28,CA-303,0002,0039,2019-05-28 20:20:49-07:00,2019-05-28 21:38:27-07:00,7.428,2019-05-28 21:35:29-07:00,America/Los_Angeles
5d043c23f9af8b423929b1ed,"[{'userID': 560, 'milesRequested': 70, 'WhPerMile': 273, 'minutesAvailable': 298, 'modifiedAt': 'Wed, 29 May 2019 13:28:24 GMT', 'paymentRequired': True, 'requestedDeparture': 'Wed, 29 May 2019 18:26:16 GMT', 'kWhRequested': 19.11}]",000000560,2_39_125_21_2019-05-29 13:28:15.888282,2-39-125-21,CA-311,0002,0039,2019-05-29 06:28:16-07:00,2019-05-29 11:53:03-07:00,18.117,2019-05-29 10:03:01-07:00,America/Los_Angeles
5d043c23f9af8b423929b1ee,"[{'userID': 712, 'milesRequested': 30, 'WhPerMile': 600, 'minutesAvailable': 341, 'modifiedAt': 'Wed, 29 May 2019 13:46:33 GMT', 'paymentRequired': True, 'requestedDeparture': 'Wed, 29 May 2019 19:27:30 GMT', 'kWhRequested': 18.0}]",000000712,2_39_129_17_2019-05-29 13:46:29.577510,2-39-129-17,CA-307,0002,0039,2019-05-29 06:46:30-07:00,2019-05-29 17:42:21-07:00,4.55,2019-05-29 08:06:40-07:00,America/Los_Angeles
5d043c23f9af8b423929b1ef,"[{'userID': 710, 'milesRequested': 80, 'WhPerMile': 261, 'minutesAvailable': 307, 'modifiedAt': 'Wed, 29 May 2019 14:10:35 GMT', 'paymentRequired': True, 'requestedDeparture': 'Wed, 29 May 2019 19:15:08 GMT', 'kWhRequested': 20.88}]",000000710,2_39_139_28_2019-05-29 14:08:08.460453,2-39-139-28,CA-303,0002,0039,2019-05-29 07:08:08-07:00,2019-05-29 14:20:34-07:00,11.223,2019-05-29 08:56:54-07:00,America/Los_Angeles
5d043c23f9af8b423929b1f0,"[{'userID': 569, 'milesRequested': 60, 'WhPerMile': 300, 'minutesAvailable': 232, 'modifiedAt': 'Wed, 29 May 2019 14:22:20 GMT', 'paymentRequired': True, 'requestedDeparture': 'Wed, 29 May 2019 18:13:46 GMT', 'kWhRequested': 18.0}]",000000569,2_39_78_366_2019-05-29 14:21:46.408099,2-39-78-366,CA-323,0002,0039,2019-05-29 07:21:46-07:00,2019-05-29 11:00:55-07:00,5.063,2019-05-29 08:48:56-07:00,America/Los_Angeles
5d043c23f9af8b423929b1f1,"[{'userID': 431, 'milesRequested': 60, 'WhPerMile': 300, 'minutesAvailable': 238, 'modifiedAt': 'Wed, 29 May 2019 15:07:27 GMT', 'paymentRequired': True, 'requestedDeparture': 'Wed, 29 May 2019 19:05:00 GMT', 'kWhRequested': 18.0}]",000000431,2_39_91_437_2019-05-29 15:06:59.639331,2-39-91-437,CA-317,0002,0039,2019-05-29 08:07:00-07:00,2019-05-29 08:20:59-07:00,1.418,2019-05-29 08:20:55-07:00,America/Los_Angeles
5d043c23f9af8b423929b1f2,"[{'userID': 1095, 'milesRequested': 30, 'WhPerMile': 469, 'minutesAvailable': 447, 'modifiedAt': 'Wed, 29 May 2019 15:10:08 GMT', 'paymentRequired': True, 'requestedDeparture': 'Wed, 29 May 2019 22:36:56 GMT', 'kWhRequested': 14.07}]",000001095,2_39_79_379_2019-05-29 15:09:56.193465,2-39-79-379,CA-327,0002,0039,2019-05-29 08:09:56-07:00,2019-05-29 16:24:37-07:00,10.931,2019-05-29 12:57:04-07:00,America/Los_Angeles
5d043c23f9af8b423929b1f3,"[{'userID': 2461, 'milesRequested': 20, 'WhPerMile': 400, 'minutesAvailable': 538, 'modifiedAt': 'Wed, 29 May 2019 15:14:27 GMT', 'paymentRequired': True, 'requestedDeparture': 'Thu, 30 May 2019 00:12:28 GMT', 'kWhRequested': 8.0}, {'userID': 2461, 'milesRequested': 20, 'WhPerMile': 400, 'minutesAvailable': 538, 'modifiedAt': 'Wed, 29 May 2019 23:49:22 GMT', 'paymentRequired': True, 'requestedDeparture': 'Thu, 30 May 2019 00:12:28 GMT', 'kWhRequested': 8.0}]",000002461,2_39_89_25_2019-05-29 15:14:16.950119,2-39-89-25,CA-315,0002,0039,2019-05-29 08:14:28-07:00,2019-05-29 16:49:26-07:00,4.555,2019-05-29 09:00:49-07:00,America/Los_Angeles
5d043c23f9af8b423929b1f4,"[{'userID': 714, 'milesRequested': 90, 'WhPerMile': 200, 'minutesAvailable': 364, 'modifiedAt': 'Wed, 29 May 2019 15:20:25 GMT', 'paymentRequired': True, 'requestedDeparture': 'Wed, 29 May 2019 21:24:10 GMT', 'kWhRequested': 18.0}]",000000714,2_39_79_381_2019-05-29 15:20:10.176565,2-39-79-381,CA-490,0002,0039,2019-05-29 08:20:10-07:00,2019-05-29 16:58:22-07:00,11.928,2019-05-29 12:15:49-07:00,America/Los_Angeles
5d043c23f9af8b423929b1f5,"[{'userID': 676, 'milesRequested': 60, 'WhPerMile': 364, 'minutesAvailable': 473, 'modifiedAt': 'Wed, 29 May 2019 15:21:53 GMT', 'paymentRequired': True, 'requestedDeparture': 'Wed, 29 May 2019 23:14:43 GMT', 'kWhRequested': 21.84}]",000000676,2_39_79_377_2019-05-29 15:21:43.314768,2-39-79-377,CA-325,0002,0039,2019-05-29 08:21:43-07:00,2019-05-29 22:57:59-07:00,12.888,2019-05-29 12:39:57-07:00,America/Los_Angeles
5d043c23f9af8b423929b1f6,,,2_39_79_380_2019-05-29 15:22:41.849691,2-39-79-380,CA-489,0002,0039,2019-05-29 08:22:42-07:00,2019-05-29 17:58:02-07:00,1.051,2019-05-29 10:16:34-07:00,America/Los_Angeles
5d043c23f9af8b423929b1f7,"[{'userID': 324, 'milesRequested': 20, 'WhPerMile': 600, 'minutesAvailable': 215, 'modifiedAt': 'Wed, 29 May 2019 15:28:18 GMT', 'paymentRequired': True, 'requestedDeparture': 'Wed, 29 May 2019 19:03:01 GMT', 'kWhRequested': 12.0}]",000000324,2_39_91_437_2019-05-29 15:28:00.669575,2-39-91-437,CA-317,0002,0039,2019-05-29 08:28:01-07:00,2019-05-29 20:02:14-07:00,1.953,2019-05-29 09:29:33-07:00,America/Los_Angeles
5d043c23f9af8b423929b1f8,"[{'userID': 1470, 'milesRequested': 70, 'WhPerMile': 292, 'minutesAvailable': 232, 'modifiedAt': 'Wed, 29 May 2019 15:36:17 GMT', 'paymentRequired': True, 'requestedDeparture': 'Wed, 29 May 2019 19:27:53 GMT', 'kWhRequested': 20.44}]",000001470,2_39_78_365_2019-05-29 15:35:52.825021,2-39-78-365,CA-321,0002,0039,2019-05-29 08:35:53-07:00,2019-05-29 17:09:16-07:00,7.403,2019-05-29 15:08:45-07:00,America/Los_Angeles
5d043c23f9af8b423929b1f9,"[{'userID': 559, 'milesRequested': 40, 'WhPerMile': 313, 'minutesAvailable': 413, 'modifiedAt': 'Wed, 29 May 2019 15:37:16 GMT', 'paymentRequired': True, 'requestedDeparture': 'Wed, 29 May 2019 22:29:56 GMT', 'kWhRequested': 12.52}]",000000559,2_39_79_378_2019-05-29 15:36:56.225582,2-39-79-378,CA-326,0002,0039,2019-05-29 08:36:56-07:00,2019-05-29 14:21:37-07:00,10.144,2019-05-29 14:21:32-07:00,America/Los_Angeles
5d043c23f9af8b423929b1fa,"[{'userID': 431, 'milesRequested': 60, 'WhPerMile': 300, 'minutesAvailable': 247, 'modifiedAt': 'Wed, 29 May 2019 15:39:03 GMT', 'paymentRequired': True, 'requestedDeparture': 'Wed, 29 May 2019 19:45:42 GMT', 'kWhRequested': 18.0}]",000000431,2_39_92_436_2019-05-29 15:38:42.446331,2-39-92-436,CA-318,0002,0039,2019-05-29 08:38:42-07:00,2019-05-29 18:31:59-07:00,12.142,2019-05-29 10:45:55-07:00,America/Los_Angeles
5d043c23f9af8b423929b1fb,"[{'userID': 562, 'milesRequested': 20, 'WhPerMile': 350, 'minutesAvailable': 211, 'modifiedAt': 'Wed, 29 May 2019 15:43:13 GMT', 'paymentRequired': True, 'requestedDeparture': 'Wed, 29 May 2019 19:13:40 GMT', 'kWhRequested': 7.0}]",000000562,2_39_131_30_2019-05-29 15:42:39.686999,2-39-131-30,CA-305,0002,0039,2019-05-29 08:42:40-07:00,2019-05-29 12:45:13-07:00,4.783,2019-05-29 10:13:25-07:00,America/Los_Angeles
5d043c23f9af8b423929b1fc,"[{'userID': 620, 'milesRequested': 30, 'WhPerMile': 500, 'minutesAvailable': 496, 'modifiedAt': 'Wed, 29 May 2019 15:52:06 GMT', 'paymentRequired': True, 'requestedDeparture': 'Thu, 30 May 2019 00:07:15 GMT', 'kWhRequested': 15.0}]",000000620,2_39_128_18_2019-05-29 15:51:14.946113,2-39-128-18,CA-308,0002,0039,2019-05-29 08:51:15-07:00,2019-05-29 17:06:12-07:00,5.713,2019-05-29 10:45:51-07:00,America/Los_Angeles
5d043c23f9af8b423929b1fd,"[{'userID': 858, 'milesRequested': 20, 'WhPerMile': 400, 'minutesAvailable': 223, 'modifiedAt': 'Wed, 29 May 2019 15:57:26 GMT', 'paymentRequired': True, 'requestedDeparture': 'Wed, 29 May 2019 19:39:22 GMT', 'kWhRequested': 8.0}]",000000858,2_39_123_23_2019-05-29 15:56:22.262236,2-39-123-23,CA-313,0002,0039,2019-05-29 08:56:22-07:00,2019-05-29 16:17:16-07:00,4.924,2019-05-29 10:29:29-07:00,America/Los_Angeles
5d043c23f9af8b423929b1fe,"[{'userID': 1104, 'milesRequested': 120, 'WhPerMile': 250, 'minutesAvailable': 383, 'modifiedAt': 'Wed, 29 May 2019 15:57:44 GMT', 'paymentRequired': True, 'requestedDeparture': 'Wed, 29 May 2019 22:20:00 GMT', 'kWhRequested': 30.0}]",000001104,2_39_79_382_2019-05-29 15:57:00.110717,2-39-79-382,CA-491,0002,0039,2019-05-29 08:57:00-07:00,2019-05-29 17:31:08-07:00,18.481,2019-05-29 17:31:03-07:00,America/Los_Angeles
5d043c23f9af8b423929b1ff,"[{'userID': 743, 'milesRequested': 20, 'WhPerMile': 400, 'minutesAvailable': 468, 'modifiedAt': 'Wed, 29 May 2019 16:10:32 GMT', 'paymentRequired': True, 'requestedDeparture': 'Wed, 29 May 2019 23:57:40 GMT', 'kWhRequested': 8.0}]",000000743,2_39_89_439_2019-05-29 16:09:40.080556,2-39-89-439,CA-501,0002,0039,2019-05-29 09:09:40-07:00,2019-05-29 16:25:47-07:00,3.765,2019-05-29 10:26:58-07:00,America/Los_Angeles
5d043c23f9af8b423929b200,"[{'userID': 850, 'milesRequested': 100, 'WhPerMile': 300, 'minutesAvailable': 720, 'modifiedAt': 'Wed, 29 May 2019 16:32:12 GMT', 'paymentRequired': True, 'requestedDeparture': 'Thu, 30 May 2019 04:31:36 GMT', 'kWhRequested': 30.0}]",000000850,2_39_92_442_2019-05-29 16:31:36.443316,2-39-92-442,CA-498,0002,0039,2019-05-29 09:31:36-07:00,2019-05-29 16:32:21-07:00,20.828,2019-05-29 12:59:48-07:00,America/Los_Angeles
5d043c23f9af8b423929b201,"[{'userID': 1864, 'milesRequested': 20, 'WhPerMile': 333, 'minutesAvailable': 120, 'modifiedAt': 'Wed, 29 May 2019 16:39:14 GMT', 'paymentRequired': True, 'requestedDeparture': 'Wed, 29 May 2019 18:39:15 GMT', 'kWhRequested': 6.66}]",000001864,2_39_124_22_2019-05-29 16:38:55.325873,2-39-124-22,CA-312,0002,0039,2019-05-29 09:39:15-07:00,2019-05-29 18:07:52-07:00,2.134,2019-05-29 10:27:35-07:00,America/Los_Angeles
5d043c23f9af8b423929b202,,,2_39_78_361_2019-05-29 16:46:12.871094,2-39-78-361,CA-493,0002,0039,2019-05-29 09:46:13-07:00,2019-05-29 15:29:01-07:00,0.964,2019-05-29 13:51:27-07:00,America/Los_Angeles
5d043c23f9af8b423929b203,"[{'userID': 2170, 'milesRequested': 40, 'WhPerMile': 600, 'minutesAvailable': 191, 'modifiedAt': 'Wed, 29 May 2019 16:52:49 GMT', 'paymentRequired': True, 'requestedDeparture': 'Wed, 29 May 2019 20:02:58 GMT', 'kWhRequested': 24.0}]",000002170,2_39_79_383_2019-05-29 16:51:58.255132,2-39-79-383,CA-492,0002,0039,2019-05-29 09:51:58-07:00,2019-05-29 17:09:39-07:00,3.183,2019-05-29 17:10:38-07:00,America/Los_Angeles
5d043c23f9af8b423929b204,"[{'userID': 1007, 'milesRequested': 40, 'WhPerMile': 400, 'minutesAvailable': 371, 'modifiedAt': 'Wed, 29 May 2019 16:56:49 GMT', 'paymentRequired': True, 'requestedDeparture': 'Wed, 29 May 2019 23:07:01 GMT', 'kWhRequested': 16.0}]",000001007,2_39_90_440_2019-05-29 16:56:01.131138,2-39-90-440,CA-500,0002,0039,2019-05-29 09:56:01-07:00,2019-05-29 17:10:41-07:00,11.041,2019-05-29 13:23:53-07:00,America/Los_Angeles
5d043c23f9af8b423929b205,"[{'userID': 558, 'milesRequested': 70, 'WhPerMile': 200, 'minutesAvailable': 120, 'modifiedAt': 'Wed, 29 May 2019 17:17:59 GMT', 'paymentRequired': True, 'requestedDeparture': 'Wed, 29 May 2019 19:17:56 GMT', 'kWhRequested': 14.0}]",000000558,2_39_78_360_2019-05-29 17:17:55.928282,2-39-78-360,CA-322,0002,0039,2019-05-29 10:17:56-07:00,2019-05-29 19:13:03-07:00,11.431,2019-05-29 14:35:34-07:00,America/Los_Angeles
5d043c23f9af8b423929b206,"[{'userID': 891, 'milesRequested': 20, 'WhPerMile': 300, 'minutesAvailable': 310, 'modifiedAt': 'Wed, 29 May 2019 17:31:42 GMT', 'paymentRequired': True, 'requestedDeparture': 'Wed, 29 May 2019 22:41:35 GMT', 'kWhRequested': 6.0}]",000000891,2_39_88_24_2019-05-29 17:31:34.922437,2-39-88-24,CA-314,0002,0039,2019-05-29 10:31:35-07:00,2019-05-29 17:19:19-07:00,5.863,2019-05-29 12:26:19-07:00,America/Los_Angeles
5d043c23f9af8b423929b207,"[{'userID': 69, 'milesRequested': 100, 'WhPerMile': 300, 'minutesAvailable': 325, 'modifiedAt': 'Wed, 29 May 2019 17:37:42 GMT', 'paymentRequired': True, 'requestedDeparture': 'Wed, 29 May 2019 23:01:34 GMT', 'kWhRequested': 30.0}]",000000069,2_39_91_441_2019-05-29 17:36:34.469608,2-39-91-441,CA-499,0002,0039,2019-05-29 10:36:34-07:00,2019-05-29 18:24:28-07:00,12.274,2019-05-29 12:39:17-07:00,America/Los_Angeles
5d043c23f9af8b423929b208,"[{'userID': 1082, 'milesRequested': 40, 'WhPerMile': 400, 'minutesAvailable': 291, 'modifiedAt': 'Wed, 29 May 2019 18:07:41 GMT', 'paymentRequired': True, 'requestedDeparture': 'Wed, 29 May 2019 22:58:17 GMT', 'kWhRequested': 16.0}]",000001082,2_39_90_26_2019-05-29 18:07:17.258351,2-39-90-26,CA-316,0002,0039,2019-05-29 11:07:17-07:00,2019-05-30 01:48:34-07:00,2.077,2019-05-29 12:13:41-07:00,America/Los_Angeles
5d043c23f9af8b423929b209,"[{'userID': 560, 'milesRequested': 30, 'WhPerMile': 273, 'minutesAvailable': 167, 'modifiedAt': 'Wed, 29 May 2019 19:36:37 GMT', 'paymentRequired': True, 'requestedDeparture': 'Wed, 29 May 2019 22:23:16 GMT', 'kWhRequested': 8.19}]",000000560,2_39_125_21_2019-05-29 19:36:15.524193,2-39-125-21,CA-311,0002,0039,2019-05-29 12:36:16-07:00,2019-05-29 16:19:22-07:00,1.64,2019-05-29 13:30:06-07:00,America/Los_Angeles
5d043c23f9af8b423929b20a,"[{'userID': 562, 'milesRequested': 10, 'WhPerMile': 350, 'minutesAvailable': 211, 'modifiedAt': 'Wed, 29 May 2019 20:34:59 GMT', 'paymentRequired': True, 'requestedDeparture': 'Thu, 30 May 2019 00:05:34 GMT', 'kWhRequested': 3.5}]",000000562,2_39_95_27_2019-05-29 20:34:34.012162,2-39-95-27,CA-319,0002,0039,2019-05-29 13:34:34-07:00,2019-05-29 19:34:01-07:00,1.036,2019-05-29 13:56:53-07:00,America/Los_Angeles
5d043c23f9af8b423929b20b,"[{'userID': 1746, 'milesRequested': 20, 'WhPerMile': 600, 'minutesAvailable': 66, 'modifiedAt': 'Wed, 29 May 2019 22:19:58 GMT', 'paymentRequired': True, 'requestedDeparture': 'Wed, 29 May 2019 23:25:14 GMT', 'kWhRequested': 12.0}, {'userID': 1746, 'milesRequested': 20, 'WhPerMile': 600, 'minutesAvailable': 60, 'modifiedAt': 'Wed, 29 May 2019 22:20:29 GMT', 'paymentRequired': True, 'requestedDeparture': 'Wed, 29 May 2019 23:19:14 GMT', 'kWhRequested': 12.0}, {'userID': 1746, 'milesRequested': 20, 'WhPerMile': 600, 'minutesAvailable': 60, 'modifiedAt': 'Wed, 29 May 2019 23:43:30 GMT', 'paymentRequired': True, 'requestedDeparture': 'Wed, 29 May 2019 23:19:14 GMT', 'kWhRequested': 12.0}]",000001746,2_39_78_363_2019-05-29 22:19:14.408103,2-39-78-363,CA-320,0002,0039,2019-05-29 15:19:14-07:00,2019-05-29 16:44:08-07:00,4.204,2019-05-29 16:43:22-07:00,America/Los_Angeles
5d043c23f9af8b423929b20c,"[{'userID': 774, 'milesRequested': 20, 'WhPerMile': 400, 'minutesAvailable': 60, 'modifiedAt': 'Wed, 29 May 2019 23:28:22 GMT', 'paymentRequired': True, 'requestedDeparture': 'Thu, 30 May 2019 00:28:21 GMT', 'kWhRequested': 8.0}, {'userID': 774, 'milesRequested': 20, 'WhPerMile': 400, 'minutesAvailable': 60, 'modifiedAt': 'Wed, 29 May 2019 23:28:52 GMT', 'paymentRequired': True, 'requestedDeparture': 'Thu, 30 May 2019 00:28:21 GMT', 'kWhRequested': 8.0}]",000000774,2_39_126_20_2019-05-29 23:28:21.167806,2-39-126-20,CA-310,0002,0039,2019-05-29 16:28:21-07:00,2019-05-29 17:55:54-07:00,5.019,2019-05-29 17:55:50-07:00,America/Los_Angeles
5d043c23f9af8b423929b20d,,,2_39_130_31_2019-05-29 23:52:44.180645,2-39-130-31,CA-306,0002,0039,2019-05-29 16:52:44-07:00,2019-05-29 18:04:43-07:00,0.955,2019-05-29 17:23:00-07:00,America/Los_Angeles
5d043c23f9af8b423929b20e,"[{'userID': 1752, 'milesRequested': 30, 'WhPerMile': 400, 'minutesAvailable': 99, 'modifiedAt': 'Thu, 30 May 2019 01:24:57 GMT', 'paymentRequired': True, 'requestedDeparture': 'Thu, 30 May 2019 03:03:57 GMT', 'kWhRequested': 12.0}, {'userID': 1752, 'milesRequested': 40, 'WhPerMile': 400, 'minutesAvailable': 70, 'modifiedAt': 'Thu, 30 May 2019 01:36:00 GMT', 'paymentRequired': True, 'requestedDeparture': 'Thu, 30 May 2019 02:34:57 GMT', 'kWhRequested': 16.0}]",000001752,2_39_139_28_2019-05-30 01:24:46.684799,2-39-139-28,CA-303,0002,0039,2019-05-29 18:24:57-07:00,2019-05-29 19:46:39-07:00,4.807,2019-05-29 19:46:11-07:00,America/Los_Angeles
5d043c23f9af8b423929b20f,"[{'userID': 1564, 'milesRequested': 20, 'WhPerMile': 300, 'minutesAvailable': 147, 'modifiedAt': 'Thu, 30 May 2019 01:32:13 GMT', 'paymentRequired': True, 'requestedDeparture': 'Thu, 30 May 2019 03:58:48 GMT', 'kWhRequested': 6.0}]",000001564,2_39_131_30_2019-05-30 01:31:48.006325,2-39-131-30,CA-305,0002,0039,2019-05-29 18:31:48-07:00,2019-05-29 20:37:58-07:00,5.868,2019-05-29 19:32:36-07:00,America/Los_Angeles
5d043c23f9af8b423929b210,"[{'userID': 675, 'milesRequested': 50, 'WhPerMile': 399, 'minutesAvailable': 103, 'modifiedAt': 'Thu, 30 May 2019 01:57:05 GMT', 'paymentRequired': True, 'requestedDeparture': 'Thu, 30 May 2019 03:35:42 GMT', 'kWhRequested': 19.95}]",000000675,2_39_129_17_2019-05-30 01:52:41.875590,2-39-129-17,CA-307,0002,0039,2019-05-29 18:52:42-07:00,2019-05-29 20:44:13-07:00,4.547,2019-05-29 20:36:24-07:00,America/Los_Angeles
5d043c23f9af8b423929b211,"[{'userID': 1152, 'milesRequested': 40, 'WhPerMile': 300, 'minutesAvailable': 60, 'modifiedAt': 'Thu, 30 May 2019 04:12:49 GMT', 'paymentRequired': True, 'requestedDeparture': 'Thu, 30 May 2019 05:12:38 GMT', 'kWhRequested': 12.0}]",000001152,2_39_139_28_2019-05-30 04:12:37.823952,2-39-139-28,CA-303,0002,0039,2019-05-29 21:12:38-07:00,2019-05-30 08:16:03-07:00,11.865,2019-05-30 00:35:58-07:00,America/Los_Angeles
5d043c23f9af8b423929b212,"[{'userID': 1202, 'milesRequested': 40, 'WhPerMile': 375, 'minutesAvailable': 141, 'modifiedAt': 'Thu, 30 May 2019 04:42:05 GMT', 'paymentRequired': True, 'requestedDeparture': 'Thu, 30 May 2019 07:02:36 GMT', 'kWhRequested': 15.0}]",000001202,2_39_131_30_2019-05-30 04:41:36.491061,2-39-131-30,CA-305,0002,0039,2019-05-29 21:41:36-07:00,2019-05-30 22:35:08-07:00,5.62,2019-05-30 07:11:33-07:00,America/Los_Angeles
5d058d9ef9af8b45e96310e1,"[{'userID': 743, 'milesRequested': 20, 'WhPerMile': 400, 'minutesAvailable': 72, 'modifiedAt': 'Thu, 30 May 2019 13:20:13 GMT', 'paymentRequired': True, 'requestedDeparture': 'Thu, 30 May 2019 14:31:39 GMT', 'kWhRequested': 8.0}]",000000743,2_39_89_25_2019-05-30 13:19:38.761739,2-39-89-25,CA-315,0002,0039,2019-05-30 06:19:39-07:00,2019-05-30 07:46:36-07:00,3.862,2019-05-30 07:37:08-07:00,America/Los_Angeles
5d058d9ef9af8b45e96310e2,"[{'userID': 560, 'milesRequested': 80, 'WhPerMile': 273, 'minutesAvailable': 249, 'modifiedAt': 'Thu, 30 May 2019 13:30:43 GMT', 'paymentRequired': True, 'requestedDeparture': 'Thu, 30 May 2019 17:39:38 GMT', 'kWhRequested': 21.84}]",000000560,2_39_125_21_2019-05-30 13:30:37.941718,2-39-125-21,CA-311,0002,0039,2019-05-30 06:30:38-07:00,2019-05-30 12:23:43-07:00,18.594,2019-05-30 10:06:27-07:00,America/Los_Angeles
5d058d9ef9af8b45e96310e3,"[{'userID': 569, 'milesRequested': 60, 'WhPerMile': 300, 'minutesAvailable': 232, 'modifiedAt': 'Thu, 30 May 2019 14:20:19 GMT', 'paymentRequired': True, 'requestedDeparture': 'Thu, 30 May 2019 18:12:07 GMT', 'kWhRequested': 18.0}]",000000569,2_39_78_366_2019-05-30 14:20:07.507580,2-39-78-366,CA-323,0002,0039,2019-05-30 07:20:07-07:00,2019-05-30 17:16:45-07:00,17.883,2019-05-30 17:14:35-07:00,America/Los_Angeles
5d058d9ef9af8b45e96310e4,"[{'userID': 1534, 'milesRequested': 40, 'WhPerMile': 250, 'minutesAvailable': 404, 'modifiedAt': 'Thu, 30 May 2019 15:05:30 GMT', 'paymentRequired': True, 'requestedDeparture': 'Thu, 30 May 2019 21:48:13 GMT', 'kWhRequested': 10.0}]",000001534,2_39_124_558_2019-05-30 15:04:12.892610,2-39-124-558,CA-504,0002,0039,2019-05-30 08:04:13-07:00,2019-05-30 18:49:07-07:00,7.916,2019-05-30 10:49:00-07:00,America/Los_Angeles
5d058d9ef9af8b45e96310e5,"[{'userID': 858, 'milesRequested': 20, 'WhPerMile': 400, 'minutesAvailable': 223, 'modifiedAt': 'Thu, 30 May 2019 15:07:33 GMT', 'paymentRequired': True, 'requestedDeparture': 'Thu, 30 May 2019 18:50:19 GMT', 'kWhRequested': 8.0}]",000000858,2_39_123_23_2019-05-30 15:07:18.632138,2-39-123-23,CA-313,0002,0039,2019-05-30 08:07:19-07:00,2019-05-30 16:06:38-07:00,5.213,2019-05-30 09:45:18-07:00,America/Los_Angeles
5d058d9ef9af8b45e96310e6,"[{'userID': 1957, 'milesRequested': 60, 'WhPerMile': 400, 'minutesAvailable': 283, 'modifiedAt': 'Thu, 30 May 2019 15:27:09 GMT', 'paymentRequired': True, 'requestedDeparture': 'Thu, 30 May 2019 20:09:15 GMT', 'kWhRequested': 24.0}]",000001957,2_39_79_383_2019-05-30 15:26:15.467938,2-39-79-383,CA-492,0002,0039,2019-05-30 08:26:15-07:00,2019-05-30 17:34:09-07:00,9.406,2019-05-30 13:27:39-07:00,America/Los_Angeles
5d058d9ef9af8b45e96310e7,"[{'userID': 2461, 'milesRequested': 20, 'WhPerMile': 400, 'minutesAvailable': 447, 'modifiedAt': 'Thu, 30 May 2019 15:27:02 GMT', 'paymentRequired': True, 'requestedDeparture': 'Thu, 30 May 2019 22:54:02 GMT', 'kWhRequested': 8.0}]",000002461,2_39_91_437_2019-05-30 15:26:46.799700,2-39-91-437,CA-317,0002,0039,2019-05-30 08:27:02-07:00,2019-05-30 16:09:24-07:00,4.622,2019-05-30 09:15:21-07:00,America/Los_Angeles
5d058d9ef9af8b45e96310e8,"[{'userID': 676, 'milesRequested': 60, 'WhPerMile': 364, 'minutesAvailable': 473, 'modifiedAt': 'Thu, 30 May 2019 15:31:55 GMT', 'paymentRequired': True, 'requestedDeparture': 'Thu, 30 May 2019 23:24:04 GMT', 'kWhRequested': 21.84}]",000000676,2_39_79_379_2019-05-30 15:31:04.100970,2-39-79-379,CA-327,0002,0039,2019-05-30 08:31:04-07:00,2019-05-30 21:20:13-07:00,13.697,2019-05-30 12:42:20-07:00,America/Los_Angeles
5d058d9ef9af8b45e96310e9,"[{'userID': 562, 'milesRequested': 20, 'WhPerMile': 350, 'minutesAvailable': 211, 'modifiedAt': 'Thu, 30 May 2019 15:44:56 GMT', 'paymentRequired': True, 'requestedDeparture': 'Thu, 30 May 2019 19:14:50 GMT', 'kWhRequested': 7.0}]",000000562,2_39_139_28_2019-05-30 15:43:49.564635,2-39-139-28,CA-303,0002,0039,2019-05-30 08:43:50-07:00,2019-05-30 11:46:05-07:00,4.719,2019-05-30 10:22:40-07:00,America/Los_Angeles
5d058d9ef9af8b45e96310ea,"[{'userID': 714, 'milesRequested': 90, 'WhPerMile': 200, 'minutesAvailable': 364, 'modifiedAt': 'Thu, 30 May 2019 15:58:57 GMT', 'paymentRequired': True, 'requestedDeparture': 'Thu, 30 May 2019 22:02:30 GMT', 'kWhRequested': 18.0}]",000000714,2_39_79_381_2019-05-30 15:58:30.126870,2-39-79-381,CA-490,0002,0039,2019-05-30 08:58:30-07:00,2019-05-30 17:09:30-07:00,9.864,2019-05-30 11:36:31-07:00,America/Los_Angeles
5d058d9ef9af8b45e96310eb,"[{'userID': 1470, 'milesRequested': 70, 'WhPerMile': 292, 'minutesAvailable': 358, 'modifiedAt': 'Thu, 30 May 2019 16:11:38 GMT', 'paymentRequired': True, 'requestedDeparture': 'Thu, 30 May 2019 22:07:29 GMT', 'kWhRequested': 20.44}]",000001470,2_39_89_25_2019-05-30 16:09:29.202899,2-39-89-25,CA-315,0002,0039,2019-05-30 09:09:29-07:00,2019-05-30 17:11:50-07:00,10.925,2019-05-30 11:38:34-07:00,America/Los_Angeles
5d058d9ef9af8b45e96310ec,"[{'userID': 336, 'milesRequested': 60, 'WhPerMile': 292, 'minutesAvailable': 172, 'modifiedAt': 'Thu, 30 May 2019 16:13:16 GMT', 'paymentRequired': True, 'requestedDeparture': 'Thu, 30 May 2019 19:02:22 GMT', 'kWhRequested': 17.52}]",000000336,2_39_95_444_2019-05-30 16:10:22.128992,2-39-95-444,CA-497,0002,0039,2019-05-30 09:10:22-07:00,2019-05-30 11:26:39-07:00,12.592,2019-05-30 11:26:35-07:00,America/Los_Angeles
5d058d9ef9af8b45e96310ed,"[{'userID': 743, 'milesRequested': 20, 'WhPerMile': 400, 'minutesAvailable': 484, 'modifiedAt': 'Thu, 30 May 2019 16:20:45 GMT', 'paymentRequired': True, 'requestedDeparture': 'Fri, 31 May 2019 00:23:48 GMT', 'kWhRequested': 8.0}]",000000743,2_39_89_439_2019-05-30 16:19:48.206355,2-39-89-439,CA-501,0002,0039,2019-05-30 09:19:48-07:00,2019-05-30 17:47:26-07:00,4.146,2019-05-30 11:08:10-07:00,America/Los_Angeles
5d058d9ef9af8b45e96310ee,"[{'userID': 620, 'milesRequested': 30, 'WhPerMile': 500, 'minutesAvailable': 496, 'modifiedAt': 'Thu, 30 May 2019 16:27:05 GMT', 'paymentRequired': True, 'requestedDeparture': 'Fri, 31 May 2019 00:42:31 GMT', 'kWhRequested': 15.0}]",000000620,2_39_92_436_2019-05-30 16:26:30.923068,2-39-92-436,CA-318,0002,0039,2019-05-30 09:26:31-07:00,2019-05-30 16:30:16-07:00,6.758,2019-05-30 12:02:22-07:00,America/Los_Angeles
5d058d9ef9af8b45e96310ef,"[{'userID': 579, 'milesRequested': 110, 'WhPerMile': 525, 'minutesAvailable': 490, 'modifiedAt': 'Thu, 30 May 2019 16:32:30 GMT', 'paymentRequired': True, 'requestedDeparture': 'Fri, 31 May 2019 00:42:15 GMT', 'kWhRequested': 57.75}]",000000579,2_39_78_363_2019-05-30 16:32:14.769048,2-39-78-363,CA-320,0002,0039,2019-05-30 09:32:15-07:00,2019-05-30 17:19:57-07:00,22.209,2019-05-30 13:37:49-07:00,America/Los_Angeles
5d058d9ef9af8b45e96310f0,"[{'userID': 850, 'milesRequested': 100, 'WhPerMile': 300, 'minutesAvailable': 720, 'modifiedAt': 'Thu, 30 May 2019 16:47:12 GMT', 'paymentRequired': True, 'requestedDeparture': 'Fri, 31 May 2019 04:46:52 GMT', 'kWhRequested': 30.0}]",000000850,2_39_91_441_2019-05-30 16:46:51.758963,2-39-91-441,CA-499,0002,0039,2019-05-30 09:46:52-07:00,2019-05-31 03:21:04-07:00,17.948,2019-05-30 12:43:04-07:00,America/Los_Angeles
5d058d9ef9af8b45e96310f1,"[{'userID': 69, 'milesRequested': 100, 'WhPerMile': 300, 'minutesAvailable': 296, 'modifiedAt': 'Thu, 30 May 2019 16:49:01 GMT', 'paymentRequired': True, 'requestedDeparture': 'Thu, 30 May 2019 21:44:39 GMT', 'kWhRequested': 30.0}]",000000069,2_39_79_380_2019-05-30 16:48:39.120919,2-39-79-380,CA-489,0002,0039,2019-05-30 09:48:39-07:00,2019-05-30 17:53:58-07:00,10.155,2019-05-30 11:33:32-07:00,America/Los_Angeles
5d058d9ef9af8b45e96310f2,"[{'userID': 1826, 'milesRequested': 70, 'WhPerMile': 400, 'minutesAvailable': 231, 'modifiedAt': 'Thu, 30 May 2019 16:49:32 GMT', 'paymentRequired': True, 'requestedDeparture': 'Thu, 30 May 2019 20:40:20 GMT', 'kWhRequested': 28.0}]",000001826,2_39_90_26_2019-05-30 16:49:19.547743,2-39-90-26,CA-316,0002,0039,2019-05-30 09:49:20-07:00,2019-05-30 13:27:50-07:00,13.933,2019-05-30 12:03:11-07:00,America/Los_Angeles
5d058d9ef9af8b45e96310f3,"[{'userID': 891, 'milesRequested': 20, 'WhPerMile': 300, 'minutesAvailable': 310, 'modifiedAt': 'Thu, 30 May 2019 16:55:31 GMT', 'paymentRequired': True, 'requestedDeparture': 'Thu, 30 May 2019 22:05:23 GMT', 'kWhRequested': 6.0}]",000000891,2_39_88_24_2019-05-30 16:55:23.355530,2-39-88-24,CA-314,0002,0039,2019-05-30 09:55:23-07:00,2019-05-30 17:30:01-07:00,1.922,2019-05-30 10:57:54-07:00,America/Los_Angeles
5d058d9ef9af8b45e96310f4,"[{'userID': 2170, 'milesRequested': 40, 'WhPerMile': 600, 'minutesAvailable': 191, 'modifiedAt': 'Thu, 30 May 2019 17:07:12 GMT', 'paymentRequired': True, 'requestedDeparture': 'Thu, 30 May 2019 20:17:53 GMT', 'kWhRequested': 24.0}]",000002170,2_39_95_27_2019-05-30 17:06:52.938574,2-39-95-27,CA-319,0002,0039,2019-05-30 10:06:53-07:00,2019-05-30 19:58:15-07:00,9.489,2019-05-30 13:20:18-07:00,America/Los_Angeles
5d058d9ef9af8b45e96310f5,"[{'userID': 1208, 'milesRequested': 170, 'WhPerMile': 400, 'minutesAvailable': 436, 'modifiedAt': 'Thu, 30 May 2019 17:11:11 GMT', 'paymentRequired': True, 'requestedDeparture': 'Fri, 31 May 2019 00:24:52 GMT', 'kWhRequested': 68.0}]",000001208,2_39_78_361_2019-05-30 17:08:51.654089,2-39-78-361,CA-493,0002,0039,2019-05-30 10:08:52-07:00,2019-05-30 18:03:35-07:00,36.03,2019-05-30 18:03:29-07:00,America/Los_Angeles
5d058d9ef9af8b45e96310f6,"[{'userID': 558, 'milesRequested': 70, 'WhPerMile': 200, 'minutesAvailable': 120, 'modifiedAt': 'Thu, 30 May 2019 17:14:04 GMT', 'paymentRequired': True, 'requestedDeparture': 'Thu, 30 May 2019 19:14:02 GMT', 'kWhRequested': 14.0}]",000000558,2_39_92_442_2019-05-30 17:14:01.747072,2-39-92-442,CA-498,0002,0039,2019-05-30 10:14:02-07:00,2019-05-30 18:54:00-07:00,11.258,2019-05-30 12:28:32-07:00,America/Los_Angeles
5d058d9ef9af8b45e96310f7,"[{'userID': 1095, 'milesRequested': 20, 'WhPerMile': 469, 'minutesAvailable': 447, 'modifiedAt': 'Thu, 30 May 2019 17:17:01 GMT', 'paymentRequired': True, 'requestedDeparture': 'Fri, 31 May 2019 00:43:43 GMT', 'kWhRequested': 9.38}, {'userID': 1095, 'milesRequested': 30, 'WhPerMile': 469, 'minutesAvailable': 61, 'modifiedAt': 'Thu, 30 May 2019 17:19:06 GMT', 'paymentRequired': True, 'requestedDeparture': 'Thu, 30 May 2019 18:17:43 GMT', 'kWhRequested': 14.07}, {'userID': 1095, 'milesRequested': 30, 'WhPerMile': 469, 'minutesAvailable': 62, 'modifiedAt': 'Thu, 30 May 2019 22:10:17 GMT', 'paymentRequired': True, 'requestedDeparture': 'Thu, 30 May 2019 18:18:43 GMT', 'kWhRequested': 14.07}]",000001095,2_39_90_440_2019-05-30 17:16:42.580885,2-39-90-440,CA-500,0002,0039,2019-05-30 10:16:43-07:00,2019-05-30 18:14:00-07:00,11.368,2019-05-30 12:12:30-07:00,America/Los_Angeles
5d058d9ef9af8b45e96310f8,"[{'userID': 1137, 'milesRequested': 50, 'WhPerMile': 400, 'minutesAvailable': 320, 'modifiedAt': 'Thu, 30 May 2019 17:55:39 GMT', 'paymentRequired': True, 'requestedDeparture': 'Thu, 30 May 2019 23:14:24 GMT', 'kWhRequested': 20.0}]",000001137,2_39_78_360_2019-05-30 17:54:24.041844,2-39-78-360,CA-322,0002,0039,2019-05-30 10:54:24-07:00,2019-05-30 17:21:02-07:00,10.905,2019-05-30 15:17:24-07:00,America/Los_Angeles
5d058d9ef9af8b45e96310f9,"[{'userID': 1124, 'milesRequested': 20, 'WhPerMile': 450, 'minutesAvailable': 30, 'modifiedAt': 'Thu, 30 May 2019 19:59:29 GMT', 'paymentRequired': True, 'requestedDeparture': 'Thu, 30 May 2019 20:28:47 GMT', 'kWhRequested': 9.0}]",000001124,2_39_79_376_2019-05-30 19:58:46.961324,2-39-79-376,CA-324,0002,0039,2019-05-30 12:58:47-07:00,2019-05-30 18:57:39-07:00,6.581,2019-05-30 14:58:22-07:00,America/Los_Angeles
5d058d9ef9af8b45e96310fa,"[{'userID': 562, 'milesRequested': 10, 'WhPerMile': 350, 'minutesAvailable': 211, 'modifiedAt': 'Thu, 30 May 2019 20:08:20 GMT', 'paymentRequired': True, 'requestedDeparture': 'Thu, 30 May 2019 23:37:52 GMT', 'kWhRequested': 3.5}]",000000562,2_39_124_22_2019-05-30 20:06:51.563394,2-39-124-22,CA-312,0002,0039,2019-05-30 13:06:52-07:00,2019-05-30 18:56:48-07:00,1.404,2019-05-30 13:36:32-07:00,America/Los_Angeles
5d058d9ef9af8b45e96310fb,"[{'userID': 1274, 'milesRequested': 50, 'WhPerMile': 333, 'minutesAvailable': 166, 'modifiedAt': 'Thu, 30 May 2019 20:13:46 GMT', 'paymentRequired': True, 'requestedDeparture': 'Thu, 30 May 2019 22:58:33 GMT', 'kWhRequested': 16.65}]",000001274,2_39_78_362_2019-05-30 20:12:32.512325,2-39-78-362,CA-496,0002,0039,2019-05-30 13:12:33-07:00,2019-05-30 16:35:06-07:00,16.422,2019-05-30 16:36:05-07:00,America/Los_Angeles
5d058d9ef9af8b45e96310fc,"[{'userID': 560, 'milesRequested': 20, 'WhPerMile': 273, 'minutesAvailable': 249, 'modifiedAt': 'Thu, 30 May 2019 20:13:13 GMT', 'paymentRequired': True, 'requestedDeparture': 'Fri, 31 May 2019 00:21:58 GMT', 'kWhRequested': 5.46}]",000000560,2_39_79_378_2019-05-30 20:12:58.151899,2-39-79-378,CA-326,0002,0039,2019-05-30 13:12:58-07:00,2019-05-30 16:08:00-07:00,1.237,2019-05-30 14:05:46-07:00,America/Los_Angeles
5d058d9ef9af8b45e96310fd,"[{'userID': 2607, 'milesRequested': 70, 'WhPerMile': 400, 'minutesAvailable': 284, 'modifiedAt': 'Thu, 30 May 2019 20:16:19 GMT', 'paymentRequired': True, 'requestedDeparture': 'Fri, 31 May 2019 00:58:52 GMT', 'kWhRequested': 28.0}, {'userID': 2607, 'milesRequested': 70, 'WhPerMile': 400, 'minutesAvailable': 193, 'modifiedAt': 'Thu, 30 May 2019 20:36:37 GMT', 'paymentRequired': True, 'requestedDeparture': 'Thu, 30 May 2019 23:27:52 GMT', 'kWhRequested': 28.0}, {'userID': 2607, 'milesRequested': 90, 'WhPerMile': 400, 'minutesAvailable': 80, 'modifiedAt': 'Thu, 30 May 2019 20:37:17 GMT', 'paymentRequired': True, 'requestedDeparture': 'Thu, 30 May 2019 21:34:52 GMT', 'kWhRequested': 36.0}]",000002607,2_39_78_364_2019-05-30 20:14:51.865981,2-39-78-364,CA-495,0002,0039,2019-05-30 13:14:52-07:00,2019-05-30 16:50:26-07:00,10.876,2019-05-30 16:49:36-07:00,America/Los_Angeles
5d058d9ef9af8b45e96310fe,,,2_39_139_28_2019-05-30 22:59:43.843070,2-39-139-28,CA-303,0002,0039,2019-05-30 15:59:44-07:00,2019-05-30 16:30:32-07:00,0.842,2019-05-30 16:31:31-07:00,America/Los_Angeles
5d058d9ef9af8b45e96310ff,"[{'userID': 1864, 'milesRequested': 20, 'WhPerMile': 333, 'minutesAvailable': 120, 'modifiedAt': 'Fri, 31 May 2019 00:34:30 GMT', 'paymentRequired': True, 'requestedDeparture': 'Fri, 31 May 2019 02:34:16 GMT', 'kWhRequested': 6.66}, {'userID': 1864, 'milesRequested': 20, 'WhPerMile': 333, 'minutesAvailable': 88, 'modifiedAt': 'Fri, 31 May 2019 00:34:54 GMT', 'paymentRequired': True, 'requestedDeparture': 'Fri, 31 May 2019 02:02:16 GMT', 'kWhRequested': 6.66}]",000001864,2_39_79_381_2019-05-31 00:34:16.029713,2-39-79-381,CA-490,0002,0039,2019-05-30 17:34:16-07:00,2019-05-30 18:07:10-07:00,1.372,2019-05-30 18:07:02-07:00,America/Los_Angeles
5d058d9ef9af8b45e9631100,"[{'userID': 1746, 'milesRequested': 20, 'WhPerMile': 600, 'minutesAvailable': 66, 'modifiedAt': 'Fri, 31 May 2019 01:00:59 GMT', 'paymentRequired': True, 'requestedDeparture': 'Fri, 31 May 2019 02:05:49 GMT', 'kWhRequested': 12.0}, {'userID': 1746, 'milesRequested': 20, 'WhPerMile': 600, 'minutesAvailable': 66, 'modifiedAt': 'Fri, 31 May 2019 03:15:48 GMT', 'paymentRequired': True, 'requestedDeparture': 'Fri, 31 May 2019 02:05:49 GMT', 'kWhRequested': 12.0}]",000001746,2_39_78_362_2019-05-31 00:59:49.232421,2-39-78-362,CA-496,0002,0039,2019-05-30 17:59:49-07:00,2019-05-30 20:16:02-07:00,3.753,2019-05-30 20:17:01-07:00,America/Los_Angeles
5d06df21f9af8b49d101c582,"[{'userID': 560, 'milesRequested': 70, 'WhPerMile': 273, 'minutesAvailable': 281, 'modifiedAt': 'Fri, 31 May 2019 13:29:13 GMT', 'paymentRequired': True, 'requestedDeparture': 'Fri, 31 May 2019 18:10:07 GMT', 'kWhRequested': 19.11}]",000000560,2_39_125_21_2019-05-31 13:29:07.286110,2-39-125-21,CA-311,0002,0039,2019-05-31 06:29:07-07:00,2019-05-31 12:21:06-07:00,18.984,2019-05-31 10:06:42-07:00,America/Los_Angeles
5d06df21f9af8b49d101c583,"[{'userID': 1524, 'milesRequested': 20, 'WhPerMile': 400, 'minutesAvailable': 150, 'modifiedAt': 'Fri, 31 May 2019 14:45:28 GMT', 'paymentRequired': True, 'requestedDeparture': 'Fri, 31 May 2019 17:09:40 GMT', 'kWhRequested': 8.0}]",000001524,2_39_78_364_2019-05-31 14:39:39.550877,2-39-78-364,CA-495,0002,0039,2019-05-31 07:39:40-07:00,2019-05-31 17:18:14-07:00,4.085,2019-05-31 08:55:18-07:00,America/Los_Angeles
5d06df21f9af8b49d101c584,"[{'userID': 569, 'milesRequested': 80, 'WhPerMile': 300, 'minutesAvailable': 492, 'modifiedAt': 'Fri, 31 May 2019 14:44:23 GMT', 'paymentRequired': True, 'requestedDeparture': 'Fri, 31 May 2019 22:55:56 GMT', 'kWhRequested': 24.0}]",000000569,2_39_78_366_2019-05-31 14:43:55.808295,2-39-78-366,CA-323,0002,0039,2019-05-31 07:43:56-07:00,2019-05-31 17:21:20-07:00,13.765,2019-05-31 15:58:36-07:00,America/Los_Angeles
5d06df21f9af8b49d101c585,"[{'userID': 1564, 'milesRequested': 20, 'WhPerMile': 300, 'minutesAvailable': 398, 'modifiedAt': 'Fri, 31 May 2019 14:51:00 GMT', 'paymentRequired': True, 'requestedDeparture': 'Fri, 31 May 2019 21:28:53 GMT', 'kWhRequested': 6.0}, {'userID': 1564, 'milesRequested': 40, 'WhPerMile': 300, 'minutesAvailable': 343, 'modifiedAt': 'Fri, 31 May 2019 14:51:30 GMT', 'paymentRequired': True, 'requestedDeparture': 'Fri, 31 May 2019 20:33:53 GMT', 'kWhRequested': 12.0}]",000001564,2_39_139_28_2019-05-31 14:50:52.987379,2-39-139-28,CA-303,0002,0039,2019-05-31 07:50:53-07:00,2019-05-31 15:00:52-07:00,8.329,2019-05-31 09:58:57-07:00,America/Los_Angeles
5d06df21f9af8b49d101c586,"[{'userID': 858, 'milesRequested': 20, 'WhPerMile': 400, 'minutesAvailable': 223, 'modifiedAt': 'Fri, 31 May 2019 15:02:31 GMT', 'paymentRequired': True, 'requestedDeparture': 'Fri, 31 May 2019 18:45:11 GMT', 'kWhRequested': 8.0}]",000000858,2_39_123_23_2019-05-31 15:02:11.447760,2-39-123-23,CA-313,0002,0039,2019-05-31 08:02:11-07:00,2019-05-31 16:44:04-07:00,4.077,2019-05-31 09:20:28-07:00,America/Los_Angeles
5d06df21f9af8b49d101c587,"[{'userID': 818, 'milesRequested': 150, 'WhPerMile': 250, 'minutesAvailable': 465, 'modifiedAt': 'Fri, 31 May 2019 15:15:45 GMT', 'paymentRequired': True, 'requestedDeparture': 'Fri, 31 May 2019 23:00:13 GMT', 'kWhRequested': 37.5}]",000000818,2_39_92_442_2019-05-31 15:15:12.881459,2-39-92-442,CA-498,0002,0039,2019-05-31 08:15:13-07:00,2019-05-31 20:29:46-07:00,37.383,2019-05-31 15:52:24-07:00,America/Los_Angeles
5d06df21f9af8b49d101c588,"[{'userID': 1534, 'milesRequested': 30, 'WhPerMile': 250, 'minutesAvailable': 60, 'modifiedAt': 'Fri, 31 May 2019 15:16:50 GMT', 'paymentRequired': True, 'requestedDeparture': 'Fri, 31 May 2019 16:16:50 GMT', 'kWhRequested': 7.5}]",000001534,2_39_124_558_2019-05-31 15:16:42.605483,2-39-124-558,CA-504,0002,0039,2019-05-31 08:16:50-07:00,2019-05-31 15:59:46-07:00,5.334,2019-05-31 09:53:50-07:00,America/Los_Angeles
5d06df21f9af8b49d101c589,"[{'userID': 562, 'milesRequested': 20, 'WhPerMile': 350, 'minutesAvailable': 211, 'modifiedAt': 'Fri, 31 May 2019 15:22:43 GMT', 'paymentRequired': True, 'requestedDeparture': 'Fri, 31 May 2019 18:53:22 GMT', 'kWhRequested': 7.0}]",000000562,2_39_131_30_2019-05-31 15:22:22.275196,2-39-131-30,CA-305,0002,0039,2019-05-31 08:22:22-07:00,2019-05-31 12:04:02-07:00,4.395,2019-05-31 09:44:59-07:00,America/Los_Angeles
5d06df21f9af8b49d101c58a,"[{'userID': 559, 'milesRequested': 60, 'WhPerMile': 313, 'minutesAvailable': 423, 'modifiedAt': 'Fri, 31 May 2019 15:28:07 GMT', 'paymentRequired': True, 'requestedDeparture': 'Fri, 31 May 2019 22:30:37 GMT', 'kWhRequested': 18.78}]",000000559,2_39_138_29_2019-05-31 15:27:37.231926,2-39-138-29,CA-304,0002,0039,2019-05-31 08:27:37-07:00,2019-05-31 17:36:54-07:00,15.937,2019-05-31 12:03:38-07:00,America/Los_Angeles
5d06df21f9af8b49d101c58b,"[{'userID': 743, 'milesRequested': 20, 'WhPerMile': 400, 'minutesAvailable': 406, 'modifiedAt': 'Fri, 31 May 2019 15:47:46 GMT', 'paymentRequired': True, 'requestedDeparture': 'Fri, 31 May 2019 22:32:41 GMT', 'kWhRequested': 8.0}]",000000743,2_39_89_25_2019-05-31 15:46:41.421428,2-39-89-25,CA-315,0002,0039,2019-05-31 08:46:41-07:00,2019-05-31 16:26:42-07:00,3.659,2019-05-31 10:01:14-07:00,America/Los_Angeles
5d06df21f9af8b49d101c58c,"[{'userID': 1470, 'milesRequested': 80, 'WhPerMile': 292, 'minutesAvailable': 297, 'modifiedAt': 'Fri, 31 May 2019 15:51:42 GMT', 'paymentRequired': True, 'requestedDeparture': 'Fri, 31 May 2019 20:48:17 GMT', 'kWhRequested': 23.36}, {'userID': 1470, 'milesRequested': 80, 'WhPerMile': 292, 'minutesAvailable': 61, 'modifiedAt': 'Fri, 31 May 2019 15:53:04 GMT', 'paymentRequired': True, 'requestedDeparture': 'Fri, 31 May 2019 16:52:17 GMT', 'kWhRequested': 23.36}]",000001470,2_39_95_27_2019-05-31 15:51:17.398152,2-39-95-27,CA-319,0002,0039,2019-05-31 08:51:17-07:00,2019-05-31 17:00:20-07:00,9.059,2019-05-31 10:12:59-07:00,America/Los_Angeles
5d06df21f9af8b49d101c58d,"[{'userID': 620, 'milesRequested': 30, 'WhPerMile': 500, 'minutesAvailable': 496, 'modifiedAt': 'Fri, 31 May 2019 16:15:25 GMT', 'paymentRequired': True, 'requestedDeparture': 'Sat, 01 Jun 2019 00:31:02 GMT', 'kWhRequested': 15.0}]",000000620,2_39_130_31_2019-05-31 16:15:02.421753,2-39-130-31,CA-306,0002,0039,2019-05-31 09:15:02-07:00,2019-05-31 17:08:51-07:00,7.129,2019-05-31 11:25:16-07:00,America/Los_Angeles
5d06df21f9af8b49d101c58e,"[{'userID': 712, 'milesRequested': 40, 'WhPerMile': 600, 'minutesAvailable': 341, 'modifiedAt': 'Fri, 31 May 2019 16:18:33 GMT', 'paymentRequired': True, 'requestedDeparture': 'Fri, 31 May 2019 21:59:24 GMT', 'kWhRequested': 24.0}]",000000712,2_39_129_17_2019-05-31 16:18:24.467004,2-39-129-17,CA-307,0002,0039,2019-05-31 09:18:24-07:00,2019-05-31 17:31:12-07:00,12.342,2019-05-31 12:49:14-07:00,America/Los_Angeles
5d06df21f9af8b49d101c58f,"[{'userID': 2170, 'milesRequested': 40, 'WhPerMile': 600, 'minutesAvailable': 191, 'modifiedAt': 'Fri, 31 May 2019 16:34:33 GMT', 'paymentRequired': True, 'requestedDeparture': 'Fri, 31 May 2019 19:44:37 GMT', 'kWhRequested': 24.0}]",000002170,2_39_91_437_2019-05-31 16:33:37.472216,2-39-91-437,CA-317,0002,0039,2019-05-31 09:33:37-07:00,2019-05-31 18:46:03-07:00,10.89,2019-05-31 12:54:36-07:00,America/Los_Angeles
5d06df21f9af8b49d101c590,"[{'userID': 324, 'milesRequested': 20, 'WhPerMile': 600, 'minutesAvailable': 137, 'modifiedAt': 'Fri, 31 May 2019 16:43:12 GMT', 'paymentRequired': True, 'requestedDeparture': 'Fri, 31 May 2019 19:00:00 GMT', 'kWhRequested': 12.0}]",000000324,2_39_92_436_2019-05-31 16:42:59.905350,2-39-92-436,CA-318,0002,0039,2019-05-31 09:43:00-07:00,2019-05-31 12:24:50-07:00,2.072,2019-05-31 10:46:50-07:00,America/Los_Angeles
5d06df21f9af8b49d101c591,,,2_39_79_377_2019-05-31 17:05:10.566405,2-39-79-377,CA-325,0002,0039,2019-05-31 10:05:11-07:00,2019-05-31 18:02:07-07:00,1.158,2019-05-31 16:27:56-07:00,America/Los_Angeles
5d06df21f9af8b49d101c592,"[{'userID': 69, 'milesRequested': 100, 'WhPerMile': 300, 'minutesAvailable': 314, 'modifiedAt': 'Fri, 31 May 2019 17:07:26 GMT', 'paymentRequired': True, 'requestedDeparture': 'Fri, 31 May 2019 22:20:58 GMT', 'kWhRequested': 30.0}]",000000069,2_39_79_380_2019-05-31 17:06:58.226649,2-39-79-380,CA-489,0002,0039,2019-05-31 10:06:58-07:00,2019-05-31 17:07:42-07:00,11.345,2019-05-31 12:00:23-07:00,America/Los_Angeles
5d06df21f9af8b49d101c593,"[{'userID': 579, 'milesRequested': 110, 'WhPerMile': 525, 'minutesAvailable': 410, 'modifiedAt': 'Fri, 31 May 2019 17:11:03 GMT', 'paymentRequired': True, 'requestedDeparture': 'Fri, 31 May 2019 23:58:57 GMT', 'kWhRequested': 57.75}]",000000579,2_39_78_363_2019-05-31 17:08:57.218129,2-39-78-363,CA-320,0002,0039,2019-05-31 10:08:57-07:00,2019-05-31 15:19:43-07:00,20.887,2019-05-31 14:58:37-07:00,America/Los_Angeles
5d06df21f9af8b49d101c594,"[{'userID': 558, 'milesRequested': 70, 'WhPerMile': 200, 'minutesAvailable': 120, 'modifiedAt': 'Fri, 31 May 2019 17:10:18 GMT', 'paymentRequired': True, 'requestedDeparture': 'Fri, 31 May 2019 19:10:13 GMT', 'kWhRequested': 14.0}]",000000558,2_39_90_26_2019-05-31 17:10:12.816876,2-39-90-26,CA-316,0002,0039,2019-05-31 10:10:13-07:00,2019-05-31 19:16:24-07:00,11.749,2019-05-31 12:01:52-07:00,America/Los_Angeles
5d06df21f9af8b49d101c595,"[{'userID': 891, 'milesRequested': 20, 'WhPerMile': 300, 'minutesAvailable': 310, 'modifiedAt': 'Fri, 31 May 2019 17:20:29 GMT', 'paymentRequired': True, 'requestedDeparture': 'Fri, 31 May 2019 22:29:14 GMT', 'kWhRequested': 6.0}]",000000891,2_39_88_24_2019-05-31 17:19:13.624612,2-39-88-24,CA-314,0002,0039,2019-05-31 10:19:14-07:00,2019-05-31 17:59:18-07:00,2.036,2019-05-31 11:06:31-07:00,America/Los_Angeles
5d06df21f9af8b49d101c596,,,2_39_78_360_2019-05-31 17:39:15.993878,2-39-78-360,CA-322,0002,0039,2019-05-31 10:39:16-07:00,2019-05-31 13:56:03-07:00,0.925,2019-05-31 11:09:33-07:00,America/Los_Angeles
5d06df21f9af8b49d101c597,"[{'userID': 668, 'milesRequested': 40, 'WhPerMile': 400, 'minutesAvailable': 233, 'modifiedAt': 'Fri, 31 May 2019 17:59:50 GMT', 'paymentRequired': True, 'requestedDeparture': 'Fri, 31 May 2019 21:52:09 GMT', 'kWhRequested': 16.0}]",000000668,2_39_79_379_2019-05-31 17:59:09.451509,2-39-79-379,CA-327,0002,0039,2019-05-31 10:59:09-07:00,2019-05-31 13:58:35-07:00,6.092,2019-05-31 12:03:54-07:00,America/Los_Angeles
5d06df21f9af8b49d101c598,"[{'userID': 1082, 'milesRequested': 40, 'WhPerMile': 400, 'minutesAvailable': 291, 'modifiedAt': 'Fri, 31 May 2019 18:01:42 GMT', 'paymentRequired': True, 'requestedDeparture': 'Fri, 31 May 2019 22:52:13 GMT', 'kWhRequested': 16.0}]",000001082,2_39_124_22_2019-05-31 18:01:13.015421,2-39-124-22,CA-312,0002,0039,2019-05-31 11:01:13-07:00,2019-06-01 02:59:24-07:00,2.167,2019-05-31 12:06:29-07:00,America/Los_Angeles
5d06df21f9af8b49d101c599,"[{'userID': 1093, 'milesRequested': 30, 'WhPerMile': 333, 'minutesAvailable': 282, 'modifiedAt': 'Fri, 31 May 2019 18:13:41 GMT', 'paymentRequired': True, 'requestedDeparture': 'Fri, 31 May 2019 22:55:21 GMT', 'kWhRequested': 9.99}]",000001093,2_39_79_376_2019-05-31 18:13:21.455008,2-39-79-376,CA-324,0002,0039,2019-05-31 11:13:21-07:00,2019-05-31 13:35:02-07:00,5.829,2019-05-31 13:34:57-07:00,America/Los_Angeles
5d06df21f9af8b49d101c59a,"[{'userID': 1126, 'milesRequested': 80, 'WhPerMile': 250, 'minutesAvailable': 418, 'modifiedAt': 'Fri, 31 May 2019 18:24:51 GMT', 'paymentRequired': True, 'requestedDeparture': 'Sat, 01 Jun 2019 01:22:41 GMT', 'kWhRequested': 20.0}]",000001126,2_39_78_365_2019-05-31 18:24:40.762331,2-39-78-365,CA-321,0002,0039,2019-05-31 11:24:41-07:00,2019-05-31 18:08:36-07:00,3.412,2019-05-31 12:38:51-07:00,America/Los_Angeles
5d06df21f9af8b49d101c59b,"[{'userID': 1007, 'milesRequested': 40, 'WhPerMile': 400, 'minutesAvailable': 247, 'modifiedAt': 'Fri, 31 May 2019 18:56:07 GMT', 'paymentRequired': True, 'requestedDeparture': 'Fri, 31 May 2019 23:03:01 GMT', 'kWhRequested': 16.0}, {'userID': 1007, 'milesRequested': 40, 'WhPerMile': 400, 'minutesAvailable': 247, 'modifiedAt': 'Fri, 31 May 2019 18:56:32 GMT', 'paymentRequired': True, 'requestedDeparture': 'Fri, 31 May 2019 23:03:01 GMT', 'kWhRequested': 16.0}, {'userID': 1007, 'milesRequested': 40, 'WhPerMile': 400, 'minutesAvailable': 247, 'modifiedAt': 'Sat, 01 Jun 2019 01:01:03 GMT', 'paymentRequired': True, 'requestedDeparture': 'Fri, 31 May 2019 23:03:01 GMT', 'kWhRequested': 16.0}]",000001007,2_39_79_381_2019-05-31 18:56:00.522524,2-39-79-381,CA-490,0002,0039,2019-05-31 11:56:01-07:00,2019-05-31 18:01:06-07:00,3.239,2019-05-31 13:00:14-07:00,America/Los_Angeles
5d06df21f9af8b49d101c59c,"[{'userID': 850, 'milesRequested': 100, 'WhPerMile': 300, 'minutesAvailable': 720, 'modifiedAt': 'Fri, 31 May 2019 19:04:48 GMT', 'paymentRequired': True, 'requestedDeparture': 'Sat, 01 Jun 2019 07:03:42 GMT', 'kWhRequested': 30.0}]",000000850,2_39_90_440_2019-05-31 19:03:42.445922,2-39-90-440,CA-500,0002,0039,2019-05-31 12:03:42-07:00,2019-06-01 00:44:59-07:00,19.881,2019-05-31 15:16:28-07:00,America/Los_Angeles
5d06df21f9af8b49d101c59d,"[{'userID': 832, 'milesRequested': 100, 'WhPerMile': 300, 'minutesAvailable': 280, 'modifiedAt': 'Fri, 31 May 2019 19:09:09 GMT', 'paymentRequired': True, 'requestedDeparture': 'Fri, 31 May 2019 23:46:12 GMT', 'kWhRequested': 30.0}]",000000832,2_39_78_367_2019-05-31 19:06:11.791688,2-39-78-367,CA-494,0002,0039,2019-05-31 12:06:12-07:00,2019-05-31 16:51:38-07:00,23.451,2019-05-31 16:51:36-07:00,America/Los_Angeles
5d06df21f9af8b49d101c59e,"[{'userID': 1286, 'milesRequested': 180, 'WhPerMile': 250, 'minutesAvailable': 375, 'modifiedAt': 'Fri, 31 May 2019 19:51:59 GMT', 'paymentRequired': True, 'requestedDeparture': 'Sat, 01 Jun 2019 01:38:03 GMT', 'kWhRequested': 45.0}]",000001286,2_39_78_361_2019-05-31 19:23:02.802940,2-39-78-361,CA-493,0002,0039,2019-05-31 12:23:03-07:00,2019-05-31 17:16:43-07:00,12.629,2019-05-31 17:16:38-07:00,America/Los_Angeles
5d06df21f9af8b49d101c59f,"[{'userID': 562, 'milesRequested': 20, 'WhPerMile': 350, 'minutesAvailable': 211, 'modifiedAt': 'Fri, 31 May 2019 19:43:45 GMT', 'paymentRequired': True, 'requestedDeparture': 'Fri, 31 May 2019 23:14:01 GMT', 'kWhRequested': 7.0}]",000000562,2_39_92_436_2019-05-31 19:43:01.396683,2-39-92-436,CA-318,0002,0039,2019-05-31 12:43:01-07:00,2019-05-31 18:29:13-07:00,0.824,2019-05-31 13:01:36-07:00,America/Los_Angeles
5d06df21f9af8b49d101c5a0,,,2_39_95_444_2019-05-31 19:49:20.745389,2-39-95-444,CA-497,0002,0039,2019-05-31 12:49:21-07:00,2019-05-31 17:30:03-07:00,1.157,2019-05-31 15:52:24-07:00,America/Los_Angeles
5d06df21f9af8b49d101c5a1,"[{'userID': 560, 'milesRequested': 20, 'WhPerMile': 273, 'minutesAvailable': 249, 'modifiedAt': 'Fri, 31 May 2019 20:22:33 GMT', 'paymentRequired': True, 'requestedDeparture': 'Sat, 01 Jun 2019 00:31:07 GMT', 'kWhRequested': 5.46}]",000000560,2_39_79_382_2019-05-31 20:22:07.081114,2-39-79-382,CA-491,0002,0039,2019-05-31 13:22:07-07:00,2019-05-31 15:56:20-07:00,1.863,2019-05-31 14:17:48-07:00,America/Los_Angeles
5d06df21f9af8b49d101c5a2,,,2_39_79_379_2019-05-31 21:35:02.327084,2-39-79-379,CA-327,0002,0039,2019-05-31 14:35:02-07:00,2019-05-31 15:16:01-07:00,0.9096419444444445,2019-05-31 15:15:45-07:00,America/Los_Angeles
5d06df21f9af8b49d101c5a3,"[{'userID': 1093, 'milesRequested': 30, 'WhPerMile': 333, 'minutesAvailable': 282, 'modifiedAt': 'Fri, 31 May 2019 22:13:01 GMT', 'paymentRequired': True, 'requestedDeparture': 'Sat, 01 Jun 2019 02:54:41 GMT', 'kWhRequested': 9.99}]",000001093,2_39_79_376_2019-05-31 22:12:41.349691,2-39-79-376,CA-324,0002,0039,2019-05-31 15:12:41-07:00,2019-05-31 15:47:02-07:00,1.061,2019-05-31 15:42:06-07:00,America/Los_Angeles
5d06df21f9af8b49d101c5a4,"[{'userID': 431, 'milesRequested': 60, 'WhPerMile': 300, 'minutesAvailable': 149, 'modifiedAt': 'Fri, 31 May 2019 22:27:14 GMT', 'paymentRequired': True, 'requestedDeparture': 'Sat, 01 Jun 2019 00:55:39 GMT', 'kWhRequested': 18.0}]",000000431,2_39_78_360_2019-05-31 22:26:38.722885,2-39-78-360,CA-322,0002,0039,2019-05-31 15:26:39-07:00,2019-05-31 17:24:47-07:00,5.933,2019-05-31 17:24:47-07:00,America/Los_Angeles
5d06df21f9af8b49d101c5a5,"[{'userID': 2192, 'milesRequested': 20, 'WhPerMile': 600, 'minutesAvailable': 118, 'modifiedAt': 'Fri, 31 May 2019 22:43:36 GMT', 'paymentRequired': True, 'requestedDeparture': 'Sat, 01 Jun 2019 00:39:51 GMT', 'kWhRequested': 12.0}]",000002192,2_39_139_28_2019-05-31 22:41:51.375865,2-39-139-28,CA-303,0002,0039,2019-05-31 15:41:51-07:00,2019-05-31 16:54:06-07:00,7.884,2019-05-31 16:54:02-07:00,America/Los_Angeles
